Date,Prob_State0,Prob_State1,Prob_State2
04-01-2016,1,0,3.00E-197
05-01-2016,0.999998026,2.44E-12,1.97E-06
06-01-2016,0.999998823,1.63E-15,1.18E-06
07-01-2016,0.999995462,4.94E-28,4.54E-06
08-01-2016,0.999999044,9.71E-38,9.56E-07
11-01-2016,0.999999769,2.58E-43,2.31E-07
12-01-2016,0.999999762,6.69E-43,2.38E-07
13-01-2016,0.999999654,2.37E-52,3.46E-07
14-01-2016,0.9999996,2.20E-58,4.00E-07
15-01-2016,0.999999527,2.42E-58,4.73E-07
19-01-2016,0.99999991,1.34E-69,9.03E-08
20-01-2016,0.999999951,8.95E-78,4.90E-08
21-01-2016,0.999999972,8.62E-86,2.81E-08
22-01-2016,0.999999905,7.72E-80,9.50E-08
25-01-2016,0.99999996,3.44E-69,4.01E-08
26-01-2016,0.999999964,1.73E-77,3.62E-08
27-01-2016,0.999999989,1.36E-72,1.14E-08
28-01-2016,0.999999993,9.79E-83,7.30E-09
29-01-2016,0.999999733,2.83E-75,2.67E-07
01-02-2016,0.999999846,3.25E-53,1.54E-07
02-02-2016,0.999999883,3.30E-65,1.17E-07
03-02-2016,0.99999994,3.31E-67,6.01E-08
04-02-2016,0.999999914,4.59E-64,8.61E-08
05-02-2016,0.999999935,1.14E-75,6.47E-08
08-02-2016,0.999999992,2.00E-91,7.99E-09
09-02-2016,0.999999994,2.41E-98,5.79E-09
10-02-2016,0.999999996,8.59E-104,3.79E-09
11-02-2016,0.999999997,2.58E-114,2.63E-09
12-02-2016,0.999999995,5.53E-119,5.24E-09
16-02-2016,0.999999971,6.96E-90,2.91E-08
17-02-2016,0.999999899,2.60E-68,1.01E-07
18-02-2016,0.999999958,2.02E-57,4.18E-08
19-02-2016,0.999999977,1.16E-61,2.31E-08
22-02-2016,0.999999829,8.26E-61,1.71E-07
23-02-2016,0.999999944,4.09E-54,5.64E-08
24-02-2016,0.999999968,3.02E-59,3.21E-08
25-02-2016,0.999999898,3.10E-54,1.02E-07
26-02-2016,0.999999852,1.07E-45,1.48E-07
29-02-2016,0.999999923,1.61E-51,7.69E-08
01-03-2016,0.999999152,9.76E-50,8.48E-07
02-03-2016,0.999999372,7.66E-31,6.28E-07
03-03-2016,0.999999569,1.87E-27,4.31E-07
04-03-2016,0.999999173,2.05E-25,8.27E-07
07-03-2016,0.999998817,2.70E-24,1.18E-06
08-03-2016,0.999999772,3.09E-27,2.28E-07
09-03-2016,0.999999806,2.51E-26,1.94E-07
10-03-2016,0.999999805,1.20E-24,1.95E-07
11-03-2016,0.999997959,7.13E-23,2.04E-06
14-03-2016,0.999998822,1.74E-14,1.18E-06
15-03-2016,0.999999097,2.64E-15,9.03E-07
16-03-2016,0.999999387,2.05E-15,6.13E-07
17-03-2016,0.999999204,2.99E-12,7.96E-07
18-03-2016,0.999999084,6.84E-10,9.15E-07
21-03-2016,0.999999002,5.12E-09,9.93E-07
22-03-2016,0.999998914,1.35E-08,1.07E-06
23-03-2016,0.99999979,3.46E-09,2.07E-07
24-03-2016,0.999999853,5.36E-10,1.46E-07
28-03-2016,0.999999626,1.94E-09,3.72E-07
29-03-2016,0.999999154,2.94E-08,8.17E-07
30-03-2016,0.998887627,0.001110638,1.74E-06
31-03-2016,0.977775347,0.02222465,3.34E-09
01-04-2016,0.970805585,0.029194409,5.74E-09
04-04-2016,0.968426411,0.031573581,7.76E-09
05-04-2016,0.993670143,0.006328499,1.36E-06
06-04-2016,0.99574498,0.004254861,1.58E-07
07-04-2016,0.995224955,0.004771344,3.70E-06
08-04-2016,0.9913106,0.008682692,6.71E-06
11-04-2016,0.955555177,0.044400596,4.42E-05
12-04-2016,0.740346389,0.259347344,0.000306267
13-04-2016,0.036451842,0.963518912,2.92E-05
14-04-2016,0.000199809,0.999799858,3.33E-07
15-04-2016,3.41E-06,0.99999654,5.03E-08
18-04-2016,9.59E-07,0.999999036,4.90E-09
19-04-2016,9.43E-07,0.999999031,2.65E-08
20-04-2016,9.45E-07,0.999999042,1.30E-08
21-04-2016,1.67E-06,0.999998315,1.66E-08
22-04-2016,1.83E-07,0.999999817,7.49E-12
25-04-2016,1.65E-07,0.999999835,8.59E-12
26-04-2016,1.69E-07,0.999999831,9.71E-12
27-04-2016,5.49E-09,0.999999995,8.98E-16
28-04-2016,4.31E-08,0.999999957,3.90E-14
29-04-2016,7.59E-08,0.999999924,1.79E-14
02-05-2016,8.13E-08,0.999999919,1.60E-14
03-05-2016,2.14E-08,0.999999979,9.42E-16
04-05-2016,9.72E-08,0.999999903,5.04E-16
05-05-2016,8.88E-08,0.999999911,1.96E-17
06-05-2016,6.55E-08,0.999999934,2.46E-18
09-05-2016,1.62E-08,0.999999984,5.20E-19
10-05-2016,9.95E-08,0.9999999,4.64E-16
11-05-2016,1.62E-09,0.999999998,5.48E-19
12-05-2016,1.04E-10,1,7.95E-23
13-05-2016,4.08E-10,1,6.86E-23
16-05-2016,6.35E-08,0.999999936,2.04E-17
17-05-2016,4.21E-08,0.999999958,5.31E-17
18-05-2016,1.47E-07,0.999999853,1.52E-16
19-05-2016,6.33E-07,0.999999367,9.26E-16
20-05-2016,3.01E-06,0.999996992,1.59E-14
23-05-2016,1.38E-05,0.999986197,6.39E-11
24-05-2016,3.45E-05,0.999965534,4.47E-09
25-05-2016,1.12E-06,0.99999888,4.78E-10
26-05-2016,1.19E-06,0.999998811,3.17E-09
27-05-2016,5.77E-07,0.999999423,2.01E-10
31-05-2016,3.09E-07,0.999999691,6.70E-11
01-06-2016,2.54E-07,0.999999746,7.86E-11
02-06-2016,6.86E-07,0.999999312,1.09E-09
03-06-2016,9.14E-07,0.999999085,9.01E-10
06-06-2016,8.19E-07,0.999999179,1.53E-09
07-06-2016,6.51E-07,0.999999346,2.14E-09
08-06-2016,8.13E-07,0.999999184,3.39E-09
09-06-2016,4.74E-07,0.999999525,1.67E-09
10-06-2016,8.32E-07,0.999999155,1.32E-08
13-06-2016,5.39E-07,0.999997717,1.74E-06
14-06-2016,2.56E-06,0.999994485,2.95E-06
15-06-2016,7.26E-06,0.99999029,2.45E-06
16-06-2016,8.08E-06,0.999990197,1.72E-06
17-06-2016,1.08E-05,0.999987828,1.36E-06
20-06-2016,1.27E-05,0.999986408,9.26E-07
21-06-2016,7.88E-07,0.999999142,6.98E-08
22-06-2016,1.07E-07,0.999996208,3.68E-06
23-06-2016,3.39E-05,0.999405838,0.000560295
24-06-2016,8.40E-14,2.28E-10,1
27-06-2016,4.20E-06,5.07E-13,0.999995795
28-06-2016,0.000138588,2.99E-14,0.999861412
29-06-2016,0.000141656,1.02E-08,0.999858334
30-06-2016,8.45E-05,1.78E-06,0.999913751
01-07-2016,3.95E-05,1.73E-06,0.999958798
05-07-2016,1.57E-05,5.58E-07,0.999983752
06-07-2016,8.19E-06,1.30E-06,0.999990508
07-07-2016,3.87E-06,6.74E-07,0.999995451
08-07-2016,7.37E-07,2.92E-08,0.999999233
11-07-2016,6.42E-07,1.56E-07,0.999999202
12-07-2016,7.95E-08,2.47E-07,0.999999673
13-07-2016,3.49E-08,1.43E-07,0.999999822
14-07-2016,8.79E-09,8.02E-08,0.999999911
15-07-2016,1.31E-08,7.38E-08,0.999999913
18-07-2016,1.92E-08,1.44E-07,0.999999837
19-07-2016,2.88E-08,1.83E-07,0.999999789
20-07-2016,5.19E-08,1.66E-07,0.999999782
21-07-2016,2.60E-07,1.03E-06,0.99999871
22-07-2016,1.22E-06,0.000160449,0.999838336
25-07-2016,6.34E-05,0.02166435,0.978272268
26-07-2016,0.000485924,0.999312542,0.000201534
27-07-2016,8.25E-09,0.999999992,1.95E-17
28-07-2016,4.52E-10,1,5.65E-19
29-07-2016,8.06E-10,0.999999999,7.57E-19
01-08-2016,5.29E-10,0.999999999,1.17E-18
02-08-2016,4.95E-09,0.999999995,5.95E-16
03-08-2016,3.75E-09,0.999999996,3.61E-16
04-08-2016,5.52E-09,0.999999994,4.41E-15
05-08-2016,5.11E-08,0.999999949,9.75E-14
08-08-2016,9.88E-08,0.999999901,1.03E-12
09-08-2016,9.61E-08,0.999999904,3.42E-12
10-08-2016,2.49E-07,0.999999751,1.27E-10
11-08-2016,1.82E-07,0.999999818,3.38E-11
12-08-2016,1.90E-07,0.99999981,1.77E-11
15-08-2016,8.24E-08,0.999999918,4.73E-12
16-08-2016,7.92E-08,0.999999921,3.39E-12
17-08-2016,4.14E-08,0.999999959,6.90E-14
18-08-2016,4.30E-08,0.999999957,1.45E-14
19-08-2016,1.40E-08,0.999999986,1.34E-16
22-08-2016,7.37E-09,0.999999993,4.76E-17
23-08-2016,3.61E-09,0.999999996,2.07E-18
24-08-2016,2.60E-09,0.999999997,1.30E-18
25-08-2016,9.46E-07,0.999999053,1.42E-09
26-08-2016,1.25E-06,0.999998741,4.04E-09
29-08-2016,1.40E-06,0.999998594,3.80E-09
30-08-2016,9.03E-07,0.999999059,3.75E-08
31-08-2016,8.95E-07,0.999999085,1.96E-08
01-09-2016,7.26E-07,0.999999268,6.74E-09
02-09-2016,1.05E-06,0.999998946,7.40E-09
06-09-2016,9.07E-07,0.999999093,3.15E-11
07-09-2016,1.29E-06,0.999998712,4.66E-11
08-09-2016,3.45E-05,0.999964976,4.81E-07
09-09-2016,3.77E-08,0.139619886,0.860380076
12-09-2016,0.001362862,0.476051599,0.52258554
13-09-2016,0.022872745,0.934744306,0.042382949
14-09-2016,0.018383821,0.981332268,0.000283911
15-09-2016,0.008856313,0.991107906,3.58E-05
16-09-2016,0.002389795,0.997605619,4.59E-06
19-09-2016,0.000667721,0.999326234,6.04E-06
20-09-2016,0.000179287,0.999813099,7.61E-06
21-09-2016,9.00E-05,0.999901761,8.29E-06
22-09-2016,8.29E-06,0.999990452,1.26E-06
23-09-2016,1.40E-05,0.99998124,4.76E-06
26-09-2016,5.53E-05,0.999934723,9.95E-06
27-09-2016,4.33E-05,0.999953609,3.14E-06
28-09-2016,1.96E-05,0.999978604,1.80E-06
29-09-2016,7.17E-05,0.99991614,1.22E-05
30-09-2016,2.89E-05,0.999967321,3.77E-06
03-10-2016,1.56E-05,0.999982957,1.48E-06
04-10-2016,4.28E-05,0.999955141,2.09E-06
05-10-2016,2.41E-05,0.999975335,5.52E-07
06-10-2016,7.56E-06,0.99999228,1.62E-07
07-10-2016,7.37E-06,0.999992437,1.90E-07
10-10-2016,1.40E-06,0.999998599,3.00E-10
11-10-2016,9.31E-06,0.999990691,4.30E-10
12-10-2016,5.48E-05,0.999945209,1.88E-08
13-10-2016,0.0002079,0.999791529,5.70E-07
14-10-2016,0.000542471,0.999457454,7.49E-08
17-10-2016,0.001051457,0.998948247,2.96E-07
18-10-2016,0.000909269,0.999090474,2.57E-07
19-10-2016,0.000180339,0.999819639,2.26E-08
20-10-2016,6.60E-05,0.999933925,1.21E-07
21-10-2016,1.53E-05,0.999984745,4.67E-11
24-10-2016,6.30E-06,0.999993702,7.36E-11
25-10-2016,1.77E-05,0.999982272,3.87E-11
26-10-2016,0.000601295,0.999398704,1.74E-10
27-10-2016,0.011044498,0.988955496,6.15E-09
28-10-2016,0.065354609,0.934645388,2.75E-09
31-10-2016,0.279386036,0.720613926,3.81E-08
01-11-2016,0.901150354,0.098848874,7.73E-07
02-11-2016,0.999907709,9.22E-05,7.47E-08
03-11-2016,0.999999951,6.84E-09,4.26E-08
04-11-2016,0.99999994,4.06E-10,5.95E-08
07-11-2016,0.999754493,0.000105243,0.000140264
08-11-2016,0.000968976,0.99903093,9.42E-08
09-11-2016,2.99E-07,0.999999701,4.40E-10
10-11-2016,5.60E-09,0.999999994,6.44E-11
11-11-2016,6.36E-09,0.999999994,3.88E-11
14-11-2016,4.49E-09,0.999999995,2.28E-11
15-11-2016,4.66E-08,0.999999953,3.27E-10
16-11-2016,1.07E-08,0.999999989,3.87E-11
17-11-2016,1.32E-08,0.999999987,3.31E-11
18-11-2016,2.25E-08,0.999999977,5.08E-11
21-11-2016,1.78E-07,0.999999818,3.24E-09
22-11-2016,1.16E-07,0.999999881,2.89E-09
23-11-2016,1.41E-07,0.999999855,4.11E-09
25-11-2016,2.18E-07,0.999999779,3.71E-09
28-11-2016,3.31E-07,0.999999665,3.41E-09
29-11-2016,1.70E-07,0.999999829,1.01E-09
30-11-2016,2.14E-07,0.999999784,1.67E-09
01-12-2016,1.17E-07,0.999999882,1.85E-09
02-12-2016,3.11E-08,0.999999968,1.05E-09
05-12-2016,3.88E-08,0.999999961,3.28E-10
06-12-2016,2.36E-08,0.999999976,1.17E-10
07-12-2016,4.97E-06,0.999995026,5.83E-10
08-12-2016,2.06E-07,0.999999794,1.40E-11
09-12-2016,9.13E-07,0.999999086,6.34E-10
12-12-2016,4.49E-07,0.99999955,7.80E-10
13-12-2016,1.16E-06,0.999998833,8.80E-09
14-12-2016,3.21E-06,0.999996779,9.99E-09
15-12-2016,8.88E-07,0.999999112,6.72E-10
16-12-2016,1.22E-06,0.999998771,9.18E-09
19-12-2016,1.07E-06,0.999998924,9.31E-09
20-12-2016,1.25E-06,0.999998737,1.20E-08
21-12-2016,1.37E-06,0.999998627,5.81E-09
22-12-2016,1.08E-06,0.999998919,4.10E-09
23-12-2016,8.77E-07,0.99999912,2.97E-09
27-12-2016,8.08E-07,0.999999189,3.09E-09
28-12-2016,2.84E-06,0.999997152,1.30E-08
29-12-2016,1.13E-06,0.999998862,5.68E-09
30-12-2016,1.75E-06,0.999998244,9.47E-09
03-01-2017,1.90E-06,0.999998093,3.18E-09
04-01-2017,1.05E-06,0.999998947,1.10E-09
05-01-2017,1.43E-06,0.999998557,1.39E-08
06-01-2017,1.06E-06,0.99999892,1.93E-08
09-01-2017,1.31E-06,0.999998685,4.36E-09
10-01-2017,1.08E-06,0.999998907,7.93E-09
11-01-2017,1.04E-06,0.999998954,1.73E-09
12-01-2017,1.33E-06,0.999998663,6.98E-09
13-01-2017,7.95E-07,0.999999205,2.52E-10
17-01-2017,6.75E-07,0.999999325,2.60E-11
18-01-2017,5.66E-07,0.999999434,2.75E-11
19-01-2017,6.85E-07,0.999999315,4.41E-11
20-01-2017,8.63E-07,0.999999136,1.52E-10
23-01-2017,6.99E-07,0.999999301,6.04E-11
24-01-2017,8.20E-07,0.99999918,3.87E-11
25-01-2017,2.17E-06,0.999997834,5.09E-10
26-01-2017,6.51E-07,0.999999349,4.41E-11
27-01-2017,1.08E-07,0.999999892,4.72E-14
30-01-2017,1.14E-07,0.999999886,6.07E-14
31-01-2017,8.43E-08,0.999999916,4.64E-14
01-02-2017,8.80E-13,1,3.30E-28
02-02-2017,1.26E-12,1,6.20E-28
03-02-2017,9.76E-12,1,1.06E-25
06-02-2017,4.14E-12,1,5.34E-26
07-02-2017,8.67E-13,1,1.85E-27
08-02-2017,1.51E-12,1,4.34E-27
09-02-2017,1.01E-11,1,1.43E-25
10-02-2017,4.09E-12,1,2.14E-26
13-02-2017,4.91E-12,1,1.50E-26
14-02-2017,8.55E-12,1,5.93E-26
15-02-2017,8.36E-12,1,1.12E-25
16-02-2017,5.78E-12,1,1.04E-25
17-02-2017,2.39E-12,1,5.50E-27
21-02-2017,4.54E-12,1,6.92E-27
22-02-2017,2.79E-12,1,1.07E-26
23-02-2017,4.04E-12,1,1.63E-26
24-02-2017,3.26E-12,1,3.14E-27
27-02-2017,9.07E-12,1,8.75E-26
28-02-2017,3.36E-10,1,2.76E-21
01-03-2017,3.73E-09,0.999999996,3.04E-18
02-03-2017,7.49E-09,0.999999993,3.45E-17
03-03-2017,2.24E-07,0.999999753,2.28E-08
06-03-2017,4.22E-07,0.999999552,2.58E-08
07-03-2017,2.45E-07,0.999999732,2.35E-08
08-03-2017,4.10E-07,0.999999575,1.47E-08
09-03-2017,2.96E-07,0.999999671,3.21E-08
10-03-2017,2.94E-07,0.999999679,2.71E-08
13-03-2017,1.20E-07,0.999999868,1.22E-08
14-03-2017,1.65E-07,0.999999804,3.11E-08
15-03-2017,1.63E-07,0.99999979,4.72E-08
16-03-2017,5.37E-08,0.999999916,3.00E-08
17-03-2017,2.04E-08,0.999999962,1.79E-08
20-03-2017,2.60E-08,0.999999965,9.42E-09
21-03-2017,1.87E-05,0.999979882,1.40E-06
22-03-2017,8.55E-06,0.999986269,5.18E-06
23-03-2017,5.37E-06,0.999992613,2.02E-06
24-03-2017,4.36E-06,0.999993962,1.68E-06
27-03-2017,4.39E-06,0.999993656,1.96E-06
28-03-2017,3.08E-06,0.999995893,1.03E-06
29-03-2017,6.64E-07,0.999999165,1.71E-07
30-03-2017,1.92E-06,0.999997999,7.93E-08
31-03-2017,2.25E-06,0.999997716,3.56E-08
03-04-2017,3.35E-06,0.999996619,3.51E-08
04-04-2017,3.72E-06,0.999996232,4.82E-08
05-04-2017,6.34E-06,0.999993532,1.24E-07
06-04-2017,5.18E-06,0.999994233,5.88E-07
07-04-2017,3.77E-06,0.99999576,4.69E-07
10-04-2017,4.66E-06,0.999994649,6.93E-07
11-04-2017,8.81E-06,0.999990342,8.51E-07
12-04-2017,9.83E-05,0.999898861,2.88E-06
13-04-2017,0.000615536,0.99932577,5.87E-05
17-04-2017,0.000574603,0.99940826,1.71E-05
18-04-2017,0.000110449,0.99988799,1.56E-06
19-04-2017,6.06E-05,0.999934507,4.89E-06
20-04-2017,6.33E-06,0.999992367,1.30E-06
21-04-2017,1.07E-06,0.999998925,3.98E-09
24-04-2017,7.12E-07,0.999999254,3.47E-08
25-04-2017,4.54E-07,0.999999527,1.88E-08
26-04-2017,6.33E-07,0.999999337,2.97E-08
27-04-2017,2.25E-07,0.999999716,5.90E-08
28-04-2017,1.73E-07,0.999999792,3.48E-08
01-05-2017,1.08E-07,0.999999871,2.13E-08
02-05-2017,1.99E-07,0.999999785,1.63E-08
03-05-2017,1.89E-07,0.999999796,1.53E-08
04-05-2017,1.77E-07,0.999999806,1.74E-08
05-05-2017,2.83E-07,0.999999712,5.46E-09
08-05-2017,1.69E-07,0.999999831,1.75E-10
09-05-2017,1.63E-07,0.999999837,9.85E-11
10-05-2017,1.62E-07,0.999999838,5.51E-11
11-05-2017,1.07E-07,0.999999893,4.39E-12
12-05-2017,4.28E-08,0.999999957,4.10E-13
15-05-2017,1.08E-08,0.999999989,6.35E-15
16-05-2017,1.09E-09,0.999999999,2.59E-17
17-05-2017,2.47E-05,0.999962202,1.31E-05
18-05-2017,0.000105646,0.999874467,1.99E-05
19-05-2017,1.16E-05,0.999986163,2.25E-06
22-05-2017,1.77E-06,0.999990411,7.82E-06
23-05-2017,1.22E-07,0.999964227,3.57E-05
24-05-2017,1.98E-08,0.999979074,2.09E-05
25-05-2017,5.54E-09,0.999994181,5.81E-06
26-05-2017,6.44E-09,0.999995275,4.72E-06
30-05-2017,2.64E-09,0.999996715,3.28E-06
31-05-2017,3.79E-09,0.999998056,1.94E-06
01-06-2017,1.32E-08,0.9999992,7.87E-07
02-06-2017,3.99E-09,0.999999366,6.30E-07
05-06-2017,5.57E-09,0.999999704,2.90E-07
06-06-2017,1.53E-08,0.999999879,1.06E-07
07-06-2017,1.19E-08,0.999999293,6.95E-07
08-06-2017,8.79E-09,0.999998963,1.03E-06
09-06-2017,1.53E-08,0.999999276,7.09E-07
12-06-2017,8.68E-09,0.999998284,1.71E-06
13-06-2017,5.45E-09,0.999991251,8.74E-06
14-06-2017,6.46E-09,0.999992894,7.10E-06
15-06-2017,6.24E-09,0.999991001,8.99E-06
16-06-2017,6.67E-07,0.99999932,1.31E-08
19-06-2017,6.40E-07,0.999999307,5.28E-08
20-06-2017,1.55E-06,0.999998305,1.45E-07
21-06-2017,9.27E-07,0.99999897,1.03E-07
22-06-2017,6.71E-07,0.999999238,9.03E-08
23-06-2017,4.62E-07,0.999999477,6.10E-08
26-06-2017,3.40E-07,0.999999631,2.96E-08
27-06-2017,2.98E-06,0.999996834,1.85E-07
28-06-2017,1.90E-06,0.999997583,5.15E-07
29-06-2017,5.54E-06,0.999993237,1.22E-06
30-06-2017,4.83E-06,0.999991171,4.00E-06
03-07-2017,3.43E-06,0.999995395,1.18E-06
05-07-2017,1.71E-06,0.999997682,6.10E-07
06-07-2017,1.05E-05,0.999987261,2.25E-06
07-07-2017,5.21E-05,0.999801408,0.000146485
10-07-2017,2.59E-05,0.999917055,5.70E-05
11-07-2017,3.87E-06,0.999984443,1.17E-05
12-07-2017,9.69E-07,0.99999645,2.58E-06
13-07-2017,1.18E-06,0.999996579,2.24E-06
14-07-2017,3.94E-07,0.999998881,7.25E-07
17-07-2017,5.62E-07,0.999998764,6.74E-07
18-07-2017,2.42E-07,0.999999425,3.33E-07
19-07-2017,1.34E-07,0.999999562,3.04E-07
20-07-2017,1.76E-07,0.999999443,3.82E-07
21-07-2017,1.96E-07,0.999999427,3.77E-07
24-07-2017,2.73E-07,0.999999392,3.35E-07
25-07-2017,2.91E-07,0.999999303,4.07E-07
26-07-2017,3.61E-07,0.999999196,4.43E-07
27-07-2017,9.41E-07,0.999998692,3.67E-07
28-07-2017,5.97E-07,0.999998954,4.49E-07
31-07-2017,1.24E-06,0.999998677,7.80E-08
01-08-2017,1.37E-06,0.999998572,6.25E-08
02-08-2017,6.52E-07,0.999999348,3.39E-11
03-08-2017,1.08E-06,0.999998925,9.30E-11
04-08-2017,4.81E-08,0.999999952,1.60E-12
07-08-2017,1.65E-08,0.999999984,1.31E-13
08-08-2017,1.89E-08,0.999999981,2.38E-14
09-08-2017,1.75E-08,0.999999983,9.79E-14
10-08-2017,1.44E-07,0.99907038,0.000929476
11-08-2017,0.001313232,0.995906213,0.002780555
14-08-2017,0.006452156,0.993414501,0.000133343
15-08-2017,0.010357427,0.989625771,1.68E-05
16-08-2017,0.018511697,0.981464615,2.37E-05
17-08-2017,0.158574085,0.835375631,0.006050284
18-08-2017,0.964294564,0.00068643,0.035019006
21-08-2017,0.976857811,2.13E-06,0.02314006
22-08-2017,0.986710585,0.000130473,0.013158942
23-08-2017,0.990803147,0.001693538,0.007503315
24-08-2017,0.972953878,0.021109308,0.005936815
25-08-2017,0.736727977,0.259086232,0.004185791
28-08-2017,0.217960443,0.781306568,0.000732989
29-08-2017,0.018614422,0.981348866,3.67E-05
30-08-2017,0.000912461,0.999084575,2.96E-06
31-08-2017,9.44E-06,0.999983379,7.18E-06
01-09-2017,1.27E-06,0.999991339,7.40E-06
05-09-2017,2.54E-06,0.999993496,3.96E-06
06-09-2017,8.56E-06,0.999966142,2.53E-05
07-09-2017,3.75E-06,0.999988424,7.82E-06
08-09-2017,1.03E-06,0.999997632,1.34E-06
11-09-2017,2.14E-06,0.999995845,2.01E-06
12-09-2017,1.08E-06,0.999997976,9.41E-07
13-09-2017,1.22E-06,0.999998314,4.62E-07
14-09-2017,7.17E-07,0.999998871,4.12E-07
15-09-2017,4.76E-07,0.999999197,3.27E-07
18-09-2017,5.11E-07,0.999999482,6.29E-09
19-09-2017,6.48E-07,0.999999345,6.56E-09
20-09-2017,7.46E-07,0.999999246,7.84E-09
21-09-2017,1.13E-06,0.999998865,4.15E-09
22-09-2017,8.43E-07,0.99999915,6.87E-09
25-09-2017,1.03E-06,0.99999896,1.38E-08
26-09-2017,8.64E-07,0.999999132,3.43E-09
27-09-2017,1.34E-06,0.999998645,1.83E-08
28-09-2017,1.45E-06,0.99999853,2.48E-08
29-09-2017,2.07E-06,0.999997901,3.36E-08
02-10-2017,3.63E-06,0.999996339,2.58E-08
03-10-2017,3.55E-06,0.999996414,3.92E-08
04-10-2017,8.41E-08,0.999999904,1.23E-08
05-10-2017,6.66E-07,0.999999084,2.49E-07
06-10-2017,2.31E-07,0.999999603,1.67E-07
09-10-2017,2.68E-07,0.99999969,4.26E-08
10-10-2017,3.04E-06,0.999996915,4.42E-08
11-10-2017,3.00E-06,0.99999694,6.33E-08
12-10-2017,4.03E-06,0.999995945,2.53E-08
13-10-2017,2.69E-06,0.999997299,9.46E-09
16-10-2017,3.39E-06,0.999996608,3.29E-09
17-10-2017,3.62E-06,0.999996376,5.15E-09
18-10-2017,5.96E-06,0.999994031,7.52E-09
19-10-2017,6.83E-06,0.99999317,6.71E-10
20-10-2017,1.33E-05,0.9999867,2.95E-11
23-10-2017,5.72E-06,0.999994282,9.95E-12
24-10-2017,1.67E-07,0.999999833,2.15E-15
25-10-2017,1.44E-06,0.999998556,2.03E-12
26-10-2017,2.93E-07,0.999999707,5.00E-14
27-10-2017,2.54E-06,0.999997418,4.46E-08
30-10-2017,1.21E-06,0.999998792,6.34E-10
31-10-2017,7.04E-07,0.999999295,3.83E-10
01-11-2017,7.27E-07,0.999999273,3.96E-10
02-11-2017,7.33E-07,0.999999267,4.46E-10
03-11-2017,7.32E-07,0.999999268,1.17E-10
06-11-2017,1.04E-06,0.999998963,1.21E-10
07-11-2017,1.41E-06,0.999998587,2.03E-10
08-11-2017,1.18E-06,0.999998822,2.63E-10
09-11-2017,1.53E-06,0.999998474,5.13E-10
10-11-2017,1.05E-06,0.999998947,9.82E-10
13-11-2017,9.84E-07,0.999999015,8.21E-10
14-11-2017,8.17E-07,0.999999182,8.60E-10
15-11-2017,1.56E-06,0.999998437,4.74E-09
16-11-2017,5.93E-06,0.999994052,1.74E-08
17-11-2017,4.71E-06,0.999995193,1.01E-07
20-11-2017,3.20E-06,0.999996572,2.23E-07
21-11-2017,1.12E-06,0.999998797,8.38E-08
22-11-2017,1.24E-06,0.999998697,6.66E-08
24-11-2017,5.55E-07,0.999999428,1.68E-08
27-11-2017,4.74E-07,0.999999517,8.41E-09
28-11-2017,8.21E-08,0.999999918,9.22E-14
29-11-2017,1.28E-07,0.999999872,2.70E-11
30-11-2017,9.30E-07,0.999999068,2.23E-09
01-12-2017,3.47E-07,0.999999652,1.01E-09
04-12-2017,1.84E-07,0.999999816,1.18E-10
05-12-2017,1.38E-07,0.999999862,7.55E-11
06-12-2017,8.90E-08,0.999999911,6.74E-11
07-12-2017,9.04E-08,0.99999991,4.10E-11
08-12-2017,1.71E-07,0.999999829,6.90E-11
11-12-2017,2.15E-07,0.999999785,1.05E-10
12-12-2017,2.92E-07,0.999999708,7.76E-11
13-12-2017,3.22E-07,0.999999678,6.49E-11
14-12-2017,3.78E-07,0.999999622,7.25E-11
15-12-2017,3.81E-07,0.999999619,2.46E-10
18-12-2017,2.79E-07,0.999999721,5.85E-11
19-12-2017,3.61E-07,0.999999639,8.23E-11
20-12-2017,2.23E-07,0.999999777,1.25E-10
21-12-2017,1.63E-07,0.999999837,3.00E-11
22-12-2017,2.18E-07,0.999999782,9.64E-11
26-12-2017,1.48E-07,0.999999852,3.81E-11
27-12-2017,1.47E-07,0.999999853,4.07E-11
28-12-2017,2.70E-07,0.99999973,4.19E-10
29-12-2017,3.35E-07,0.999999665,1.68E-10
02-01-2018,6.21E-07,0.999999378,3.97E-10
03-01-2018,4.16E-07,0.999999584,1.12E-10
04-01-2018,5.32E-07,0.999999467,1.75E-10
05-01-2018,1.02E-06,0.999998978,1.96E-09
08-01-2018,1.02E-06,0.999998978,6.29E-09
09-01-2018,1.18E-06,0.999998811,7.56E-09
10-01-2018,1.04E-06,0.999998948,1.15E-08
11-01-2018,2.01E-06,0.999997973,1.29E-08
12-01-2018,2.44E-06,0.999997514,4.26E-08
16-01-2018,1.52E-06,0.999998436,4.24E-08
17-01-2018,1.53E-06,0.999998174,2.95E-07
18-01-2018,9.17E-07,0.999998995,8.75E-08
19-01-2018,4.64E-07,0.999999425,1.11E-07
22-01-2018,2.66E-06,0.999997289,5.02E-08
23-01-2018,1.35E-06,0.99999863,2.38E-08
24-01-2018,1.41E-06,0.999998556,3.33E-08
25-01-2018,4.30E-06,0.999995682,2.17E-08
26-01-2018,0.000264298,0.999735443,2.58E-07
29-01-2018,0.001433852,0.998565413,7.35E-07
30-01-2018,0.059479906,0.94048368,3.64E-05
31-01-2018,0.979222034,0.0065874,0.014190566
01-02-2018,0.976591546,0.004845677,0.018562777
02-02-2018,0.358851003,1.25E-06,0.641147752
05-02-2018,6.17E-08,2.95E-33,0.999999938
06-02-2018,5.59E-08,4.46E-30,0.999999944
07-02-2018,3.86E-06,4.41E-24,0.999996138
08-02-2018,9.21E-09,5.13E-49,0.999999991
09-02-2018,1.53E-08,4.11E-60,0.999999985
12-02-2018,1.66E-08,9.61E-48,0.999999983
13-02-2018,7.35E-09,3.86E-40,0.999999993
14-02-2018,5.03E-10,2.84E-40,0.999999999
15-02-2018,2.75E-10,9.39E-33,1
16-02-2018,2.06E-10,4.23E-30,1
20-02-2018,1.26E-10,3.77E-31,1
21-02-2018,1.39E-10,5.80E-34,1
22-02-2018,2.16E-10,8.17E-35,1
23-02-2018,1.64E-10,4.36E-32,1
26-02-2018,6.30E-10,3.40E-24,0.999999999
27-02-2018,9.57E-09,7.48E-23,0.99999999
28-02-2018,2.71E-07,7.88E-25,0.999999729
01-03-2018,4.76E-06,2.23E-29,0.999995237
02-03-2018,4.44E-05,2.30E-30,0.999955588
05-03-2018,0.000166761,9.58E-25,0.999833239
06-03-2018,0.00053447,2.21E-18,0.99946553
07-03-2018,0.004366959,2.23E-14,0.995633041
08-03-2018,0.006925514,1.37E-13,0.993074486
09-03-2018,0.010581134,1.49E-11,0.989418866
12-03-2018,0.060222429,1.15E-05,0.939766058
13-03-2018,0.059648766,1.30E-07,0.940351103
14-03-2018,0.040598668,6.57E-10,0.959401331
15-03-2018,0.013377378,7.34E-12,0.986622622
16-03-2018,0.001459174,3.88E-13,0.998540826
19-03-2018,4.56E-05,1.60E-17,0.999954354
20-03-2018,3.63E-06,2.88E-20,0.999996373
21-03-2018,1.90E-06,5.81E-21,0.999998101
22-03-2018,9.27E-07,3.96E-32,0.999999073
23-03-2018,4.80E-05,8.02E-48,0.999951977
26-03-2018,0.000946185,1.20E-50,0.999053815
27-03-2018,0.014360844,3.20E-40,0.985639156
28-03-2018,0.185487746,1.89E-46,0.814512254
29-03-2018,0.50108581,1.48E-44,0.49891419
02-04-2018,0.878826802,7.74E-48,0.121173198
03-04-2018,0.989621037,6.91E-54,0.010378963
04-04-2018,0.999505507,3.68E-43,0.000494493
05-04-2018,0.999976429,1.90E-35,2.36E-05
06-04-2018,0.999991807,1.25E-43,8.19E-06
09-04-2018,0.999998152,9.63E-50,1.85E-06
10-04-2018,0.999996656,1.12E-43,3.34E-06
11-04-2018,0.999996566,6.05E-37,3.43E-06
12-04-2018,0.999995431,3.87E-39,4.57E-06
13-04-2018,0.999992627,4.00E-37,7.37E-06
16-04-2018,0.99999164,2.44E-38,8.36E-06
17-04-2018,0.999977257,4.89E-32,2.27E-05
18-04-2018,0.999979422,9.35E-26,2.06E-05
19-04-2018,0.999987549,3.35E-28,1.25E-05
20-04-2018,0.99999328,8.89E-33,6.72E-06
23-04-2018,0.999997014,2.49E-34,2.99E-06
24-04-2018,0.999998931,2.85E-39,1.07E-06
25-04-2018,0.999999543,1.82E-42,4.57E-07
26-04-2018,0.99999854,6.27E-39,1.46E-06
27-04-2018,0.999998256,4.80E-33,1.74E-06
30-04-2018,0.999999857,9.20E-37,1.43E-07
01-05-2018,0.999999802,9.98E-39,1.98E-07
02-05-2018,0.999999997,2.41E-41,3.26E-09
03-05-2018,0.999999999,1.13E-45,1.12E-09
04-05-2018,0.999999987,5.11E-45,1.25E-08
07-05-2018,0.999999996,1.03E-33,3.80E-09
08-05-2018,0.999999993,1.01E-32,6.97E-09
09-05-2018,0.999999989,1.12E-30,1.07E-08
10-05-2018,0.999999962,3.21E-23,3.81E-08
11-05-2018,0.999999955,2.86E-18,4.46E-08
14-05-2018,0.99999994,3.66E-17,6.00E-08
15-05-2018,0.999999937,7.02E-19,6.29E-08
16-05-2018,0.999999985,1.45E-19,1.49E-08
17-05-2018,0.999999989,3.36E-18,1.07E-08
18-05-2018,0.999999998,3.61E-19,2.05E-09
21-05-2018,1,1.37E-17,3.77E-11
22-05-2018,1,6.21E-15,2.43E-11
23-05-2018,1,7.50E-14,2.36E-14
24-05-2018,1,1.27E-13,5.10E-14
25-05-2018,1,9.38E-15,5.36E-14
29-05-2018,1,6.40E-19,1.16E-12
30-05-2018,1,2.57E-19,2.17E-12
31-05-2018,1,2.00E-14,1.84E-12
01-06-2018,0.999999344,5.20E-16,6.56E-07
04-06-2018,0.999998789,2.45E-11,1.21E-06
05-06-2018,0.999997467,1.51E-09,2.53E-06
06-06-2018,0.999997485,9.79E-09,2.51E-06
07-06-2018,0.999996844,1.69E-06,1.46E-06
08-06-2018,0.99999722,2.51E-06,2.71E-07
11-06-2018,0.999983651,1.62E-05,1.04E-07
12-06-2018,0.99997048,2.94E-05,1.21E-07
13-06-2018,0.999983486,1.64E-05,1.55E-07
14-06-2018,0.999987794,1.21E-05,6.95E-08
15-06-2018,0.999980409,1.95E-05,1.06E-07
18-06-2018,0.999992485,7.46E-06,5.44E-08
19-06-2018,0.999999288,6.86E-07,2.65E-08
20-06-2018,0.999999228,7.58E-07,1.39E-08
21-06-2018,0.999999894,8.77E-08,1.88E-08
22-06-2018,0.999999954,3.59E-08,9.91E-09
25-06-2018,0.999999855,1.10E-11,1.45E-07
26-06-2018,0.999999869,3.90E-13,1.31E-07
27-06-2018,0.999999859,9.39E-15,1.41E-07
28-06-2018,0.999997933,8.55E-16,2.07E-06
29-06-2018,0.99999649,1.28E-13,3.51E-06
02-07-2018,0.999997384,3.43E-13,2.62E-06
03-07-2018,0.999999056,1.20E-13,9.44E-07
05-07-2018,0.999997908,3.08E-13,2.09E-06
06-07-2018,0.999915248,1.43E-06,8.33E-05
09-07-2018,0.950974002,0.047988941,0.001037058
10-07-2018,0.126873527,0.872937599,0.000188874
11-07-2018,0.049359444,0.950586133,5.44E-05
12-07-2018,0.012191563,0.987760822,4.76E-05
13-07-2018,0.000186,0.999812621,1.38E-06
16-07-2018,5.86E-06,0.999993403,7.34E-07
17-07-2018,1.43E-06,0.999997794,7.76E-07
18-07-2018,5.56E-07,0.999999082,3.61E-07
19-07-2018,1.06E-06,0.999998495,4.48E-07
20-07-2018,2.38E-06,0.999997195,4.25E-07
23-07-2018,2.24E-06,0.99999731,4.50E-07
24-07-2018,1.25E-06,0.999998442,3.05E-07
25-07-2018,1.91E-06,0.999997993,9.45E-08
26-07-2018,2.08E-06,0.999997816,1.07E-07
27-07-2018,2.00E-06,0.999997733,2.70E-07
30-07-2018,2.91E-06,0.999996745,3.48E-07
31-07-2018,1.90E-06,0.999997795,3.01E-07
01-08-2018,1.17E-06,0.999998827,1.47E-10
02-08-2018,9.06E-07,0.999999094,9.65E-11
03-08-2018,1.04E-06,0.999998962,1.55E-10
06-08-2018,1.12E-06,0.999998881,9.54E-11
07-08-2018,8.60E-07,0.99999914,4.06E-11
08-08-2018,1.18E-06,0.99999882,5.77E-11
09-08-2018,8.66E-07,0.999999134,1.39E-11
10-08-2018,9.79E-07,0.999999021,4.76E-12
13-08-2018,8.83E-07,0.999999117,4.43E-12
14-08-2018,8.47E-07,0.999999153,2.84E-12
15-08-2018,1.55E-06,0.999998452,8.32E-12
16-08-2018,1.01E-06,0.999998992,4.24E-12
17-08-2018,1.14E-06,0.999998857,7.41E-12
20-08-2018,2.44E-06,0.999997556,8.76E-11
21-08-2018,1.91E-06,0.999998094,1.47E-10
22-08-2018,1.69E-06,0.999998312,7.48E-11
23-08-2018,1.10E-06,0.999998902,2.62E-11
24-08-2018,5.47E-07,0.999999453,8.21E-12
27-08-2018,1.33E-07,0.999999867,7.51E-14
28-08-2018,4.19E-08,0.999999958,1.29E-15
29-08-2018,4.53E-08,0.999999955,5.63E-15
30-08-2018,6.65E-07,0.999999335,3.17E-11
31-08-2018,1.23E-07,0.999999877,1.25E-13
04-09-2018,1.46E-07,0.999999854,1.80E-13
05-09-2018,3.15E-07,0.999999685,2.73E-12
06-09-2018,4.76E-07,0.999999524,1.24E-11
07-09-2018,7.78E-07,0.999999222,3.58E-11
10-09-2018,3.36E-07,0.999999664,1.21E-12
11-09-2018,4.96E-07,0.999999504,7.51E-12
12-09-2018,4.30E-07,0.99999957,5.73E-12
13-09-2018,8.40E-07,0.99999916,6.11E-11
14-09-2018,6.87E-07,0.999999312,3.23E-11
17-09-2018,2.41E-06,0.999997587,4.46E-09
18-09-2018,2.26E-06,0.999997731,6.63E-09
19-09-2018,2.38E-06,0.999997614,4.81E-09
20-09-2018,1.48E-06,0.999998512,6.56E-09
21-09-2018,1.86E-06,0.999998131,8.78E-09
24-09-2018,1.33E-06,0.999998673,1.74E-09
25-09-2018,7.07E-07,0.999999291,1.05E-09
26-09-2018,7.15E-07,0.999999283,1.80E-09
27-09-2018,6.53E-07,0.999999345,1.42E-09
28-09-2018,3.83E-07,0.999999617,3.08E-10
01-10-2018,7.47E-07,0.999999251,2.34E-09
02-10-2018,8.73E-07,0.999999124,2.20E-09
03-10-2018,8.00E-07,0.999999198,1.61E-09
04-10-2018,3.82E-06,0.999996071,1.07E-07
05-10-2018,6.88E-06,0.999992867,2.53E-07
08-10-2018,3.34E-05,0.99996381,2.81E-06
09-10-2018,0.000315395,0.997761233,0.001923372
10-10-2018,1.49E-10,5.70E-10,0.999999999
11-10-2018,3.54E-06,2.27E-20,0.999996463
12-10-2018,5.44E-05,8.05E-23,0.999945648
15-10-2018,7.95E-05,2.12E-19,0.999920486
16-10-2018,0.000105697,1.26E-19,0.999894303
17-10-2018,0.000103375,1.55E-12,0.999896625
18-10-2018,5.02E-05,3.43E-17,0.999949821
19-10-2018,2.97E-05,2.23E-20,0.999970329
22-10-2018,1.26E-05,8.48E-23,0.999987425
23-10-2018,6.29E-06,1.58E-26,0.999993714
24-10-2018,6.20E-07,3.73E-45,0.99999938
25-10-2018,3.26E-06,6.43E-50,0.999996736
26-10-2018,4.51E-06,4.57E-49,0.999995488
29-10-2018,1.63E-05,2.53E-60,0.999983705
30-10-2018,0.000100315,2.59E-60,0.999899685
31-10-2018,0.001501717,5.59E-48,0.998498283
01-11-2018,0.017687076,2.31E-39,0.982312924
02-11-2018,0.161747029,1.77E-35,0.838252971
05-11-2018,0.422135837,1.00E-36,0.577864163
06-11-2018,0.622709445,3.67E-32,0.377290555
07-11-2018,0.727833197,4.05E-28,0.272166803
08-11-2018,0.970604815,3.38E-15,0.029395185
09-11-2018,0.998416158,3.30E-19,0.001583842
12-11-2018,0.999962195,1.98E-28,3.78E-05
13-11-2018,0.999999484,6.44E-33,5.16E-07
14-11-2018,0.999999854,2.18E-36,1.46E-07
15-11-2018,0.999999714,4.72E-37,2.86E-07
16-11-2018,0.999999633,3.90E-31,3.67E-07
19-11-2018,0.999999583,1.60E-38,4.17E-07
20-11-2018,0.999999855,1.64E-54,1.45E-07
21-11-2018,0.999999887,5.00E-61,1.13E-07
23-11-2018,0.999999978,6.63E-62,2.20E-08
26-11-2018,0.999999938,4.02E-63,6.18E-08
27-11-2018,0.999999914,8.74E-49,8.59E-08
28-11-2018,0.999998508,4.22E-43,1.49E-06
29-11-2018,0.999999369,8.71E-28,6.31E-07
30-11-2018,0.999999316,1.96E-28,6.84E-07
03-12-2018,0.9999974,1.25E-23,2.60E-06
04-12-2018,0.999974391,9.22E-34,2.56E-05
06-12-2018,0.999998701,1.08E-38,1.30E-06
07-12-2018,0.999998652,1.87E-52,1.35E-06
10-12-2018,0.999999753,4.21E-62,2.47E-07
11-12-2018,0.999999806,2.81E-63,1.94E-07
12-12-2018,0.99999978,2.43E-64,2.20E-07
13-12-2018,0.999999774,2.12E-62,2.26E-07
14-12-2018,0.999999911,3.09E-75,8.93E-08
17-12-2018,0.999999985,1.42E-99,1.50E-08
18-12-2018,0.999999994,2.36E-110,6.39E-09
19-12-2018,0.999999999,9.59E-127,1.06E-09
20-12-2018,1,2.33E-149,4.15E-10
21-12-2018,1,4.18E-182,8.42E-11
24-12-2018,1,1.43E-221,2.55E-10
26-12-2018,0.999999805,1.00E-256,1.95E-07
27-12-2018,0.999999984,5.94E-163,1.57E-08
28-12-2018,0.99999999,1.01E-161,9.77E-09
31-12-2018,0.999999993,3.14E-165,6.94E-09
02-01-2019,0.999999994,2.52E-160,6.46E-09
03-01-2019,0.999999996,6.49E-181,4.36E-09
04-01-2019,0.999999741,2.36E-194,2.59E-07
07-01-2019,0.999999744,8.92E-139,2.56E-07
08-01-2019,0.99999949,3.14E-130,5.10E-07
09-01-2019,0.999999523,6.52E-119,4.77E-07
10-01-2019,0.999999474,6.18E-116,5.26E-07
11-01-2019,0.999999362,1.65E-116,6.38E-07
14-01-2019,0.999999675,1.85E-120,3.25E-07
15-01-2019,0.999999697,2.69E-124,3.03E-07
16-01-2019,0.99999977,3.56E-109,2.30E-07
17-01-2019,0.999999806,1.55E-104,1.94E-07
18-01-2019,0.999999025,2.76E-92,9.75E-07
22-01-2019,0.999999371,1.03E-83,6.29E-07
23-01-2019,0.99999989,1.45E-90,1.10E-07
24-01-2019,0.999999954,1.37E-87,4.56E-08
25-01-2019,0.999999968,2.47E-82,3.22E-08
28-01-2019,0.999999952,5.13E-72,4.83E-08
29-01-2019,0.99999644,7.13E-79,3.56E-06
30-01-2019,0.997811888,1.86E-75,0.002188112
31-01-2019,0.954700392,3.09E-57,0.045299608
01-02-2019,0.700698593,1.18E-50,0.299301407
04-02-2019,0.069154438,3.81E-46,0.930845562
05-02-2019,5.70E-06,2.00E-41,0.999994296
06-02-2019,1.20E-09,3.45E-42,0.999999999
07-02-2019,5.89E-10,1.99E-48,0.999999999
08-02-2019,3.37E-10,2.40E-52,1
11-02-2019,1.33E-10,1.91E-52,1
12-02-2019,4.96E-11,1.97E-49,1
13-02-2019,7.37E-11,2.81E-38,1
14-02-2019,3.82E-10,2.68E-36,1
15-02-2019,2.03E-09,2.67E-34,0.999999998
19-02-2019,4.54E-08,3.42E-26,0.999999955
20-02-2019,0.000118784,1.35E-23,0.999881216
21-02-2019,0.078799532,2.42E-20,0.921200468
22-02-2019,0.653206142,2.88E-19,0.346793858
25-02-2019,0.974613228,3.64E-15,0.025386772
26-02-2019,0.999735329,1.82E-15,0.000264671
27-02-2019,0.999998521,2.77E-16,1.48E-06
28-02-2019,0.999999774,8.15E-17,2.26E-07
01-03-2019,0.999999998,3.46E-16,1.92E-09
04-03-2019,0.999999974,5.17E-14,2.58E-08
05-03-2019,0.999999979,2.03E-15,2.14E-08
06-03-2019,0.999999999,1.66E-16,1.00E-09
07-03-2019,0.999999998,9.68E-21,1.98E-09
08-03-2019,0.999999999,1.18E-23,1.49E-09
11-03-2019,0.999999937,6.91E-22,6.28E-08
12-03-2019,0.999999935,8.17E-14,6.51E-08
13-03-2019,0.999999931,8.04E-12,6.94E-08
14-03-2019,0.999999956,2.48E-09,4.18E-08
15-03-2019,0.999999899,4.76E-09,9.63E-08
18-03-2019,0.999999569,2.94E-07,1.36E-07
19-03-2019,0.999994163,5.05E-06,7.82E-07
20-03-2019,0.999997809,1.67E-06,5.18E-07
21-03-2019,0.999984578,7.27E-06,8.16E-06
22-03-2019,0.999945534,1.83E-07,5.43E-05
25-03-2019,0.999970817,5.51E-08,2.91E-05
26-03-2019,0.999978874,7.87E-08,2.10E-05
27-03-2019,0.999988967,3.10E-07,1.07E-05
28-03-2019,0.999936956,4.50E-06,5.85E-05
29-03-2019,0.992401172,0.006882475,0.000716353
01-04-2019,0.536845728,0.462127625,0.001026647
02-04-2019,0.008147108,0.991838296,1.46E-05
03-04-2019,8.12E-05,0.999918015,8.02E-07
04-04-2019,7.76E-07,0.999998616,6.08E-07
05-04-2019,1.66E-07,0.999999033,8.01E-07
08-04-2019,9.02E-08,0.99999932,5.90E-07
09-04-2019,7.43E-08,0.999999252,6.74E-07
10-04-2019,7.40E-08,0.999999417,5.09E-07
11-04-2019,9.98E-08,0.999999537,3.64E-07
12-04-2019,1.72E-07,0.99999848,1.35E-06
15-04-2019,1.54E-07,0.999999379,4.67E-07
16-04-2019,1.93E-07,0.999999314,4.93E-07
17-04-2019,3.06E-07,0.999999385,3.09E-07
18-04-2019,1.93E-07,0.99999944,3.67E-07
22-04-2019,6.22E-08,0.999999874,6.35E-08
23-04-2019,3.30E-08,0.999999967,8.17E-16
24-04-2019,3.12E-08,0.999999969,7.08E-15
25-04-2019,1.42E-10,1,2.95E-21
26-04-2019,1.56E-10,1,1.95E-21
29-04-2019,1.68E-10,1,6.78E-21
30-04-2019,7.37E-11,1,1.96E-21
01-05-2019,9.21E-15,1,1.07E-31
02-05-2019,2.05E-13,1,2.12E-29
03-05-2019,1.67E-11,1,4.18E-25
06-05-2019,7.52E-11,1,8.62E-22
07-05-2019,5.07E-08,0.999999949,5.40E-12
08-05-2019,3.38E-07,0.999999662,7.81E-13
09-05-2019,3.16E-05,0.999968351,2.43E-12
10-05-2019,0.005315087,0.994684913,7.16E-12
13-05-2019,0.987163309,0.000176888,0.012659803
14-05-2019,0.999864945,3.68E-09,0.000135051
15-05-2019,0.999992725,1.25E-06,6.03E-06
16-05-2019,0.999926485,6.93E-05,4.22E-06
17-05-2019,0.999892682,0.000103549,3.77E-06
20-05-2019,0.999996761,9.13E-07,2.33E-06
21-05-2019,0.999995776,2.32E-07,3.99E-06
22-05-2019,0.999994444,3.58E-06,1.97E-06
23-05-2019,0.999998106,1.16E-09,1.89E-06
24-05-2019,0.999997097,3.63E-11,2.90E-06
28-05-2019,0.999998621,3.36E-13,1.38E-06
29-05-2019,0.999999586,2.62E-17,4.14E-07
30-05-2019,0.999999497,6.75E-19,5.03E-07
31-05-2019,0.999990062,6.50E-23,9.94E-06
03-06-2019,0.999997805,6.59E-28,2.20E-06
04-06-2019,0.999994856,2.19E-26,5.14E-06
05-06-2019,0.999995802,5.22E-14,4.20E-06
06-06-2019,0.999985058,4.17E-09,1.49E-05
07-06-2019,0.999050865,0.000693255,0.000255879
10-06-2019,0.754364064,0.245153939,0.000481997
11-06-2019,0.349609544,0.650122063,0.000268393
12-06-2019,0.098097397,0.901877113,2.55E-05
13-06-2019,0.017170225,0.982823541,6.23E-06
14-06-2019,0.002375829,0.997622635,1.54E-06
17-06-2019,0.000240771,0.999758115,1.11E-06
18-06-2019,1.89E-05,0.999979746,1.32E-06
19-06-2019,1.54E-06,0.999998271,1.92E-07
20-06-2019,1.84E-06,0.999997631,5.27E-07
21-06-2019,7.30E-07,0.999999075,1.95E-07
24-06-2019,4.11E-07,0.999999472,1.17E-07
25-06-2019,2.80E-06,0.999996452,7.44E-07
26-06-2019,9.78E-07,0.999998803,2.19E-07
27-06-2019,6.17E-07,0.999999196,1.87E-07
28-06-2019,5.45E-07,0.9999993,1.55E-07
01-07-2019,4.25E-07,0.999999326,2.49E-07
02-07-2019,4.17E-07,0.999999369,2.14E-07
03-07-2019,4.00E-07,0.999998418,1.18E-06
05-07-2019,4.28E-07,0.999998813,7.59E-07
08-07-2019,7.61E-07,0.999998507,7.32E-07
09-07-2019,7.41E-07,0.999998943,3.16E-07
10-07-2019,8.69E-07,0.999998825,3.06E-07
11-07-2019,7.39E-07,0.999998972,2.89E-07
12-07-2019,6.85E-07,0.999998958,3.58E-07
15-07-2019,8.12E-07,0.999998891,2.97E-07
16-07-2019,9.63E-07,0.999998723,3.13E-07
17-07-2019,1.61E-06,0.99999795,4.45E-07
18-07-2019,1.25E-06,0.999998612,1.39E-07
19-07-2019,2.21E-06,0.99999767,1.18E-07
22-07-2019,2.01E-06,0.999997879,1.12E-07
23-07-2019,1.48E-06,0.999998408,1.14E-07
24-07-2019,1.02E-06,0.99999889,8.83E-08
25-07-2019,2.24E-06,0.999997731,2.60E-08
26-07-2019,1.51E-06,0.999998404,8.33E-08
29-07-2019,2.06E-06,0.999997899,4.11E-08
30-07-2019,1.39E-06,0.999998543,7.12E-08
31-07-2019,1.37E-06,0.999998632,6.52E-12
01-08-2019,0.000203581,0.999796419,5.48E-13
02-08-2019,0.06802829,0.931971683,2.62E-08
05-08-2019,0.2558077,7.76E-11,0.7441923
06-08-2019,0.889592779,1.43E-15,0.110407221
07-08-2019,0.984150873,2.64E-11,0.015849127
08-08-2019,0.995920868,1.59E-11,0.004079132
09-08-2019,0.996900116,1.40E-07,0.003099744
12-08-2019,0.991804427,1.96E-10,0.008195573
13-08-2019,0.936251977,5.39E-11,0.063748023
14-08-2019,0.53266378,1.78E-18,0.46733622
15-08-2019,0.419286956,1.78E-21,0.580713044
16-08-2019,0.146425193,1.38E-19,0.853574807
19-08-2019,0.014432144,4.07E-14,0.985567856
20-08-2019,0.001138801,2.14E-14,0.998861199
21-08-2019,6.03E-05,1.67E-15,0.999939719
22-08-2019,8.54E-06,1.46E-13,0.999991458
23-08-2019,1.60E-06,2.34E-24,0.999998398
26-08-2019,1.80E-05,6.99E-24,0.999981991
27-08-2019,2.75E-05,1.26E-20,0.999972544
28-08-2019,2.10E-05,2.48E-21,0.999979003
29-08-2019,1.52E-05,3.30E-17,0.999984753
30-08-2019,5.46E-05,8.46E-12,0.99994539
03-09-2019,0.00015898,4.93E-13,0.99984102
04-09-2019,0.000344409,8.36E-11,0.999655591
05-09-2019,0.000704065,1.35E-05,0.999282399
06-09-2019,0.001826451,0.007125122,0.991048427
09-09-2019,0.001993006,0.068209711,0.929797283
10-09-2019,0.001406579,0.165524056,0.833069365
11-09-2019,0.000262174,0.343683006,0.65605482
12-09-2019,6.61E-05,0.768788599,0.231145345
13-09-2019,3.48E-06,0.997667784,0.002328731
16-09-2019,2.40E-07,0.999962094,3.77E-05
17-09-2019,5.72E-08,0.999995116,4.83E-06
18-09-2019,6.31E-08,0.999973065,2.69E-05
19-09-2019,3.29E-08,0.999367499,0.000632468
20-09-2019,1.28E-07,0.99173907,0.008260802
23-09-2019,5.85E-07,0.949084236,0.050915179
24-09-2019,6.27E-05,0.781628104,0.218309154
25-09-2019,8.54E-05,0.481462377,0.51845218
26-09-2019,3.70E-05,0.176772478,0.823190491
27-09-2019,4.03E-06,0.009845396,0.990150574
30-09-2019,1.47E-06,0.000615289,0.999383238
01-10-2019,3.77E-05,1.51E-05,0.999947179
02-10-2019,0.002071071,6.06E-10,0.997928928
03-10-2019,0.091942272,2.24E-09,0.908057726
04-10-2019,0.378343703,1.04E-05,0.621645859
07-10-2019,0.791669882,0.001294606,0.207035513
08-10-2019,0.925723359,3.19E-07,0.074276323
09-10-2019,0.974838691,3.13E-06,0.025158184
10-10-2019,0.960074161,0.025125084,0.014800755
11-10-2019,0.471643071,0.527431901,0.000925027
14-10-2019,0.045844175,0.954128743,2.71E-05
15-10-2019,0.004030266,0.995964789,4.94E-06
16-10-2019,0.000183814,0.999815444,7.42E-07
17-10-2019,8.15E-06,0.999991391,4.59E-07
18-10-2019,5.07E-06,0.999994035,8.93E-07
21-10-2019,2.15E-06,0.999997043,8.07E-07
22-10-2019,3.21E-06,0.999995886,9.08E-07
23-10-2019,1.27E-06,0.999998142,5.91E-07
24-10-2019,2.00E-06,0.999997428,5.71E-07
25-10-2019,2.06E-06,0.999996977,9.65E-07
28-10-2019,1.24E-06,0.999997616,1.15E-06
29-10-2019,1.59E-06,0.999997636,7.70E-07
30-10-2019,8.50E-07,0.9999981,1.05E-06
31-10-2019,6.09E-07,0.999999379,1.24E-08
01-11-2019,2.42E-06,0.999997537,4.38E-08
04-11-2019,2.56E-07,0.99999974,4.28E-09
05-11-2019,1.55E-07,0.999999841,3.53E-09
06-11-2019,5.30E-07,0.99999947,1.79E-10
07-11-2019,4.47E-07,0.999999552,1.49E-10
08-11-2019,4.83E-07,0.999999517,9.30E-11
11-11-2019,3.41E-07,0.999999659,4.85E-11
12-11-2019,2.74E-07,0.999999726,4.49E-11
13-11-2019,5.44E-07,0.999999454,2.15E-09
14-11-2019,3.56E-07,0.999999644,5.55E-10
15-11-2019,1.81E-06,0.999998188,6.06E-09
18-11-2019,5.95E-07,0.999999403,1.88E-09
19-11-2019,3.76E-07,0.999999622,1.57E-09
20-11-2019,6.31E-07,0.999999368,1.10E-09
21-11-2019,4.94E-07,0.999999505,1.04E-09
22-11-2019,8.30E-07,0.999999167,2.86E-09
25-11-2019,1.50E-06,0.99999849,9.67E-09
26-11-2019,5.36E-07,0.999999464,5.99E-10
27-11-2019,2.84E-07,0.999999716,5.96E-12
29-11-2019,4.31E-07,0.999999569,7.65E-11
02-12-2019,1.95E-06,0.999997547,5.03E-07
03-12-2019,5.12E-06,0.999991376,3.50E-06
04-12-2019,6.34E-06,0.999991465,2.20E-06
05-12-2019,1.92E-06,0.999997745,3.36E-07
06-12-2019,1.16E-06,0.999998246,5.91E-07
09-12-2019,6.98E-07,0.999998736,5.66E-07
10-12-2019,4.40E-07,0.999999243,3.17E-07
11-12-2019,3.02E-07,0.999999373,3.25E-07
12-12-2019,4.94E-07,0.99999913,3.75E-07
13-12-2019,5.38E-07,0.99999927,1.92E-07
16-12-2019,3.70E-07,0.999999411,2.19E-07
17-12-2019,4.46E-07,0.9999994,1.53E-07
18-12-2019,4.09E-07,0.999999443,1.47E-07
19-12-2019,4.20E-07,0.999999427,1.53E-07
20-12-2019,6.17E-07,0.999999199,1.84E-07
23-12-2019,6.61E-07,0.999999206,1.34E-07
24-12-2019,7.54E-07,0.999999112,1.34E-07
26-12-2019,1.25E-06,0.999998481,2.70E-07
27-12-2019,6.51E-07,0.999999122,2.26E-07
30-12-2019,1.06E-06,0.999998725,2.11E-07
31-12-2019,8.39E-07,0.999999061,1.00E-07
02-01-2020,3.50E-06,0.999996246,2.58E-07
03-01-2020,1.81E-06,0.999997912,2.83E-07
06-01-2020,8.11E-07,0.999999026,1.64E-07
07-01-2020,6.66E-07,0.999999178,1.55E-07
08-01-2020,8.14E-07,0.999998918,2.69E-07
09-01-2020,7.88E-07,0.999998758,4.54E-07
10-01-2020,7.25E-07,0.999998985,2.90E-07
13-01-2020,6.11E-07,0.999998919,4.69E-07
14-01-2020,2.94E-07,0.999999405,3.00E-07
15-01-2020,2.89E-07,0.999999392,3.19E-07
16-01-2020,7.81E-07,0.999998293,9.26E-07
17-01-2020,3.38E-07,0.999999285,3.77E-07
21-01-2020,3.30E-07,0.999999337,3.33E-07
22-01-2020,2.27E-07,0.999999547,2.26E-07
23-01-2020,1.37E-07,0.999999669,1.94E-07
24-01-2020,4.93E-07,0.999998724,7.83E-07
27-01-2020,1.00E-05,0.999907491,8.25E-05
28-01-2020,1.38E-05,0.999941843,4.43E-05
29-01-2020,2.36E-05,0.999968167,8.21E-06
30-01-2020,0.000773483,0.99900913,0.000217388
31-01-2020,0.069665989,0.902182566,0.028151446
03-02-2020,0.087888359,0.882770842,0.029340799
04-02-2020,0.077606586,0.906068142,0.016325272
05-02-2020,0.060050114,0.935023829,0.004926057
06-02-2020,0.038723909,0.959909807,0.001366284
07-02-2020,0.021629067,0.977999501,0.000371433
10-02-2020,0.002789399,0.997179509,3.11E-05
11-02-2020,0.000318974,0.999669873,1.12E-05
12-02-2020,1.35E-05,0.999983999,2.50E-06
13-02-2020,5.04E-06,0.999991857,3.10E-06
14-02-2020,2.14E-06,0.999996287,1.57E-06
18-02-2020,1.82E-06,0.999997367,8.10E-07
19-02-2020,1.29E-06,0.999998209,5.05E-07
20-02-2020,7.58E-06,0.999969992,2.24E-05
21-02-2020,0.000419166,0.989522426,0.010058408
24-02-2020,0.000603302,1.86E-09,0.999396696
25-02-2020,0.003897051,4.19E-27,0.996102949
26-02-2020,0.005002065,4.95E-31,0.994997935
27-02-2020,8.78E-08,9.40E-64,0.999999912
28-02-2020,2.47E-10,4.85E-89,1
02-03-2020,2.78E-09,1.61E-89,0.999999997
03-03-2020,4.01E-08,2.36E-65,0.99999996
04-03-2020,6.59E-11,1.99E-80,1
05-03-2020,1.98E-13,3.13E-66,1
06-03-2020,3.17E-16,3.91E-92,1
09-03-2020,3.11E-35,1.20E-200,1
10-03-2020,1.10E-39,1.33E-287,1
11-03-2020,2.25E-42,1.72E-241,1
12-03-2020,6.96E-93,0,1
13-03-2020,1.14E-92,0,1
16-03-2020,2.07E-145,0,1
17-03-2020,5.56E-167,0,1
18-03-2020,1.20E-154,0,1
19-03-2020,1.21E-155,0,1
20-03-2020,1.21E-135,0,1
23-03-2020,1.38E-124,0,1
24-03-2020,2.00E-164,0,1
25-03-2020,1.63E-156,0,1
26-03-2020,8.89E-170,0,1
27-03-2020,6.46E-165,0,1
30-03-2020,3.07E-156,0,1
31-03-2020,2.16E-136,0,1
01-04-2020,4.95E-132,0,1
02-04-2020,1.46E-112,0,1
03-04-2020,6.21E-96,0,1
06-04-2020,4.37E-107,0,1
07-04-2020,7.51E-89,0,1
08-04-2020,8.67E-85,0,1
09-04-2020,7.27E-78,0,1
13-04-2020,2.84E-59,0,1
14-04-2020,2.04E-53,0,1
15-04-2020,7.99E-34,0,1
16-04-2020,4.75E-35,0,1
17-04-2020,5.07E-40,0,1
20-04-2020,4.27E-49,1.38E-302,1
21-04-2020,1.74E-51,0,1
22-04-2020,3.67E-55,0,1
23-04-2020,1.61E-60,0,1
24-04-2020,5.26E-63,0,1
27-04-2020,6.37E-68,0,1
28-04-2020,8.54E-73,1.14E-307,1
29-04-2020,8.91E-78,6.0839465523583e-310,1
30-04-2020,1.54E-79,5.36E-269,1
01-05-2020,2.63E-82,4.20E-298,1
04-05-2020,9.93E-78,1e-323,1
05-05-2020,8.00E-73,1.6224592231e-313,1
06-05-2020,7.31E-70,1.86E-283,1
07-05-2020,1.56E-61,1.71E-282,1
08-05-2020,4.03E-51,1.02E-244,1
11-05-2020,8.60E-39,9.09E-205,1
12-05-2020,2.24E-34,1.88E-205,1
13-05-2020,3.18E-27,8.60E-228,1
14-05-2020,1.93E-24,2.77E-246,1
15-05-2020,1.13E-21,1.86E-222,1
18-05-2020,7.20E-22,4.75E-205,1
19-05-2020,5.11E-17,5.61E-156,1
20-05-2020,8.38E-15,2.41E-157,1
21-05-2020,1.44E-11,1.30E-131,1
22-05-2020,9.13E-10,2.01E-139,0.999999999
26-05-2020,1.04E-09,1.28E-130,0.999999999
27-05-2020,5.84E-10,9.52E-108,0.999999999
28-05-2020,3.48E-09,3.94E-89,0.999999997
29-05-2020,9.07E-08,4.32E-86,0.999999909
01-06-2020,2.65E-08,7.13E-79,0.999999974
02-06-2020,4.90E-07,7.41E-69,0.99999951
03-06-2020,4.61E-07,4.04E-57,0.999999539
04-06-2020,1.71E-05,3.12E-45,0.999982914
05-06-2020,2.21E-08,1.65E-44,0.999999978
08-06-2020,4.91E-09,3.63E-21,0.999999995
09-06-2020,1.11E-08,3.31E-16,0.999999989
10-06-2020,1.10E-07,2.24E-19,0.99999989
11-06-2020,2.04E-25,2.50E-70,1
12-06-2020,1.83E-16,3.39E-78,1
15-06-2020,4.86E-16,8.58E-66,1
16-06-2020,1.66E-18,3.37E-55,1
17-06-2020,2.73E-17,2.29E-40,1
18-06-2020,2.68E-18,3.60E-44,1
19-06-2020,2.69E-20,6.30E-47,1
22-06-2020,1.52E-18,6.15E-50,1
23-06-2020,5.19E-19,8.01E-45,1
24-06-2020,7.67E-17,2.97E-56,1
25-06-2020,6.17E-17,5.00E-69,1
26-06-2020,1.47E-15,8.09E-74,1
29-06-2020,4.94E-15,1.67E-89,1
30-06-2020,3.97E-15,1.63E-71,1
01-07-2020,8.98E-14,1.24E-58,1
02-07-2020,2.46E-13,6.81E-52,1
06-07-2020,9.40E-16,3.83E-45,1
07-07-2020,1.07E-14,7.55E-36,1
08-07-2020,3.73E-14,2.84E-38,1
09-07-2020,4.38E-14,2.18E-35,1
10-07-2020,3.02E-14,2.18E-37,1
13-07-2020,1.60E-12,2.25E-23,1
14-07-2020,3.11E-12,5.71E-25,1
15-07-2020,2.50E-11,1.35E-16,1
16-07-2020,2.45E-11,1.55E-13,1
17-07-2020,1.09E-10,4.69E-15,1
20-07-2020,3.26E-11,1.22E-13,1
21-07-2020,3.69E-12,1.02E-10,1
22-07-2020,9.78E-13,5.63E-10,0.999999999
23-07-2020,1.77E-12,1.51E-11,1
24-07-2020,3.30E-12,9.95E-15,1
27-07-2020,1.38E-12,9.62E-16,1
28-07-2020,1.61E-12,9.04E-15,1
29-07-2020,2.18E-13,2.46E-15,1
30-07-2020,1.05E-12,9.87E-12,1
31-07-2020,1.77E-12,1.04E-10,1
03-08-2020,1.93E-11,2.07E-05,0.999979348
04-08-2020,1.47E-09,0.036114009,0.963885989
05-08-2020,3.89E-09,0.439053631,0.560946365
06-08-2020,2.79E-09,0.930209604,0.069790393
07-08-2020,2.12E-09,0.996701984,0.003298014
10-08-2020,5.63E-10,0.999966127,3.39E-05
11-08-2020,4.63E-10,0.99996431,3.57E-05
12-08-2020,9.67E-10,0.999946254,5.37E-05
13-08-2020,5.30E-09,0.999989667,1.03E-05
14-08-2020,2.29E-09,0.999995422,4.58E-06
17-08-2020,2.69E-09,0.999997645,2.35E-06
18-08-2020,3.22E-09,0.999997627,2.37E-06
19-08-2020,4.48E-09,0.999996471,3.52E-06
20-08-2020,1.89E-09,0.999997518,2.48E-06
21-08-2020,3.86E-09,0.999999783,2.13E-07
24-08-2020,2.46E-09,0.999999798,2.00E-07
25-08-2020,5.20E-09,0.999999962,3.33E-08
26-08-2020,7.92E-10,0.999999877,1.22E-07
27-08-2020,4.95E-10,0.999999787,2.12E-07
28-08-2020,8.23E-10,0.999999944,5.47E-08
31-08-2020,1.28E-10,0.999998106,1.89E-06
01-09-2020,3.76E-11,0.999993992,6.01E-06
02-09-2020,1.64E-10,0.999584381,0.000415619
03-09-2020,1.14E-20,3.15E-11,1
04-09-2020,5.43E-14,2.22E-10,1
08-09-2020,1.28E-11,5.42E-23,1
09-09-2020,1.39E-11,2.59E-28,1
10-09-2020,4.59E-10,2.10E-24,1
11-09-2020,6.69E-09,3.84E-32,0.999999993
14-09-2020,1.47E-10,4.72E-31,1
15-09-2020,5.60E-11,4.49E-23,1
16-09-2020,3.33E-11,7.84E-23,1
17-09-2020,7.56E-11,5.58E-28,1
18-09-2020,4.36E-10,1.05E-38,1
21-09-2020,2.22E-10,5.21E-49,1
22-09-2020,2.80E-11,1.72E-54,1
23-09-2020,3.65E-10,5.18E-60,1
24-09-2020,4.98E-10,1.54E-73,1
25-09-2020,5.48E-10,2.33E-68,0.999999999
28-09-2020,1.85E-10,2.41E-49,1
29-09-2020,2.45E-08,5.00E-38,0.999999975
30-09-2020,1.54E-08,4.80E-38,0.999999985
01-10-2020,2.58E-08,1.40E-30,0.999999974
02-10-2020,7.90E-07,5.63E-29,0.99999921
05-10-2020,4.24E-09,8.67E-29,0.999999996
06-10-2020,7.86E-08,5.74E-23,0.999999921
07-10-2020,4.89E-09,3.48E-25,0.999999995
08-10-2020,1.10E-07,1.28E-13,0.99999989
09-10-2020,1.51E-07,5.52E-09,0.999999843
12-10-2020,3.67E-09,2.98E-06,0.999997016
13-10-2020,4.29E-08,0.000444511,0.999555446
14-10-2020,5.11E-08,7.68E-05,0.999923184
15-10-2020,2.54E-08,1.46E-05,0.999985376
16-10-2020,4.28E-09,4.34E-06,0.999995655
19-10-2020,2.01E-09,5.09E-10,0.999999997
20-10-2020,1.94E-10,2.06E-11,1
21-10-2020,2.44E-09,1.74E-10,0.999999997
22-10-2020,6.43E-10,7.29E-10,0.999999999
23-10-2020,1.09E-09,8.47E-08,0.999999914
26-10-2020,5.58E-13,2.38E-13,1
27-10-2020,8.16E-14,8.62E-18,1
28-10-2020,3.85E-20,3.61E-38,1
29-10-2020,1.78E-17,2.33E-47,1
30-10-2020,1.65E-15,3.12E-44,1
02-11-2020,2.44E-17,1.66E-49,1
03-11-2020,1.02E-17,8.93E-38,1
04-11-2020,7.89E-13,2.26E-23,1
05-11-2020,9.66E-12,3.87E-11,1
06-11-2020,4.91E-08,2.27E-05,0.999977276
09-11-2020,1.78E-10,8.55E-06,0.999991447
10-11-2020,9.36E-09,0.00021375,0.999786241
11-11-2020,5.16E-09,0.000135426,0.999864569
12-11-2020,2.39E-09,2.07E-05,0.999979294
13-11-2020,1.89E-09,4.42E-06,0.999995574
16-11-2020,2.27E-09,3.31E-06,0.999996686
17-11-2020,1.26E-08,3.87E-05,0.999961315
18-11-2020,1.97E-08,1.77E-06,0.999998206
19-11-2020,3.87E-08,1.05E-05,0.999989493
20-11-2020,1.03E-07,2.41E-06,0.999997485
23-11-2020,1.12E-07,2.27E-06,0.999997618
24-11-2020,2.15E-08,7.57E-05,0.999924265
25-11-2020,3.67E-06,0.020358299,0.979638028
27-11-2020,2.45E-05,0.992538766,0.007436704
30-11-2020,1.42E-06,0.999952856,4.57E-05
01-12-2020,6.05E-08,0.999998353,1.59E-06
02-12-2020,3.80E-08,0.999999237,7.25E-07
03-12-2020,3.81E-08,0.99999917,7.92E-07
04-12-2020,3.24E-09,0.999999946,5.09E-08
07-12-2020,4.23E-10,0.999999999,4.68E-10
08-12-2020,2.36E-10,0.999999999,5.33E-10
09-12-2020,4.75E-09,0.999998495,1.50E-06
10-12-2020,7.87E-10,0.99999812,1.88E-06
11-12-2020,2.02E-10,0.999999542,4.58E-07
14-12-2020,6.97E-11,0.999998102,1.90E-06
15-12-2020,2.06E-10,0.999994625,5.37E-06
16-12-2020,2.02E-10,0.999999843,1.57E-07
17-12-2020,9.01E-11,0.999999968,3.23E-08
18-12-2020,7.49E-10,0.999999986,1.29E-08
21-12-2020,1.52E-12,0.999999995,4.78E-09
22-12-2020,1.82E-12,1,2.37E-11
23-12-2020,1.66E-11,1,1.20E-10
24-12-2020,9.80E-11,1,1.31E-11
28-12-2020,2.21E-10,1,2.03E-10
29-12-2020,2.27E-10,0.999999998,1.31E-09
30-12-2020,4.23E-10,0.999999995,4.69E-09
31-12-2020,9.34E-11,1,2.77E-10
04-01-2021,2.19E-10,0.99998274,1.73E-05
05-01-2021,6.36E-11,0.999999526,4.74E-07
06-01-2021,4.65E-11,0.999999854,1.46E-07
07-01-2021,6.01E-09,0.999998135,1.86E-06
08-01-2021,3.59E-09,0.999999919,7.75E-08
11-01-2021,2.13E-09,0.999999537,4.60E-07
12-01-2021,1.25E-09,0.999999907,9.16E-08
13-01-2021,3.84E-09,0.999999879,1.18E-07
14-01-2021,4.24E-09,0.999999274,7.22E-07
15-01-2021,1.01E-08,0.999994923,5.07E-06
19-01-2021,7.72E-09,0.999990415,9.58E-06
20-01-2021,4.60E-08,0.999979554,2.04E-05
21-01-2021,3.92E-08,0.999997884,2.08E-06
22-01-2021,3.45E-08,0.999976337,2.36E-05
25-01-2021,7.63E-09,0.99804264,0.001957352
26-01-2021,3.06E-07,0.96047961,0.039520084
27-01-2021,7.30E-22,4.00E-09,0.999999996
28-01-2021,3.62E-13,8.74E-05,0.999912565
29-01-2021,1.76E-14,1.05E-08,0.99999999
01-02-2021,1.06E-11,1.44E-05,0.999985569
02-02-2021,3.80E-08,0.816482374,0.183517588
03-02-2021,9.98E-09,0.999883513,0.000116477
04-02-2021,6.43E-10,0.999999233,7.66E-07
05-02-2021,2.11E-09,0.999999608,3.90E-07
08-02-2021,2.08E-10,0.999999895,1.05E-07
09-02-2021,3.37E-10,0.999999883,1.16E-07
10-02-2021,4.77E-11,0.999999947,5.29E-08
11-02-2021,9.73E-11,0.999999951,4.90E-08
12-02-2021,3.00E-10,0.999999956,4.37E-08
16-02-2021,4.45E-11,0.999999953,4.70E-08
17-02-2021,1.23E-11,0.999999976,2.40E-08
18-02-2021,1.71E-11,0.999999969,3.14E-08
19-02-2021,4.04E-12,1,1.60E-10
22-02-2021,8.76E-11,0.999999963,3.66E-08
23-02-2021,1.36E-10,0.999999877,1.23E-07
24-02-2021,1.68E-08,0.999646153,0.00035383
25-02-2021,4.07E-10,0.000537542,0.999462458
26-02-2021,3.48E-09,1.31E-05,0.999986888
01-03-2021,7.02E-08,3.84E-07,0.999999545
02-03-2021,4.36E-06,0.003614633,0.99638101
03-03-2021,4.89E-07,0.00035431,0.999645201
04-03-2021,2.22E-07,4.47E-08,0.999999733
05-03-2021,4.91E-06,1.36E-07,0.999994951
08-03-2021,6.72E-05,0.022253018,0.977679809
09-03-2021,0.0001514,0.092101483,0.907747116
10-03-2021,5.57E-05,0.961390849,0.038553403
11-03-2021,3.67E-06,0.996151863,0.003844469
12-03-2021,4.66E-06,0.999688906,0.000306433
15-03-2021,2.16E-06,0.999966289,3.16E-05
16-03-2021,7.00E-06,0.999962808,3.02E-05
17-03-2021,1.17E-05,0.999905651,8.26E-05
18-03-2021,0.00019296,0.998461992,0.001345048
19-03-2021,0.000120744,0.999623732,0.000255524
22-03-2021,0.000249597,0.999508503,0.000241899
23-03-2021,0.00054795,0.998920974,0.000531076
24-03-2021,0.001006565,0.997933679,0.001059756
25-03-2021,0.000950077,0.998268497,0.000781425
26-03-2021,0.00021021,0.999547886,0.000241904
29-03-2021,7.14E-06,0.999968772,2.41E-05
30-03-2021,9.39E-07,0.999997333,1.73E-06
31-03-2021,2.54E-07,0.999998865,8.81E-07
01-04-2021,1.08E-06,0.999997323,1.60E-06
05-04-2021,1.12E-06,0.99998847,1.04E-05
06-04-2021,7.60E-08,0.999999542,3.82E-07
07-04-2021,7.54E-08,0.999999553,3.71E-07
08-04-2021,5.92E-08,0.999999391,5.50E-07
09-04-2021,8.69E-08,0.999997893,2.02E-06
12-04-2021,4.81E-08,0.999999125,8.27E-07
13-04-2021,5.52E-08,0.999998393,1.55E-06
14-04-2021,7.51E-08,0.999997599,2.33E-06
15-04-2021,2.16E-07,0.999977532,2.23E-05
16-04-2021,6.44E-08,0.999997432,2.50E-06
19-04-2021,9.26E-08,0.999998538,1.37E-06
20-04-2021,1.62E-07,0.999996558,3.28E-06
21-04-2021,2.01E-07,0.999998821,9.78E-07
22-04-2021,3.21E-07,0.999998038,1.64E-06
23-04-2021,3.09E-07,0.999998924,7.67E-07
26-04-2021,1.42E-07,0.999999595,2.64E-07
27-04-2021,9.31E-08,0.999999603,3.04E-07
28-04-2021,1.28E-07,0.999999666,2.07E-07
29-04-2021,8.73E-08,0.999999623,2.89E-07
30-04-2021,1.92E-07,0.999999408,4.01E-07
03-05-2021,1.25E-07,0.999999703,1.73E-07
04-05-2021,2.00E-07,0.999999313,4.87E-07
05-05-2021,2.08E-07,0.999999508,2.83E-07
06-05-2021,1.60E-07,0.999999184,6.56E-07
07-05-2021,2.91E-07,0.999999276,4.32E-07
10-05-2021,7.48E-07,0.999861474,0.000137778
11-05-2021,2.67E-05,0.981033423,0.018939917
12-05-2021,0.000193136,0.000320795,0.999486069
13-05-2021,0.012557494,0.001520168,0.985922338
14-05-2021,0.02512719,0.688618945,0.286253864
17-05-2021,0.002928443,0.993596043,0.003475514
18-05-2021,0.000775967,0.998899542,0.000324491
19-05-2021,0.000343675,0.999507829,0.000148496
20-05-2021,4.84E-05,0.999906065,4.55E-05
21-05-2021,1.69E-06,0.999996383,1.92E-06
24-05-2021,6.35E-07,0.999997843,1.52E-06
25-05-2021,3.35E-07,0.999999176,4.89E-07
26-05-2021,3.29E-07,0.999999332,3.40E-07
27-05-2021,2.28E-07,0.999999532,2.41E-07
28-05-2021,1.20E-07,0.999999711,1.69E-07
01-06-2021,3.49E-08,0.999999799,1.66E-07
02-06-2021,3.90E-08,0.999999815,1.46E-07
03-06-2021,3.29E-08,0.999999815,1.52E-07
04-06-2021,7.49E-08,0.999999648,2.78E-07
07-06-2021,1.15E-07,0.999999723,1.62E-07
08-06-2021,8.86E-08,0.999999724,1.87E-07
09-06-2021,4.96E-08,0.999999605,3.46E-07
10-06-2021,1.18E-07,0.999999039,8.43E-07
11-06-2021,9.11E-08,0.999999831,7.79E-08
14-06-2021,4.69E-08,0.999999865,8.82E-08
15-06-2021,4.03E-08,0.999999702,2.58E-07
16-06-2021,4.76E-08,0.999999498,4.54E-07
17-06-2021,2.80E-08,0.999999671,3.01E-07
18-06-2021,7.29E-07,0.999956047,4.32E-05
21-06-2021,5.37E-06,0.999988612,6.02E-06
22-06-2021,7.28E-07,0.999999024,2.48E-07
23-06-2021,1.08E-06,0.999998774,1.43E-07
24-06-2021,4.40E-07,0.999999489,7.13E-08
25-06-2021,3.30E-07,0.99999964,2.98E-08
28-06-2021,2.22E-07,0.999999749,2.94E-08
29-06-2021,1.66E-07,0.999999803,3.11E-08
30-06-2021,1.30E-07,0.999999849,2.19E-08
01-07-2021,1.57E-07,0.999999819,2.37E-08
02-07-2021,2.98E-07,0.999999624,7.77E-08
06-07-2021,4.31E-08,0.999999955,1.56E-09
07-07-2021,5.67E-08,0.999999937,6.10E-09
08-07-2021,5.45E-08,0.99999974,2.05E-07
09-07-2021,4.69E-07,0.999999476,5.44E-08
12-07-2021,2.62E-07,0.999999667,7.02E-08
13-07-2021,2.29E-07,0.999999734,3.61E-08
14-07-2021,2.24E-07,0.999999762,1.46E-08
15-07-2021,2.46E-07,0.999999732,2.24E-08
16-07-2021,6.60E-07,0.999999104,2.36E-07
19-07-2021,3.19E-05,0.999710594,0.000257514
20-07-2021,8.95E-05,0.999807879,0.000102573
21-07-2021,4.33E-06,0.999994982,6.84E-07
22-07-2021,1.93E-06,0.999997859,2.08E-07
23-07-2021,8.05E-07,0.999998881,3.14E-07
26-07-2021,5.56E-07,0.999999211,2.33E-07
27-07-2021,3.64E-07,0.99999891,7.26E-07
28-07-2021,6.53E-07,0.999999092,2.54E-07
29-07-2021,3.31E-07,0.999999432,2.37E-07
30-07-2021,5.29E-07,0.999999168,3.03E-07
02-08-2021,1.96E-07,0.999999576,2.28E-07
03-08-2021,4.04E-07,0.999999264,3.32E-07
04-08-2021,9.81E-07,0.999998588,4.31E-07
05-08-2021,5.82E-07,0.999999159,2.59E-07
06-08-2021,8.35E-07,0.999998998,1.67E-07
09-08-2021,6.55E-07,0.999999126,2.19E-07
10-08-2021,5.04E-07,0.999999299,1.98E-07
11-08-2021,3.35E-07,0.9999994,2.65E-07
12-08-2021,3.40E-07,0.999999348,3.11E-07
13-08-2021,3.75E-07,0.999999223,4.02E-07
16-08-2021,1.93E-07,0.999999101,7.06E-07
17-08-2021,2.20E-07,0.999999593,1.87E-07
18-08-2021,2.43E-07,0.999980652,1.91E-05
19-08-2021,6.09E-07,0.999983671,1.57E-05
20-08-2021,5.47E-07,0.999997566,1.89E-06
23-08-2021,4.65E-07,0.999998946,5.89E-07
24-08-2021,3.85E-07,0.999999273,3.42E-07
25-08-2021,1.97E-07,0.999999668,1.35E-07
26-08-2021,1.10E-07,0.999999418,4.72E-07
27-08-2021,3.88E-07,0.999999477,1.35E-07
30-08-2021,1.91E-07,0.999999713,9.63E-08
31-08-2021,1.91E-07,0.99999968,1.29E-07
01-09-2021,1.92E-07,0.999999728,7.97E-08
02-09-2021,9.46E-08,0.999999756,1.49E-07
03-09-2021,1.32E-07,0.999999709,1.59E-07
07-09-2021,7.49E-08,0.999999843,8.22E-08
08-09-2021,7.93E-08,0.999999878,4.22E-08
09-09-2021,1.26E-07,0.999999774,9.98E-08
10-09-2021,3.10E-07,0.999998634,1.06E-06
13-09-2021,1.33E-06,0.999998411,2.56E-07
14-09-2021,2.76E-06,0.99999714,9.64E-08
15-09-2021,6.96E-06,0.999992904,1.32E-07
16-09-2021,0.000107569,0.999891897,5.33E-07
17-09-2021,0.01722559,0.978413812,0.004360597
20-09-2021,0.355749294,0.007514982,0.636735724
21-09-2021,0.808100933,1.40E-07,0.191898927
22-09-2021,0.968403789,1.90E-06,0.031594315
23-09-2021,0.995565827,0.00208111,0.002353063
24-09-2021,0.991137951,0.008790107,7.19E-05
27-09-2021,0.990887354,0.009072009,4.06E-05
28-09-2021,0.99876758,2.03E-05,0.001212104
29-09-2021,0.999852693,3.08E-10,0.000147306
30-09-2021,0.999977598,3.36E-12,2.24E-05
01-10-2021,0.999992679,6.42E-13,7.32E-06
04-10-2021,0.99999058,4.84E-13,9.42E-06
05-10-2021,0.999991704,9.36E-14,8.30E-06
06-10-2021,0.999988412,5.38E-10,1.16E-05
07-10-2021,0.999985175,7.27E-08,1.48E-05
08-10-2021,0.999986353,1.12E-06,1.25E-05
11-10-2021,0.999981024,6.11E-08,1.89E-05
12-10-2021,0.999973095,1.93E-09,2.69E-05
13-10-2021,0.999839632,2.53E-08,0.000160343
14-10-2021,0.997754175,0.000797496,0.001448329
15-10-2021,0.204137605,0.795614194,0.000248202
18-10-2021,0.004987379,0.995003175,9.45E-06
19-10-2021,2.66E-05,0.999972494,8.58E-07
20-10-2021,4.60E-07,0.999998933,6.07E-07
21-10-2021,3.75E-07,0.999999078,5.46E-07
22-10-2021,2.58E-07,0.999999359,3.83E-07
25-10-2021,2.10E-07,0.999999083,7.07E-07
26-10-2021,1.11E-07,0.999999113,7.76E-07
27-10-2021,3.26E-07,0.99999955,1.24E-07
28-10-2021,4.26E-07,0.99999946,1.15E-07
29-10-2021,8.44E-08,0.999999915,1.01E-09
01-11-2021,4.88E-08,0.999999951,6.59E-10
02-11-2021,2.85E-09,0.999999997,3.61E-14
03-11-2021,2.18E-09,0.999999998,2.25E-15
04-11-2021,9.57E-10,0.999999999,1.91E-15
05-11-2021,2.39E-10,1,3.35E-15
08-11-2021,6.80E-11,1,4.10E-15
09-11-2021,3.47E-11,1,4.10E-15
10-11-2021,2.47E-09,0.999999997,2.93E-11
11-11-2021,1.82E-08,0.999999982,4.71E-12
12-11-2021,3.94E-09,0.999999996,3.93E-13
15-11-2021,2.02E-09,0.999999998,2.19E-13
16-11-2021,1.24E-09,0.999999999,3.63E-13
17-11-2021,2.42E-10,1,7.21E-15
18-11-2021,1.30E-10,1,8.20E-15
19-11-2021,5.18E-11,1,5.70E-16
22-11-2021,1.81E-11,1,3.89E-16
23-11-2021,4.33E-11,1,1.20E-15
24-11-2021,2.36E-09,0.999999998,2.82E-12
26-11-2021,1.46E-16,1.05E-05,0.999989532
29-11-2021,1.32E-05,6.54E-08,0.999986767
30-11-2021,0.001684023,5.75E-08,0.99831592
01-12-2021,0.096544957,1.71E-12,0.903455043
02-12-2021,0.985968406,5.91E-13,0.014031594
03-12-2021,0.99463786,1.11E-12,0.00536214
06-12-2021,0.999150178,2.59E-10,0.000849821
07-12-2021,0.999944338,5.39E-10,5.57E-05
08-12-2021,0.999996492,3.34E-11,3.51E-06
09-12-2021,0.999977746,2.54E-09,2.23E-05
10-12-2021,0.999985278,1.60E-08,1.47E-05
13-12-2021,0.999943706,5.87E-09,5.63E-05
14-12-2021,0.999955056,5.19E-09,4.49E-05
15-12-2021,0.999967544,1.93E-09,3.25E-05
16-12-2021,0.99995289,1.25E-10,4.71E-05
17-12-2021,0.999949631,1.46E-09,5.04E-05
20-12-2021,0.999985479,5.65E-13,1.45E-05
21-12-2021,0.999994338,2.78E-12,5.66E-06
22-12-2021,0.99999678,1.45E-11,3.22E-06
23-12-2021,0.999996222,1.86E-10,3.78E-06
27-12-2021,0.999988878,1.05E-07,1.10E-05
28-12-2021,0.999995741,7.43E-08,4.19E-06
29-12-2021,0.999990063,5.49E-06,4.45E-06
30-12-2021,0.999831096,0.0001613,7.60E-06
31-12-2021,0.997958133,0.002033171,8.70E-06
03-01-2022,0.996957417,0.003033175,9.41E-06
04-01-2022,0.997431847,0.002554454,1.37E-05
05-01-2022,0.999852037,9.19E-05,5.60E-05
06-01-2022,0.99998983,1.82E-06,8.35E-06
07-01-2022,0.99998988,3.20E-06,6.92E-06
10-01-2022,0.999979505,1.37E-05,6.77E-06
11-01-2022,0.999747266,0.000243992,8.74E-06
12-01-2022,0.999283037,0.000708383,8.58E-06
13-01-2022,0.999882873,9.54E-05,2.17E-05
14-01-2022,0.999989591,1.64E-06,8.76E-06
18-01-2022,0.999975383,5.54E-10,2.46E-05
19-01-2022,0.999990224,2.56E-15,9.78E-06
20-01-2022,0.999988271,7.81E-21,1.17E-05
21-01-2022,0.999968685,2.45E-31,3.13E-05
24-01-2022,0.999956567,7.05E-36,4.34E-05
25-01-2022,0.999950275,1.13E-38,4.97E-05
26-01-2022,0.999967769,5.57E-45,3.22E-05
27-01-2022,0.999996176,5.37E-49,3.82E-06
28-01-2022,0.999983807,2.77E-46,1.62E-05
31-01-2022,0.999996137,3.37E-27,3.86E-06
01-02-2022,0.999999151,2.75E-18,8.49E-07
02-02-2022,0.999997643,1.39E-14,2.36E-06
03-02-2022,0.999992526,4.21E-21,7.47E-06
04-02-2022,0.999999492,2.05E-23,5.08E-07
07-02-2022,0.999999527,1.93E-23,4.73E-07
08-02-2022,0.999999306,2.02E-24,6.94E-07
09-02-2022,0.999996896,1.58E-19,3.10E-06
10-02-2022,0.999987072,1.46E-19,1.29E-05
11-02-2022,0.999987557,2.37E-30,1.24E-05
14-02-2022,0.999998247,7.26E-36,1.75E-06
15-02-2022,0.999996441,4.51E-35,3.56E-06
16-02-2022,0.999997965,4.28E-27,2.03E-06
17-02-2022,0.999974345,9.52E-37,2.57E-05
18-02-2022,0.999998589,1.11E-45,1.41E-06
22-02-2022,0.999998896,3.87E-54,1.10E-06
23-02-2022,0.999998508,1.96E-70,1.49E-06
24-02-2022,0.999998391,9.18E-76,1.61E-06
25-02-2022,0.999994412,2.04E-58,5.59E-06
28-02-2022,0.999943901,2.27E-42,5.61E-05
01-03-2022,0.999466532,7.15E-51,0.000533468
02-03-2022,0.999572915,5.74E-53,0.000427085
03-03-2022,0.999710578,3.99E-43,0.000289422
04-03-2022,0.999013494,4.07E-50,0.000986506
07-03-2022,0.99737822,1.32E-71,0.00262178
08-03-2022,0.999919832,1.78E-91,8.02E-05
09-03-2022,0.99995459,1.09E-91,4.54E-05
10-03-2022,0.999998961,3.27E-70,1.04E-06
11-03-2022,0.999999574,3.19E-84,4.26E-07
14-03-2022,0.99999976,1.78E-95,2.40E-07
15-03-2022,0.999998178,6.36E-98,1.82E-06
16-03-2022,0.999995196,2.45E-72,4.80E-06
17-03-2022,0.999993654,5.30E-50,6.35E-06
18-03-2022,0.999988162,1.82E-40,1.18E-05
21-03-2022,0.99999064,2.84E-34,9.36E-06
22-03-2022,0.999938878,4.76E-33,6.11E-05
23-03-2022,0.999947181,1.06E-32,5.28E-05
24-03-2022,0.999924696,2.94E-33,7.53E-05
25-03-2022,0.999942076,3.28E-24,5.79E-05
28-03-2022,0.999909348,5.22E-21,9.07E-05
29-03-2022,0.999701923,9.00E-17,0.000298077
30-03-2022,0.999816413,1.28E-13,0.000183587
31-03-2022,0.999939804,1.27E-20,6.02E-05
01-04-2022,0.999985958,3.19E-20,1.40E-05
04-04-2022,0.999974314,1.90E-18,2.57E-05
05-04-2022,0.999995493,1.32E-17,4.51E-06
06-04-2022,0.999998013,7.50E-24,1.99E-06
07-04-2022,0.999998141,5.12E-24,1.86E-06
08-04-2022,0.999998192,6.46E-24,1.81E-06
11-04-2022,0.999994124,2.13E-32,5.88E-06
12-04-2022,0.999998207,9.14E-39,1.79E-06
13-04-2022,0.999996356,1.06E-38,3.64E-06
14-04-2022,0.999996751,2.10E-37,3.25E-06
18-04-2022,0.999996891,2.82E-43,3.11E-06
19-04-2022,0.99998878,9.81E-40,1.12E-05
20-04-2022,0.999996614,8.36E-31,3.39E-06
21-04-2022,0.99999661,1.04E-38,3.39E-06
22-04-2022,0.999980849,2.24E-57,1.92E-05
25-04-2022,0.99999701,1.79E-65,2.99E-06
26-04-2022,0.999912208,3.97E-79,8.78E-05
27-04-2022,0.999998855,6.03E-96,1.14E-06
28-04-2022,0.999987195,5.56E-89,1.28E-05
29-04-2022,0.999975049,9.52E-92,2.50E-05
02-05-2022,0.999999649,6.62E-112,3.51E-07
03-05-2022,0.999999932,1.93E-108,6.79E-08
04-05-2022,0.999994783,1.09E-102,5.22E-06
05-05-2022,0.999902924,2.00E-95,9.71E-05
06-05-2022,0.999999183,2.87E-120,8.17E-07
09-05-2022,0.99998641,4.23E-152,1.36E-05
10-05-2022,0.99999952,5.82E-191,4.80E-07
11-05-2022,0.999999743,5.38E-200,2.57E-07
12-05-2022,0.99999991,4.24E-227,8.99E-08
13-05-2022,0.99999787,1.83E-228,2.13E-06
16-05-2022,0.999998936,1.56E-199,1.06E-06
17-05-2022,0.999944513,1.02E-206,5.55E-05
18-05-2022,0.999697376,1.61E-210,0.000302624
19-05-2022,0.99999985,2.19E-256,1.50E-07
20-05-2022,0.999999984,2.15E-266,1.56E-08
23-05-2022,0.999999744,1.96E-266,2.56E-07
24-05-2022,0.999999952,8.21E-242,4.78E-08
25-05-2022,0.999999976,5.20E-248,2.37E-08
26-05-2022,0.999999076,3.44E-230,9.24E-07
27-05-2022,0.999978783,4.75E-189,2.12E-05
31-05-2022,0.999999303,2.62E-151,6.97E-07
01-06-2022,0.99999995,1.51E-162,5.04E-08
02-06-2022,0.999998601,8.25E-169,1.40E-06
03-06-2022,0.999999952,3.36E-152,4.78E-08
06-06-2022,0.999999995,3.38E-164,4.71E-09
07-06-2022,0.99999997,4.71E-160,3.02E-08
08-06-2022,0.999999998,2.13E-153,2.39E-09
09-06-2022,0.999999999,5.30E-185,5.89E-10
10-06-2022,1,5.88E-225,8.19E-11
13-06-2022,1,3.81E-288,5.67E-11
14-06-2022,1,0,6.70E-14
15-06-2022,1,0,1.83E-13
16-06-2022,1,0,8.33E-14
17-06-2022,1,0,3.65E-16
21-06-2022,1,0,1.63E-14
22-06-2022,1,0,3.54E-15
23-06-2022,1,0,5.23E-15
24-06-2022,1,0,1.14E-11
27-06-2022,1,9.02E-284,1.37E-12
28-06-2022,1,2.48E-308,7.76E-14
29-06-2022,1,0,2.87E-15
30-06-2022,1,0,7.18E-16
01-07-2022,1,0,1.07E-15
05-07-2022,1,0,1.32E-15
06-07-2022,1,0,1.58E-15
07-07-2022,1,0,5.43E-14
08-07-2022,1,3.044585958e-314,1.01E-14
11-07-2022,1,0,2.62E-15
12-07-2022,1,0,4.37E-16
13-07-2022,1,0,2.67E-17
14-07-2022,1,0,1.58E-18
15-07-2022,1,0,5.56E-17
18-07-2022,1,0,3.11E-17
19-07-2022,1,0,1.07E-14
20-07-2022,1,4.01E-276,3.33E-14
21-07-2022,1,5.28E-260,4.37E-13
22-07-2022,1,8.82E-251,2.23E-13
25-07-2022,1,1.82E-260,5.16E-13
26-07-2022,1,6.80E-265,1.22E-12
27-07-2022,1,2.20E-269,1.18E-10
28-07-2022,1,1.19E-211,1.49E-10
29-07-2022,0.999999998,1.61E-186,1.56E-09
01-08-2022,0.999999997,4.24E-164,3.12E-09
02-08-2022,0.999999998,9.00E-171,1.73E-09
03-08-2022,0.999999996,6.75E-176,4.49E-09
04-08-2022,0.999999999,5.68E-154,7.65E-10
05-08-2022,1,3.12E-158,1.54E-10
08-08-2022,1,2.42E-160,4.47E-11
09-08-2022,1,4.92E-165,6.94E-12
10-08-2022,1,4.44E-163,8.92E-11
11-08-2022,1,2.46E-130,3.46E-11
12-08-2022,0.999999999,1.66E-125,1.20E-09
15-08-2022,0.999999998,1.10E-99,1.51E-09
16-08-2022,0.999999999,1.88E-94,1.36E-09
17-08-2022,1,1.10E-95,4.88E-10
18-08-2022,0.999999999,3.72E-99,5.55E-10
19-08-2022,1,2.04E-105,1.76E-10
22-08-2022,1,3.37E-125,1.67E-10
23-08-2022,1,3.87E-141,5.43E-11
24-08-2022,1,3.56E-143,3.77E-11
25-08-2022,1,7.32E-135,4.76E-10
26-08-2022,0.999999998,2.44E-144,2.05E-09
29-08-2022,1,6.48E-170,8.18E-11
30-08-2022,1,1.29E-186,1.23E-11
31-08-2022,1,1.23E-209,1.85E-12
01-09-2022,1,5.53E-222,1.94E-12
02-09-2022,1,6.02E-231,1.64E-13
06-09-2022,1,8.20E-253,1.02E-13
07-09-2022,1,1.71E-254,6.81E-13
08-09-2022,1,7.68E-223,9.38E-13
09-09-2022,1,2.59E-208,2.12E-11
12-09-2022,1,2.24E-178,4.38E-10
13-09-2022,0.999999997,8.07E-204,3.14E-09
14-09-2022,1,7.60E-228,3.84E-11
15-09-2022,1,9.47E-238,5.20E-12
16-09-2022,1,2.77E-265,8.20E-13
19-09-2022,1,9.12E-279,1.30E-12
20-09-2022,1,5.36E-278,4.49E-13
21-09-2022,1,5.0984759425e-314,3.26E-14
22-09-2022,1,0,1.70E-15
23-09-2022,1,0,1.57E-16
26-09-2022,1,0,4.35E-17
27-09-2022,1,0,2.91E-17
28-09-2022,1,0,2.33E-17
29-09-2022,1,0,1.51E-18
30-09-2022,1,0,9.56E-21
03-10-2022,1,0,8.37E-19
04-10-2022,1,0,3.02E-15
05-10-2022,1,0,5.34E-16
06-10-2022,1,0,2.11E-16
07-10-2022,1,0,6.31E-18
10-10-2022,1,0,1.25E-19
11-10-2022,1,0,3.10E-20
12-10-2022,1,0,2.16E-21
13-10-2022,1,0,3.80E-19
14-10-2022,1,0,8.10E-21
17-10-2022,1,0,1.01E-18
18-10-2022,1,0,6.48E-18
19-10-2022,1,0,2.91E-18
20-10-2022,1,0,9.66E-20
21-10-2022,1,0,1.09E-16
24-10-2022,1,0,3.35E-15
25-10-2022,1,0,9.01E-14
26-10-2022,1,0,1.56E-15
27-10-2022,1,0,1.36E-16
28-10-2022,1,0,1.54E-14
31-10-2022,1,7.393328365164e-312,1.63E-15
01-11-2022,1,0,9.75E-17
02-11-2022,1,0,1.82E-18
03-11-2022,1,0,5.60E-20
04-11-2022,1,0,3.38E-19
07-11-2022,1,0,7.40E-19
08-11-2022,1,0,9.34E-18
09-11-2022,1,0,8.49E-19
10-11-2022,1,0,1.33E-11
11-11-2022,1,6.49E-261,8.26E-13
14-11-2022,1,1.43E-249,1.93E-13
15-11-2022,1,1.07E-251,4.74E-13
16-11-2022,1,4.62E-248,1.29E-13
17-11-2022,1,4.91E-268,2.33E-14
18-11-2022,1,4.20E-268,2.51E-14
21-11-2022,1,6.51E-267,5.13E-15
22-11-2022,1,1.21E-265,3.19E-14
23-11-2022,1,7.46E-241,7.37E-14
25-11-2022,1,2.56E-234,7.97E-14
28-11-2022,1,1.55E-251,2.07E-14
29-11-2022,1,5.09E-263,7.86E-15
30-11-2022,1,4.74E-260,6.65E-12
01-12-2022,1,3.65E-203,3.18E-12
02-12-2022,1,1.13E-206,6.68E-13
05-12-2022,1,2.81E-223,1.67E-13
06-12-2022,1,9.37E-246,6.34E-14
07-12-2022,1,7.22E-261,4.20E-14
08-12-2022,1,2.91E-264,4.65E-14
09-12-2022,1,1.35E-257,2.36E-14
12-12-2022,1,3.84E-246,1.24E-12
13-12-2022,1,6.78E-223,1.15E-12
14-12-2022,1,5.52E-221,3.75E-13
15-12-2022,1,4.34E-253,8.95E-14
16-12-2022,1,4.30E-279,3.51E-14
19-12-2022,1,1.04E-304,1.17E-14
20-12-2022,1,7.36e-322,7.33E-15
21-12-2022,1,0,1.03E-14
22-12-2022,1,2.20E-307,3.14E-15
23-12-2022,1,0,2.02E-15
27-12-2022,1,0,7.14E-16
28-12-2022,1,0,5.04E-17
29-12-2022,1,0,6.20E-16
30-12-2022,1,1.7e-322,7.33E-16
03-01-2023,1,0,9.37E-17
04-01-2023,1,0,4.69E-18
05-01-2023,1,0,6.19E-19
06-01-2023,1,0,1.42E-17
09-01-2023,1,5.86E-299,7.22E-18
10-01-2023,1,9.95E-305,1.60E-18
11-01-2023,1,9.91E-288,6.78E-17
12-01-2023,1,4.31E-265,1.05E-17
13-01-2023,1,2.30E-260,1.20E-17
17-01-2023,1,2.00E-256,2.07E-17
18-01-2023,1,1.13E-270,1.77E-19
19-01-2023,1,3.50E-282,4.10E-20
20-01-2023,1,8.13E-287,3.68E-18
23-01-2023,1,6.87E-246,1.18E-16
24-01-2023,1,9.13E-227,2.81E-17
25-01-2023,1,1.37E-229,6.94E-18
26-01-2023,1,2.26E-227,1.12E-16
27-01-2023,1,4.21E-208,1.52E-16
30-01-2023,1,6.93E-214,8.93E-17
31-01-2023,1,3.54E-216,4.59E-16
01-02-2023,1,1.53E-188,2.68E-15
02-02-2023,1,7.16E-165,6.61E-12
03-02-2023,1,8.80E-152,3.25E-13
06-02-2023,1,2.52E-162,8.43E-14
07-02-2023,1,5.97E-161,2.36E-12
08-02-2023,1,6.99E-150,6.04E-13
09-02-2023,1,1.20E-166,1.47E-13
10-02-2023,1,6.51E-170,9.60E-14
13-02-2023,1,1.89E-165,1.72E-12
14-02-2023,1,7.05E-152,3.21E-13
15-02-2023,1,2.63E-155,2.61E-13
16-02-2023,1,8.23E-160,1.20E-13
17-02-2023,1,1.12E-170,5.60E-14
21-02-2023,1,2.71E-188,3.93E-14
22-02-2023,1,9.53E-203,8.90E-15
23-02-2023,1,1.43E-208,8.25E-15
24-02-2023,1,8.65E-212,1.60E-15
27-02-2023,1,3.93E-226,7.95E-16
28-02-2023,1,1.63E-227,2.29E-16
01-03-2023,1,3.71E-241,3.90E-17
02-03-2023,1,1.64E-242,1.31E-16
03-03-2023,1,1.39E-225,2.10E-15
06-03-2023,1,1.22E-196,8.60E-16
07-03-2023,1,1.30E-209,1.01E-15
08-03-2023,1,5.36E-223,1.49E-15
09-03-2023,1,6.90E-233,3.92E-16
10-03-2023,1,7.28E-261,2.08E-16
13-03-2023,1,2.87E-274,8.54E-16
14-03-2023,1,3.12E-280,1.19E-15
15-03-2023,1,1.23E-251,1.00E-15
16-03-2023,1,4.25E-261,2.82E-15
17-03-2023,1,7.33E-236,2.53E-15
20-03-2023,1,1.06E-247,5.35E-16
21-03-2023,1,2.18E-232,1.09E-15
22-03-2023,1,1.98E-222,5.06E-17
23-03-2023,1,8.04E-242,4.56E-17
24-03-2023,1,2.43E-237,1.03E-16
27-03-2023,1,5.05E-230,2.16E-17
28-03-2023,1,3.15E-233,6.90E-18
29-03-2023,1,7.28E-236,2.30E-16
30-03-2023,1,2.38E-208,1.31E-15
31-03-2023,1,6.09E-195,6.37E-14
03-04-2023,1,1.23E-169,7.50E-14
04-04-2023,1,2.29E-169,4.45E-14
05-04-2023,1,3.16E-177,8.94E-15
06-04-2023,1,4.36E-177,1.15E-14
10-04-2023,1,1.96E-169,5.72E-15
11-04-2023,1,3.99E-167,1.71E-15
12-04-2023,1,5.49E-172,1.37E-15
13-04-2023,1,8.11E-170,1.04E-14
14-04-2023,1,9.43E-152,1.43E-14
17-04-2023,1,6.52E-153,6.51E-15
18-04-2023,1,5.94E-148,7.87E-14
19-04-2023,1,4.98E-149,1.85E-12
20-04-2023,1,3.58E-152,2.34E-12
21-04-2023,1,2.28E-151,1.58E-11
24-04-2023,1,2.70E-151,5.35E-11
25-04-2023,1,1.16E-163,1.40E-11
26-04-2023,1,3.21E-176,2.11E-15
27-04-2023,1,6.58E-174,1.85E-13
28-04-2023,1,5.41E-139,1.27E-13
01-05-2023,1,1.98E-128,8.02E-14
02-05-2023,1,9.09E-136,1.14E-14
03-05-2023,1,1.03E-147,3.71E-15
04-05-2023,1,7.11E-157,1.54E-15
05-05-2023,1,4.47E-161,3.78E-15
08-05-2023,1,4.75E-134,2.85E-15
09-05-2023,1,7.04E-139,2.29E-15
10-05-2023,1,8.09E-143,3.14E-15
11-05-2023,1,6.05E-140,2.26E-15
12-05-2023,1,2.54E-144,4.20E-16
15-05-2023,1,3.15E-144,4.53E-16
16-05-2023,1,1.29E-144,2.54E-16
17-05-2023,1,3.40E-146,8.17E-16
18-05-2023,1,7.45E-127,8.05E-15
19-05-2023,1,4.47E-115,1.01E-14
22-05-2023,1,2.05E-117,8.85E-15
23-05-2023,1,8.38E-125,1.41E-14
24-05-2023,1,7.36E-133,2.28E-15
25-05-2023,1,1.02E-135,2.24E-12
26-05-2023,1,5.17E-120,5.51E-12
30-05-2023,1,5.71E-104,2.45E-12
31-05-2023,1,9.90E-109,1.11E-12
01-06-2023,1,1.19E-110,2.57E-12
02-06-2023,1,1.63E-95,1.14E-11
05-06-2023,1,1.41E-79,1.25E-11
06-06-2023,1,1.51E-80,1.49E-11
07-06-2023,1,1.35E-81,8.75E-12
08-06-2023,1,2.42E-82,1.47E-11
09-06-2023,1,8.47E-76,1.79E-11
12-06-2023,1,6.72E-71,3.50E-10
13-06-2023,0.999999999,5.78E-60,7.88E-10
14-06-2023,0.999999999,1.74E-54,5.84E-10
15-06-2023,0.999999953,6.18E-50,4.71E-08
16-06-2023,0.999999989,1.81E-41,1.12E-08
20-06-2023,0.999999997,7.70E-46,3.22E-09
21-06-2023,0.999999998,3.07E-49,1.80E-09
22-06-2023,0.999999997,1.44E-50,3.29E-09
23-06-2023,0.999999999,4.26E-51,6.95E-10
26-06-2023,0.999999999,1.71E-54,1.15E-09
27-06-2023,0.999999991,2.08E-53,9.42E-09
28-06-2023,0.999999994,4.43E-44,6.18E-09
29-06-2023,0.999999989,1.16E-43,1.13E-08
30-06-2023,0.999999911,2.80E-38,8.90E-08
03-07-2023,0.999999942,2.56E-29,5.76E-08
05-07-2023,0.999999888,8.68E-29,1.12E-07
06-07-2023,0.999999962,2.25E-32,3.81E-08
07-07-2023,0.999999973,2.56E-35,2.70E-08
10-07-2023,0.99999997,1.82E-35,3.03E-08
11-07-2023,0.999999954,5.58E-33,4.60E-08
12-07-2023,0.999999906,4.57E-28,9.39E-08
13-07-2023,0.999999807,1.34E-21,1.93E-07
14-07-2023,0.999999853,8.83E-18,1.47E-07
17-07-2023,0.999999837,1.33E-17,1.63E-07
18-07-2023,0.999999942,6.95E-15,5.78E-08
19-07-2023,0.999999956,3.14E-11,4.36E-08
20-07-2023,0.999999933,2.80E-12,6.68E-08
21-07-2023,0.999999965,1.33E-12,3.48E-08
24-07-2023,0.999999928,5.24E-12,7.22E-08
25-07-2023,0.999999903,5.62E-10,9.67E-08
26-07-2023,0.999999992,2.81E-09,4.92E-09
27-07-2023,0.999999996,2.39E-10,4.13E-09
28-07-2023,0.999999959,2.35E-10,4.12E-08
31-07-2023,0.999999109,8.46E-07,4.47E-08
01-08-2023,0.999998677,1.32E-06,6.46E-09
02-08-2023,0.999999713,3.24E-10,2.87E-07
03-08-2023,0.99999994,1.78E-11,6.04E-08
04-08-2023,0.999999994,7.33E-13,5.50E-09
07-08-2023,0.999999999,9.92E-13,1.50E-09
08-08-2023,1,1.51E-10,3.47E-10
09-08-2023,1,1.30E-13,1.42E-10
10-08-2023,1,2.83E-15,3.29E-11
11-08-2023,1,8.70E-16,6.96E-12
14-08-2023,1,4.25E-16,4.56E-11
15-08-2023,1,3.54E-17,1.64E-11
16-08-2023,1,4.80E-22,9.51E-13
17-08-2023,1,1.49E-26,1.37E-12
18-08-2023,1,4.19E-30,5.05E-13
21-08-2023,1,4.64E-30,7.87E-12
22-08-2023,1,9.36E-28,2.60E-12
23-08-2023,1,1.79E-28,5.44E-11
24-08-2023,0.999999995,4.29E-28,4.87E-09
25-08-2023,0.999999991,1.54E-31,9.24E-09
28-08-2023,0.999999992,1.72E-26,7.84E-09
29-08-2023,0.999999876,1.54E-21,1.24E-07
30-08-2023,0.999999849,5.92E-14,1.51E-07
31-08-2023,0.999999917,5.95E-13,8.30E-08
01-09-2023,0.99999991,4.58E-14,9.01E-08
05-09-2023,0.99999969,2.80E-14,3.10E-07
06-09-2023,0.999999758,1.02E-17,2.42E-07
07-09-2023,0.999999723,8.24E-19,2.77E-07
08-09-2023,0.999999773,1.71E-20,2.27E-07
11-09-2023,0.999999546,3.52E-19,4.54E-07
12-09-2023,0.999999703,5.35E-18,2.97E-07
13-09-2023,0.999999861,1.78E-19,1.39E-07
14-09-2023,0.999999647,8.43E-18,3.53E-07
15-09-2023,0.999999837,6.67E-18,1.63E-07
18-09-2023,0.999999909,6.76E-19,9.08E-08
19-09-2023,0.999999943,6.11E-20,5.67E-08
20-09-2023,0.999999958,3.63E-24,4.18E-08
21-09-2023,0.999999982,2.51E-33,1.78E-08
22-09-2023,0.999999995,2.75E-37,4.70E-09
25-09-2023,0.999999999,3.49E-38,1.09E-09
26-09-2023,0.999999999,3.15E-43,1.19E-09
27-09-2023,1,2.61E-49,4.95E-10
28-09-2023,1,2.52E-48,2.31E-10
29-09-2023,1,1.86E-46,1.11E-10
02-10-2023,1,1.40E-49,1.34E-10
03-10-2023,1,3.93E-57,4.85E-11
04-10-2023,1,1.75E-61,2.11E-10
05-10-2023,0.999999999,1.52E-57,7.31E-10
06-10-2023,0.99999999,1.95E-57,9.87E-09
09-10-2023,0.999999973,3.42E-46,2.68E-08
10-10-2023,0.999999976,3.04E-41,2.36E-08
11-10-2023,0.999999959,4.60E-38,4.12E-08
12-10-2023,0.999999964,7.76E-39,3.63E-08
13-10-2023,0.999999932,1.91E-42,6.76E-08
16-10-2023,0.999999922,5.64E-41,7.76E-08
17-10-2023,0.999999855,5.26E-34,1.45E-07
18-10-2023,0.99999994,5.17E-41,6.03E-08
19-10-2023,0.999999969,3.71E-46,3.06E-08
20-10-2023,0.999999981,2.07E-54,1.86E-08
23-10-2023,0.999999985,5.64E-61,1.50E-08
24-10-2023,0.999999985,7.73E-62,1.50E-08
25-10-2023,1,3.79E-64,4.57E-12
26-10-2023,1,1.69E-77,5.66E-11
27-10-2023,1,8.77E-85,5.30E-11
30-10-2023,1,9.16E-88,1.55E-10
31-10-2023,1,5.88E-77,1.87E-10
01-11-2023,1,6.99E-71,4.61E-10
02-11-2023,0.999999999,1.65E-58,1.43E-09
03-11-2023,0.999999997,7.70E-41,3.04E-09
06-11-2023,0.999999999,7.42E-35,1.07E-09
07-11-2023,0.999999999,1.49E-34,8.70E-10
08-11-2023,0.999999999,1.46E-34,1.00E-09
09-11-2023,1,1.22E-38,4.87E-10
10-11-2023,0.999999987,1.17E-37,1.29E-08
13-11-2023,0.999999989,8.40E-28,1.13E-08
14-11-2023,0.999999818,3.73E-27,1.82E-07
15-11-2023,0.999999821,3.65E-16,1.79E-07
16-11-2023,0.999999871,2.49E-15,1.29E-07
17-11-2023,0.999999883,1.75E-15,1.17E-07
20-11-2023,0.999999882,1.76E-13,1.18E-07
21-11-2023,0.999999865,1.16E-11,1.35E-07
22-11-2023,0.999999869,1.23E-10,1.31E-07
24-11-2023,0.999999147,2.47E-09,8.50E-07
27-11-2023,0.999999868,1.12E-08,1.21E-07
28-11-2023,0.99999981,3.21E-09,1.87E-07
29-11-2023,0.999999706,6.78E-09,2.87E-07
30-11-2023,0.999999447,5.14E-09,5.48E-07
01-12-2023,0.999999416,2.31E-07,3.53E-07
04-12-2023,0.999996079,2.49E-06,1.43E-06
05-12-2023,0.999984076,1.28E-05,3.14E-06
06-12-2023,0.999879231,0.000104103,1.67E-05
07-12-2023,0.990327616,0.009410285,0.000262099
08-12-2023,0.578110652,0.421545439,0.000343908
11-12-2023,0.028570525,0.971392346,3.71E-05
12-12-2023,0.000280007,0.999719852,1.41E-07
13-12-2023,0.000251406,0.999745239,3.36E-06
14-12-2023,3.74E-06,0.999996252,5.03E-09
15-12-2023,9.27E-07,0.999999072,5.90E-10
18-12-2023,1.37E-06,0.999998626,4.21E-10
19-12-2023,3.75E-06,0.999996249,1.06E-09
20-12-2023,3.26E-05,0.999967395,3.65E-08
21-12-2023,3.62E-07,0.999999638,2.08E-11
22-12-2023,6.50E-08,0.999999935,1.85E-12
26-12-2023,4.79E-08,0.999999952,2.76E-12
27-12-2023,5.30E-08,0.999999947,6.00E-12
28-12-2023,6.55E-08,0.999999934,1.12E-11
29-12-2023,7.27E-08,0.999999927,3.61E-12
02-01-2024,4.00E-07,0.9999996,6.88E-11
03-01-2024,3.16E-06,0.999996838,4.49E-10
04-01-2024,4.06E-06,0.999995944,1.66E-10
05-01-2024,9.35E-06,0.999990648,7.39E-10
08-01-2024,2.09E-05,0.999978935,1.33E-07
09-01-2024,1.36E-06,0.999998634,2.29E-09
10-01-2024,1.17E-06,0.99999883,3.76E-09
11-01-2024,1.50E-06,0.999998493,5.06E-09
12-01-2024,1.26E-06,0.999998735,3.27E-09
16-01-2024,1.03E-06,0.999998966,6.06E-09
17-01-2024,1.37E-06,0.999998546,8.38E-08
18-01-2024,1.17E-06,0.999998638,1.92E-07
19-01-2024,5.39E-06,0.999993352,1.26E-06
22-01-2024,1.30E-06,0.999998587,1.15E-07
23-01-2024,6.30E-07,0.999999312,5.77E-08
24-01-2024,3.78E-07,0.999999567,5.46E-08
25-01-2024,8.55E-07,0.99999901,1.36E-07
26-01-2024,5.75E-07,0.999999336,8.92E-08
29-01-2024,3.16E-06,0.999996311,5.29E-07
30-01-2024,1.33E-05,0.99998646,2.64E-07
31-01-2024,0.00112747,0.998676726,0.000195804
01-02-2024,7.89E-05,0.999917809,3.31E-06
02-02-2024,4.76E-06,0.99999457,6.74E-07
05-02-2024,4.35E-06,0.999995431,2.21E-07
06-02-2024,2.78E-06,0.999997095,1.27E-07
07-02-2024,1.30E-06,0.999998662,3.59E-08
08-02-2024,1.04E-06,0.999998926,3.53E-08
09-02-2024,7.90E-07,0.999999173,3.72E-08
12-02-2024,6.00E-07,0.999999353,4.70E-08
13-02-2024,1.06E-05,0.999987037,2.38E-06
14-02-2024,2.28E-06,0.999997514,2.01E-07
15-02-2024,6.63E-07,0.999999169,1.68E-07
16-02-2024,1.91E-06,0.999997893,2.02E-07
20-02-2024,2.40E-06,0.999997542,5.68E-08
21-02-2024,9.02E-06,0.999990883,9.96E-08
22-02-2024,0.000267476,0.999703641,2.89E-05
23-02-2024,4.18E-05,0.999957547,6.18E-07
26-02-2024,1.61E-05,0.999983461,4.56E-07
27-02-2024,9.39E-06,0.999990365,2.49E-07
28-02-2024,7.48E-06,0.999992297,2.18E-07
29-02-2024,5.07E-06,0.999994702,2.23E-07
01-03-2024,3.38E-06,0.999996612,1.19E-08
04-03-2024,8.79E-07,0.99999912,3.92E-10
05-03-2024,8.86E-06,0.999991058,8.40E-08
06-03-2024,2.71E-06,0.999997217,7.27E-08
07-03-2024,3.35E-06,0.99999643,2.22E-07
08-03-2024,5.73E-06,0.999994194,7.45E-08
11-03-2024,2.48E-06,0.999997512,1.19E-08
12-03-2024,4.54E-06,0.999995432,2.96E-08
13-03-2024,4.89E-06,0.999995075,3.16E-08
14-03-2024,7.87E-07,0.999999212,1.16E-09
15-03-2024,8.33E-07,0.999999166,1.21E-09
18-03-2024,8.03E-07,0.999999195,2.25E-09
19-03-2024,1.22E-06,0.999998779,3.07E-09
20-03-2024,1.43E-06,0.999998568,3.87E-09
21-03-2024,4.23E-07,0.999999577,8.19E-11
22-03-2024,2.75E-07,0.999999725,7.55E-12
25-03-2024,2.48E-07,0.999999752,6.95E-12
26-03-2024,2.52E-07,0.999999748,4.57E-12
27-03-2024,4.03E-07,0.999999597,1.47E-11
28-03-2024,2.86E-07,0.999999714,1.45E-11
01-04-2024,1.81E-07,0.999999819,8.54E-12
02-04-2024,3.34E-07,0.999999666,2.52E-11
03-04-2024,2.88E-07,0.999999712,1.08E-11
04-04-2024,1.43E-07,0.999999857,4.47E-14
05-04-2024,1.79E-06,0.999998212,7.29E-13
08-04-2024,5.44E-07,0.999999456,2.07E-13
09-04-2024,1.67E-06,0.999998332,4.73E-13
10-04-2024,0.000602703,0.999397297,1.17E-10
11-04-2024,0.057463916,0.942536062,2.19E-08
12-04-2024,0.344031757,0.655968178,6.45E-08
15-04-2024,0.999979482,1.73E-05,3.22E-06
16-04-2024,0.999999979,2.47E-11,2.11E-08
17-04-2024,0.999999972,1.02E-11,2.75E-08
18-04-2024,0.999999997,1.33E-11,2.50E-09
19-04-2024,0.999999999,1.19E-13,9.75E-10
22-04-2024,0.999999565,4.45E-14,4.35E-07
23-04-2024,0.999999535,5.66E-10,4.64E-07
24-04-2024,0.999999547,1.69E-07,2.84E-07
25-04-2024,0.99999988,8.18E-08,3.79E-08
26-04-2024,0.999999653,3.28E-07,1.91E-08
29-04-2024,0.999959387,4.06E-05,6.90E-09
30-04-2024,0.999999887,1.46E-08,9.86E-08
01-05-2024,0.999999935,3.79E-10,6.43E-08
02-05-2024,0.999999774,1.21E-08,2.14E-07
03-05-2024,0.998771102,0.001197738,3.12E-05
06-05-2024,0.725511975,0.27446677,2.13E-05
07-05-2024,0.195873465,0.804119256,7.28E-06
08-05-2024,0.022443661,0.977555483,8.56E-07
09-05-2024,0.001201732,0.998798143,1.25E-07
10-05-2024,4.21E-05,0.999957841,2.38E-08
13-05-2024,2.67E-06,0.999997312,2.26E-08
14-05-2024,1.01E-06,0.999998984,7.19E-09
15-05-2024,1.03E-05,0.999989479,2.36E-07
16-05-2024,1.55E-06,0.999998427,2.17E-08
17-05-2024,1.09E-06,0.999998896,1.63E-08
20-05-2024,5.73E-07,0.999999421,5.16E-09
21-05-2024,1.16E-06,0.999998833,1.04E-08
22-05-2024,1.72E-06,0.999998267,1.22E-08
23-05-2024,5.95E-06,0.999993999,4.71E-08
24-05-2024,1.50E-06,0.999998466,3.58E-08
28-05-2024,7.30E-07,0.999999232,3.79E-08
29-05-2024,2.32E-06,0.999997497,1.81E-07
30-05-2024,5.23E-06,0.999994765,3.32E-09
31-05-2024,1.02E-05,0.999989827,1.57E-08
03-06-2024,3.75E-06,0.999996249,3.57E-09
04-06-2024,2.98E-07,0.999999702,7.14E-13
05-06-2024,2.27E-06,0.999997729,7.37E-10
06-06-2024,1.20E-06,0.999998795,3.92E-10
07-06-2024,6.43E-07,0.999999357,9.10E-11
10-06-2024,1.59E-07,0.999999841,1.44E-12
11-06-2024,1.14E-07,0.999999886,8.89E-13
12-06-2024,9.38E-07,0.999999062,5.77E-11
13-06-2024,4.35E-07,0.999999564,2.51E-11
14-06-2024,3.17E-07,0.999999683,1.88E-11
17-06-2024,1.90E-06,0.999998099,3.64E-10
18-06-2024,9.00E-07,0.9999991,1.08E-10
20-06-2024,9.13E-07,0.999999087,3.13E-10
21-06-2024,5.46E-07,0.999999454,5.91E-11
24-06-2024,7.35E-07,0.999999265,6.27E-11
25-06-2024,2.87E-07,0.999999713,4.27E-12
26-06-2024,1.68E-07,0.999999832,1.43E-12
27-06-2024,2.18E-07,0.999999782,1.92E-12
28-06-2024,5.03E-07,0.999999497,2.72E-11
01-07-2024,1.82E-07,0.999999818,4.99E-11
02-07-2024,5.08E-07,0.999999491,7.08E-10
03-07-2024,6.06E-07,0.999999393,8.17E-10
05-07-2024,1.37E-06,0.999998624,3.85E-09
08-07-2024,1.38E-06,0.999998613,9.12E-09
09-07-2024,1.62E-06,0.999998377,4.23E-09
10-07-2024,1.83E-05,0.999981505,1.73E-07
11-07-2024,1.15E-05,0.999987391,1.09E-06
12-07-2024,6.97E-07,0.999998905,3.98E-07
15-07-2024,6.40E-07,0.999999132,2.29E-07
16-07-2024,3.98E-05,0.999959372,7.94E-07
17-07-2024,0.004610205,0.995172467,0.000217328
18-07-2024,0.108177323,0.891363831,0.000458846
19-07-2024,0.828723832,0.169723583,0.001552585
22-07-2024,0.957995049,0.041436746,0.000568206
23-07-2024,0.972285366,0.027236127,0.000478508
24-07-2024,0.9952821,2.20E-06,0.004715696
25-07-2024,0.996388153,2.66E-13,0.003611847
26-07-2024,0.997151226,4.56E-13,0.002848774
29-07-2024,0.998516477,2.47E-10,0.001483523
30-07-2024,0.999349232,2.79E-10,0.000650768
31-07-2024,0.999512606,6.69E-10,0.000487393
01-08-2024,0.998598223,1.29E-09,0.001401776
02-08-2024,0.980527179,4.68E-15,0.019472821
05-08-2024,0.167233588,1.27E-31,0.832766412
06-08-2024,0.961700495,1.49E-35,0.038299505
07-08-2024,0.998894551,3.25E-35,0.001105449
08-08-2024,0.999963042,9.17E-35,3.70E-05
09-08-2024,0.999993573,3.24E-24,6.43E-06
12-08-2024,0.999993937,3.00E-22,6.06E-06
13-08-2024,0.999962452,6.54E-20,3.75E-05
14-08-2024,0.999847112,8.62E-15,0.000152888
15-08-2024,0.999515699,1.29E-12,0.000484301
16-08-2024,0.999196676,2.83E-09,0.000803321
19-08-2024,0.998906565,5.33E-08,0.001093382
20-08-2024,0.99905829,3.11E-07,0.000941399
21-08-2024,0.999212086,3.31E-06,0.000784601
22-08-2024,0.999592919,1.07E-05,0.000396363
23-08-2024,0.999819553,1.61E-05,0.000164339
26-08-2024,0.999917368,1.71E-05,6.55E-05
27-08-2024,0.999923947,3.07E-05,4.54E-05
28-08-2024,0.999861698,6.96E-05,6.87E-05
29-08-2024,0.999783994,0.000129713,8.63E-05
30-08-2024,0.999292535,0.000306183,0.000401283
03-09-2024,0.999137155,5.34E-06,0.000857503
04-09-2024,0.999985072,1.99E-06,1.29E-05
05-09-2024,0.999997356,4.08E-07,2.24E-06
06-09-2024,0.99999143,3.12E-10,8.57E-06
09-09-2024,0.999994383,8.01E-11,5.62E-06
10-09-2024,0.999991435,3.14E-06,5.42E-06
11-09-2024,0.992502401,0.007350201,0.000147398
12-09-2024,0.669410005,0.330336329,0.000253666
13-09-2024,0.231733263,0.768101545,0.000165192
16-09-2024,0.015211599,0.984777554,1.08E-05
17-09-2024,0.000229689,0.99976899,1.32E-06
18-09-2024,1.04E-06,0.999998895,6.35E-08
19-09-2024,1.17E-05,0.999982398,5.89E-06
20-09-2024,8.36E-06,0.999990781,8.61E-07
23-09-2024,1.51E-06,0.999998215,2.74E-07
24-09-2024,7.16E-07,0.999999183,1.01E-07
25-09-2024,7.80E-07,0.99999911,1.10E-07
26-09-2024,2.92E-07,0.999999641,6.69E-08
27-09-2024,7.42E-08,0.999999869,5.72E-08
30-09-2024,4.35E-08,0.999999869,8.76E-08
01-10-2024,1.30E-07,0.999998665,1.20E-06
02-10-2024,1.27E-07,0.99999986,1.21E-08
03-10-2024,4.33E-08,0.99999993,2.67E-08
04-10-2024,5.30E-08,0.999999886,6.14E-08
07-10-2024,9.80E-08,0.999997727,2.17E-06
08-10-2024,7.76E-07,0.999992095,7.13E-06
09-10-2024,3.52E-07,0.999994634,5.01E-06
10-10-2024,7.85E-07,0.9999911,8.12E-06
11-10-2024,5.60E-08,0.99999865,1.29E-06
14-10-2024,3.40E-08,0.999999196,7.70E-07
15-10-2024,1.04E-07,0.999998272,1.62E-06
16-10-2024,4.11E-07,0.99999844,1.15E-06
17-10-2024,3.09E-07,0.999998616,1.07E-06
18-10-2024,2.53E-07,0.999998262,1.49E-06
21-10-2024,2.66E-07,0.999998252,1.48E-06
22-10-2024,2.39E-07,0.999999613,1.48E-07
23-10-2024,4.87E-07,0.999998942,5.71E-07
24-10-2024,8.95E-07,0.999998496,6.09E-07
25-10-2024,2.92E-07,0.999999037,6.71E-07
28-10-2024,1.45E-07,0.999999429,4.26E-07
29-10-2024,1.45E-07,0.999999624,2.31E-07
30-10-2024,1.53E-06,0.999996988,1.48E-06
31-10-2024,0.001972877,0.983057832,0.014969291
01-11-2024,0.039690241,0.952535731,0.007774028
04-11-2024,0.040529612,0.955921653,0.003548735
05-11-2024,0.035641315,0.96393839,0.000420294
06-11-2024,0.034571448,0.965424814,3.74E-06
07-11-2024,0.006657739,0.993342237,2.48E-08
08-11-2024,0.000736898,0.999263095,7.28E-09
11-11-2024,9.01E-05,0.999909879,1.00E-08
12-11-2024,1.14E-05,0.999988611,2.27E-09
13-11-2024,1.72E-05,0.999982808,7.55E-09
14-11-2024,0.0001112,0.999888796,3.17E-09
15-11-2024,0.001759035,0.998240529,4.36E-07
18-11-2024,0.002064396,0.997935361,2.43E-07
19-11-2024,0.000916876,0.999083064,5.93E-08
20-11-2024,0.000169067,0.999830893,4.02E-08
21-11-2024,1.04E-05,0.999989602,9.17E-09
22-11-2024,4.43E-06,0.999995561,8.01E-09
25-11-2024,3.78E-06,0.999996212,1.00E-08
26-11-2024,3.82E-06,0.999996165,1.77E-08
27-11-2024,6.68E-06,0.999993287,3.31E-08
29-11-2024,4.23E-06,0.999995737,3.72E-08
02-12-2024,1.49E-07,0.999999851,7.20E-12
03-12-2024,2.26E-07,0.999999774,4.26E-11
04-12-2024,1.45E-07,0.999999855,9.06E-12
05-12-2024,6.04E-08,0.99999994,2.95E-12
06-12-2024,9.86E-08,0.999999878,2.35E-08
09-12-2024,4.31E-08,0.999999956,4.27E-10
10-12-2024,1.37E-07,0.999999862,7.56E-10
11-12-2024,1.26E-07,0.999999874,7.07E-11
12-12-2024,1.79E-07,0.999999821,1.18E-10
13-12-2024,1.80E-07,0.99999982,9.67E-11
16-12-2024,1.25E-07,0.999999862,1.30E-08
17-12-2024,2.23E-08,0.999999978,2.97E-15
18-12-2024,1.11E-15,1.10E-07,0.99999989
19-12-2024,1.61E-07,9.57E-13,0.999999839
20-12-2024,1.06E-05,7.40E-09,0.99998942
23-12-2024,2.45E-05,3.23E-06,0.99997225
24-12-2024,0.000381879,0.000107028,0.999511093
26-12-2024,0.00665355,0.000766121,0.992580328
27-12-2024,0.086417259,0.001757768,0.911824973
30-12-2024,0.454695255,1.57E-05,0.545289076
31-12-2024,0.806180048,5.92E-07,0.19381936
02-01-2025,0.972741591,1.28E-07,0.027258281
03-01-2025,0.996712638,3.47E-07,0.003287015
06-01-2025,0.99932331,2.38E-05,0.000652924
07-01-2025,0.999811578,1.68E-06,0.000186739
08-01-2025,0.999955008,5.38E-07,4.45E-05
10-01-2025,0.999956224,5.93E-10,4.38E-05
13-01-2025,0.999979897,3.54E-11,2.01E-05
14-01-2025,0.99995507,3.19E-10,4.49E-05
15-01-2025,0.999809544,4.00E-07,0.000190055
16-01-2025,0.988766635,0.010936337,0.000297028
17-01-2025,0.809569012,0.189446622,0.000984366
21-01-2025,0.176978199,0.822621936,0.000399865
22-01-2025,0.026869063,0.973129333,1.60E-06
23-01-2025,0.001632681,0.998367061,2.58E-07
24-01-2025,0.000182872,0.999816894,2.34E-07
27-01-2025,1.94E-05,0.999980634,6.25E-09
28-01-2025,4.38E-05,0.999956228,1.24E-08
29-01-2025,3.00E-05,0.999969987,8.05E-09
30-01-2025,4.54E-07,0.999999546,9.00E-13
31-01-2025,2.11E-07,0.999999789,3.06E-13
03-02-2025,4.91E-07,0.999999509,2.09E-12
04-02-2025,5.49E-07,0.999999451,1.47E-12
05-02-2025,2.04E-07,0.999999796,5.63E-13
06-02-2025,9.52E-08,0.999999905,3.32E-13
07-02-2025,3.58E-07,0.999999642,3.18E-12
10-02-2025,2.54E-07,0.999999746,1.44E-12
11-02-2025,7.21E-08,0.999999928,6.02E-14
12-02-2025,2.68E-08,0.999999973,1.08E-14
13-02-2025,5.85E-08,0.999999941,8.93E-14
14-02-2025,1.18E-08,0.999999988,1.53E-15
18-02-2025,1.28E-09,0.999999999,4.41E-16
19-02-2025,5.49E-10,0.999999999,1.35E-16
20-02-2025,5.01E-09,0.999999995,1.11E-14
21-02-2025,1.42E-05,0.99998577,5.33E-12
24-02-2025,0.008788203,0.991211797,4.12E-11
25-02-2025,0.238228688,0.761771311,8.69E-10
26-02-2025,0.873980605,0.126019376,1.86E-08
27-02-2025,0.999725347,0.000274653,3.89E-10
28-02-2025,0.999999981,1.91E-08,3.74E-11
03-03-2025,0.999999586,4.39E-11,4.14E-07
04-03-2025,0.999999921,9.69E-17,7.89E-08
05-03-2025,0.999999991,4.24E-17,9.32E-09
06-03-2025,0.999999987,6.53E-19,1.28E-08
07-03-2025,0.999999999,1.37E-21,1.33E-09
10-03-2025,0.999998957,1.16E-31,1.04E-06
11-03-2025,0.999999986,2.33E-43,1.42E-08
12-03-2025,0.999999997,1.62E-46,2.63E-09
13-03-2025,0.999999995,8.87E-51,5.24E-09
14-03-2025,0.999999947,2.34E-54,5.25E-08
17-03-2025,0.99999994,9.36E-39,6.02E-08
18-03-2025,0.999999915,2.31E-40,8.48E-08
19-03-2025,0.999999844,6.15E-42,1.56E-07
20-03-2025,0.999999851,5.76E-38,1.49E-07
21-03-2025,0.9999999,3.93E-41,9.98E-08
24-03-2025,0.999999458,4.83E-39,5.42E-07
25-03-2025,0.999999146,3.26E-28,8.54E-07
26-03-2025,0.999999181,3.40E-33,8.19E-07
27-03-2025,0.999999643,2.89E-37,3.57E-07
28-03-2025,0.999999674,2.41E-48,3.26E-07
31-03-2025,0.999999949,4.41E-51,5.11E-08
01-04-2025,0.99999973,5.17E-47,2.70E-07
02-04-2025,0.999268531,1.49E-42,0.000731469
03-04-2025,0.008759817,4.29E-76,0.991240183
04-04-2025,5.95E-11,2.82E-143,1
07-04-2025,2.81E-14,5.63E-206,1
08-04-2025,3.03E-21,1.90E-217,1
09-04-2025,3.65E-25,1.49E-293,1
10-04-2025,2.18E-21,6.56E-148,1
11-04-2025,8.35E-23,1.80E-184,1
14-04-2025,1.35E-22,4.90E-170,1
15-04-2025,8.18E-25,8.84E-167,1
16-04-2025,1.13E-28,1.26E-194,1
17-04-2025,4.35E-28,4.16E-219,1
21-04-2025,4.82E-31,1.04E-238,1
22-04-2025,4.49E-31,2.47E-259,1
23-04-2025,6.89E-31,2.09E-215,1
24-04-2025,3.09E-32,8.84E-196,1
25-04-2025,6.91E-32,1.35E-173,1
28-04-2025,3.05E-31,3.14E-168,1
29-04-2025,1.05E-29,9.81E-166,1
30-04-2025,1.67E-27,1.52E-157,1
01-05-2025,6.69E-26,8.86E-152,1
02-05-2025,7.88E-24,2.16E-138,1
05-05-2025,4.76E-19,7.14E-113,1
06-05-2025,4.72E-14,7.10E-103,1
07-05-2025,1.70E-12,2.91E-103,1
08-05-2025,2.89E-12,4.74E-96,1
09-05-2025,1.18E-08,4.16E-58,0.999999988
12-05-2025,2.25E-13,1.65E-58,1
13-05-2025,4.97E-17,9.09E-38,1
14-05-2025,4.46E-22,2.86E-41,1
15-05-2025,1.44E-26,5.32E-46,1
16-05-2025,1.25E-30,1.27E-46,1
19-05-2025,4.20E-35,5.89E-49,1
20-05-2025,2.19E-39,7.46E-55,1
21-05-2025,1.25E-43,2.88E-64,1
22-05-2025,4.05E-43,3.72E-68,1
23-05-2025,1.05E-45,9.02E-71,1
27-05-2025,3.75E-43,7.69E-69,1
28-05-2025,1.30E-39,7.64E-59,1
29-05-2025,1.49E-36,1.12E-54,1
30-05-2025,6.37E-32,6.54E-49,1
02-06-2025,1.99E-28,1.00E-42,1
03-06-2025,5.51E-23,2.86E-32,1
04-06-2025,3.71E-17,1.74E-23,1
05-06-2025,2.15E-13,3.54E-19,1
06-06-2025,8.47E-06,1.97E-09,0.999991524
09-06-2025,0.040343859,0.38954738,0.570108761
10-06-2025,0.026007774,0.891295111,0.082697115
11-06-2025,0.000826106,0.998955516,0.000218378
12-06-2025,8.12E-06,0.999990264,1.62E-06
13-06-2025,5.38E-06,0.999973178,2.14E-05
16-06-2025,7.54E-06,0.999981436,1.10E-05
17-06-2025,2.39E-06,0.999989688,7.92E-06
18-06-2025,1.91E-05,0.999969385,1.15E-05
20-06-2025,4.00E-05,0.999945325,1.47E-05
23-06-2025,8.01E-06,0.999989371,2.62E-06
24-06-2025,1.06E-06,0.999998859,7.76E-08
25-06-2025,3.57E-07,0.99999964,2.52E-09
26-06-2025,1.46E-08,0.999999985,2.93E-12
27-06-2025,6.61E-09,0.999999993,1.12E-12
30-06-2025,3.17E-09,0.999999997,1.03E-12
01-07-2025,1.08E-09,0.999999999,5.74E-14
02-07-2025,3.79E-10,1,8.86E-15
03-07-2025,1.11E-09,0.999999999,7.04E-14
07-07-2025,2.40E-09,0.999999998,9.58E-13
08-07-2025,6.31E-09,0.999999994,1.19E-12
09-07-2025,7.85E-09,0.999999992,9.40E-13
10-07-2025,5.70E-09,0.999999994,6.57E-13
11-07-2025,1.19E-08,0.999999988,1.35E-12
14-07-2025,3.83E-09,0.999999996,1.97E-12
15-07-2025,5.13E-09,0.999999995,7.09E-13
16-07-2025,6.02E-10,0.999999999,1.06E-15
17-07-2025,4.21E-10,1,1.79E-16
18-07-2025,7.16E-11,1,2.27E-19
21-07-2025,4.66E-11,1,3.90E-19
22-07-2025,2.86E-10,1,2.53E-17
23-07-2025,2.47E-10,1,1.02E-18
24-07-2025,3.74E-10,1,6.19E-18
25-07-2025,4.68E-10,1,9.52E-18
28-07-2025,1.02E-09,0.999999999,5.32E-17
29-07-2025,2.08E-09,0.999999998,9.82E-16
30-07-2025,1.87E-09,0.999999998,1.17E-16
31-07-2025,3.67E-11,1,1.38E-20
01-08-2025,2.52E-07,0.999999719,2.95E-08
04-08-2025,4.19E-06,0.999995805,1.60E-09
05-08-2025,1.31E-07,0.999999869,8.92E-12
06-08-2025,9.17E-09,0.999999991,1.25E-14
07-08-2025,9.19E-10,0.999999999,3.31E-17
08-08-2025,3.16E-09,0.999999997,4.17E-16
11-08-2025,3.51E-09,0.999999996,1.47E-15
12-08-2025,1.06E-08,0.999999989,6.54E-15
13-08-2025,2.88E-09,0.999999997,9.86E-16
14-08-2025,3.29E-09,0.999999997,1.40E-15
15-08-2025,4.70E-09,0.999999995,2.71E-15
18-08-2025,5.20E-09,0.999999995,2.66E-15
19-08-2025,1.01E-08,0.99999999,9.78E-15
20-08-2025,2.08E-08,0.999999979,2.45E-14
21-08-2025,4.53E-08,0.999999955,1.05E-13
22-08-2025,3.71E-07,0.999999629,1.16E-12
25-08-2025,1.02E-07,0.999999898,3.21E-13
26-08-2025,4.00E-08,0.99999996,1.16E-13
27-08-2025,3.54E-08,0.999999965,1.57E-13
28-08-2025,3.45E-08,0.999999965,2.02E-13
29-08-2025,8.86E-07,0.999999114,9.49E-10
02-09-2025,9.61E-08,0.999999904,7.29E-12
03-09-2025,9.37E-08,0.999999906,6.72E-12
04-09-2025,1.10E-07,0.99999989,2.80E-12
05-09-2025,2.69E-07,0.999999731,2.36E-11
08-09-2025,3.05E-07,0.999999694,6.21E-11
09-09-2025,1.18E-07,0.999999882,7.19E-12
10-09-2025,2.35E-08,0.999999976,1.02E-13
11-09-2025,1.17E-08,0.999999988,7.57E-15
12-09-2025,4.15E-08,0.999999958,3.31E-13
15-09-2025,3.32E-08,0.999999967,1.69E-12
16-09-2025,2.67E-08,0.999999973,1.04E-12
17-09-2025,2.22E-08,0.999999978,3.23E-13
18-09-2025,1.32E-08,0.999999987,9.42E-14
19-09-2025,2.53E-08,0.999999975,3.95E-13
22-09-2025,5.14E-09,0.999999995,1.59E-14
23-09-2025,2.69E-08,0.999999973,1.63E-12
24-09-2025,2.54E-08,0.999999975,2.46E-13
25-09-2025,3.35E-08,0.999999967,6.39E-14
26-09-2025,3.55E-08,0.999999964,1.65E-14
29-09-2025,8.59E-09,0.999999991,6.37E-15
30-09-2025,7.46E-09,0.999999993,9.60E-15
01-10-2025,7.80E-09,0.999999992,4.28E-15
02-10-2025,5.28E-09,0.999999995,1.69E-15
03-10-2025,6.74E-09,0.999999993,2.35E-15
06-10-2025,8.93E-10,0.999999999,2.05E-17
07-10-2025,1.91E-09,0.999999998,2.79E-16
08-10-2025,2.04E-09,0.999999998,1.28E-16
09-10-2025,1.40E-07,0.99999986,2.24E-11
10-10-2025,2.76E-08,0.861280673,0.1387193
13-10-2025,2.85E-05,0.993081709,0.006889796
14-10-2025,2.18E-08,0.999996992,2.99E-06
15-10-2025,1.00E-09,0.999999828,1.71E-07
16-10-2025,7.01E-11,0.999995739,4.26E-06
17-10-2025,2.18E-09,0.999999464,5.34E-07
20-10-2025,6.37E-09,0.999999762,2.31E-07
21-10-2025,1.93E-08,0.999998549,1.43E-06
22-10-2025,8.11E-09,0.999999206,7.86E-07
23-10-2025,7.28E-09,0.999999257,7.36E-07
24-10-2025,4.02E-09,0.999995451,4.54E-06
27-10-2025,1.53E-08,0.999977273,2.27E-05
28-10-2025,4.45E-09,0.99999588,4.12E-06
29-10-2025,3.48E-09,0.999995844,4.15E-06
30-10-2025,2.61E-07,0.999992432,7.31E-06
31-10-2025,2.22E-08,0.999999497,4.80E-07
03-11-2025,1.33E-08,0.999999687,3.00E-07
04-11-2025,6.11E-07,0.999993416,5.97E-06
05-11-2025,2.94E-07,0.999999115,5.90E-07
06-11-2025,1.20E-05,0.999981464,6.54E-06
07-11-2025,3.00E-05,0.999959367,1.06E-05
10-11-2025,1.04E-05,0.9999896,1.26E-08
11-11-2025,2.80E-07,0.99999972,2.21E-10
12-11-2025,3.28E-07,0.999999672,1.39E-10
13-11-2025,0.0001415,0.999858442,5.84E-08
14-11-2025,0.002338244,0.997661738,1.77E-08
17-11-2025,0.158263739,0.841729903,6.36E-06
18-11-2025,0.928882533,0.071081378,3.61E-05
19-11-2025,0.999163768,0.000835558,6.74E-07
20-11-2025,0.999995383,7.50E-09,4.61E-06
21-11-2025,0.999999956,4.92E-11,4.36E-08
24-11-2025,0.999331965,0.000666268,1.77E-06
25-11-2025,0.021740748,0.97825925,1.94E-09
26-11-2025,3.86E-05,0.999961418,1.66E-11
28-11-2025,1.38E-07,0.999999862,1.16E-11
01-12-2025,7.52E-08,0.999999925,8.27E-12
02-12-2025,9.00E-08,0.99999991,1.01E-11
03-12-2025,6.97E-08,0.99999993,9.87E-12
04-12-2025,3.90E-08,0.999999961,3.89E-12
05-12-2025,3.60E-08,0.999999964,3.50E-12
08-12-2025,6.40E-09,0.999999994,2.77E-13
09-12-2025,4.22E-09,0.999999996,1.96E-13
10-12-2025,6.82E-10,0.999999999,2.34E-15
11-12-2025,5.62E-10,0.999999999,5.33E-16
12-12-2025,3.67E-09,0.999999996,3.64E-15
15-12-2025,1.20E-09,0.999999999,1.12E-16
16-12-2025,2.54E-09,0.999999997,1.90E-16
17-12-2025,3.50E-08,0.999999965,7.68E-16
18-12-2025,3.07E-08,0.999999969,2.76E-16
19-12-2025,5.51E-09,0.999999994,1.93E-16
22-12-2025,8.95E-11,1,1.23E-20
23-12-2025,7.25E-10,0.999999999,2.28E-18
24-12-2025,1.09E-10,1,5.27E-20
26-12-2025,8.70E-11,1,2.06E-20
29-12-2025,1.91E-11,1,3.08E-22
30-12-2025,1.88E-10,1,7.98E-23
