Date,AAPL_vol
05-01-2015,0.01805427
06-01-2015,0.019556327
07-01-2015,0.018578151
08-01-2015,0.018152339
09-01-2015,0.02083812
12-01-2015,0.019751287
13-01-2015,0.020314567
14-01-2015,0.019411341
15-01-2015,0.01844401
16-01-2015,0.020131705
20-01-2015,0.019339146
21-01-2015,0.019926405
22-01-2015,0.019028948
23-01-2015,0.019613796
26-01-2015,0.018734231
27-01-2015,0.017807687
28-01-2015,0.020502617
29-01-2015,0.0259595
30-01-2015,0.026480906
02-02-2015,0.02541363
03-02-2015,0.024205136
04-02-2015,0.022933776
05-02-2015,0.021727021
06-02-2015,0.020743576
09-02-2015,0.01990751
10-02-2015,0.018986142
11-02-2015,0.018973513
12-02-2015,0.019500293
13-02-2015,0.018909618
17-02-2015,0.018065829
18-02-2015,0.017286103
19-02-2015,0.016644809
20-02-2015,0.015903071
23-02-2015,0.015391545
24-02-2015,0.016926749
25-02-2015,0.016234462
26-02-2015,0.017805523
27-02-2015,0.017366848
02-03-2015,0.017227477
03-03-2015,0.016421883
04-03-2015,0.015675671
05-03-2015,0.015133729
06-03-2015,0.015755594
09-03-2015,0.015064662
10-03-2015,0.014438114
11-03-2015,0.015438619
12-03-2015,0.016315542
13-03-2015,0.016546927
16-03-2015,0.01601677
17-03-2015,0.015561671
18-03-2015,0.015730338
19-03-2015,0.015531105
20-03-2015,0.015142371
23-03-2015,0.014971491
24-03-2015,0.014584244
25-03-2015,0.014030692
26-03-2015,0.016412944
27-03-2015,0.015764353
30-03-2015,0.015321172
31-03-2015,0.016359579
01-04-2015,0.01643749
02-04-2015,0.015700917
06-04-2015,0.015167367
07-04-2015,0.015546919
08-04-2015,0.01548122
09-04-2015,0.014824211
10-04-2015,0.014309607
13-04-2015,0.013840228
14-04-2015,0.013400548
15-04-2015,0.0129491
16-04-2015,0.012501222
17-04-2015,0.012167794
20-04-2015,0.012569644
21-04-2015,0.014021214
22-04-2015,0.013599039
23-04-2015,0.013630869
24-04-2015,0.013345447
27-04-2015,0.012972396
28-04-2015,0.013519908
29-04-2015,0.013736569
30-04-2015,0.014373522
01-05-2015,0.016314046
04-05-2015,0.017784325
05-05-2015,0.016941846
06-05-2015,0.018009085
07-05-2015,0.017347116
08-05-2015,0.016677727
11-05-2015,0.016649773
12-05-2015,0.016189106
13-05-2015,0.015564366
14-05-2015,0.014890543
15-05-2015,0.015881769
18-05-2015,0.015185383
19-05-2015,0.014892013
20-05-2015,0.014268509
21-05-2015,0.013694879
22-05-2015,0.013444368
26-05-2015,0.013301017
27-05-2015,0.01494273
28-05-2015,0.015399876
29-05-2015,0.014748601
01-06-2015,0.014676934
02-06-2015,0.01407034
03-06-2015,0.013549567
04-06-2015,0.013058434
05-06-2015,0.012711474
08-06-2015,0.012525545
09-06-2015,0.012321788
10-06-2015,0.012021425
11-06-2015,0.012101924
12-06-2015,0.011765918
15-06-2015,0.01207006
16-06-2015,0.011738926
17-06-2015,0.01149863
18-06-2015,0.011248284
19-06-2015,0.011004637
22-06-2015,0.0112685
23-06-2015,0.011179483
24-06-2015,0.011022919
25-06-2015,0.011013067
26-06-2015,0.010908584
29-06-2015,0.01081834
30-06-2015,0.012319045
01-07-2015,0.012107693
02-07-2015,0.01194469
06-07-2015,0.011586615
07-07-2015,0.011412797
08-07-2015,0.011109797
09-07-2015,0.01389218
10-07-2015,0.015089871
13-07-2015,0.016288951
14-07-2015,0.016734504
15-07-2015,0.015982738
16-07-2015,0.015584227
17-07-2015,0.015559775
20-07-2015,0.015120733
21-07-2015,0.015600236
22-07-2015,0.015200134
23-07-2015,0.020305156
24-07-2015,0.01927457
27-07-2015,0.018398961
28-07-2015,0.01834962
29-07-2015,0.017461898
30-07-2015,0.016657412
31-07-2015,0.016072856
03-08-2015,0.015650939
04-08-2015,0.017006927
05-08-2015,0.019681218
06-08-2015,0.018718015
07-08-2015,0.017789367
10-08-2015,0.016932721
11-08-2015,0.019508629
12-08-2015,0.024807321
13-08-2015,0.02370066
14-08-2015,0.02240699
17-08-2015,0.021275899
18-08-2015,0.020273985
19-08-2015,0.019246684
20-08-2015,0.019058447
21-08-2015,0.019105781
24-08-2015,0.028095718
25-08-2015,0.02797094
26-08-2015,0.026381616
27-08-2015,0.030286296
28-08-2015,0.029771435
31-08-2015,0.028108649
01-09-2015,0.026557619
02-09-2015,0.028505765
03-09-2015,0.029386476
04-09-2015,0.028110223
08-09-2015,0.026922954
09-09-2015,0.026774323
10-09-2015,0.025843394
11-09-2015,0.024965181
14-09-2015,0.024224811
15-09-2015,0.023042048
16-09-2015,0.021943115
17-09-2015,0.020787022
18-09-2015,0.02100306
21-09-2015,0.019967138
22-09-2015,0.019459794
23-09-2015,0.019192847
24-09-2015,0.018295158
25-09-2015,0.017529573
28-09-2015,0.016733969
29-09-2015,0.017372152
30-09-2015,0.019336928
01-10-2015,0.01855299
02-10-2015,0.017782632
05-10-2015,0.016971603
06-10-2015,0.016204525
07-10-2015,0.015540955
08-10-2015,0.014997402
09-10-2015,0.014826805
12-10-2015,0.015767144
13-10-2015,0.01511405
14-10-2015,0.014472073
15-10-2015,0.014593204
16-10-2015,0.014675728
19-10-2015,0.014321667
20-10-2015,0.01384663
21-10-2015,0.014314671
22-10-2015,0.013744537
23-10-2015,0.013801722
26-10-2015,0.016879755
27-10-2015,0.019196755
28-10-2015,0.018400315
29-10-2015,0.021684961
30-10-2015,0.020881271
02-11-2015,0.020149625
03-11-2015,0.019750868
04-11-2015,0.019106094
05-11-2015,0.018218035
06-11-2015,0.01743528
09-11-2015,0.01661114
10-11-2015,0.015945024
11-11-2015,0.018537795
12-11-2015,0.017829564
13-11-2015,0.01702223
16-11-2015,0.019199601
17-11-2015,0.018680403
18-11-2015,0.017797625
19-11-2015,0.019225947
20-11-2015,0.018711473
23-11-2015,0.017860078
24-11-2015,0.01760511
25-11-2015,0.01711882
27-11-2015,0.01657411
30-11-2015,0.015823142
01-12-2015,0.015127119
02-12-2015,0.014652708
03-12-2015,0.014612215
04-12-2015,0.014291986
07-12-2015,0.016693261
08-12-2015,0.016007926
09-12-2015,0.015321116
10-12-2015,0.01624396
11-12-2015,0.015550545
14-12-2015,0.017348645
15-12-2015,0.016721366
16-12-2015,0.01727416
17-12-2015,0.016605375
18-12-2015,0.017722128
21-12-2015,0.019072078
22-12-2015,0.018277827
23-12-2015,0.017383051
24-12-2015,0.016745131
28-12-2015,0.016017589
29-12-2015,0.015869875
30-12-2015,0.016129859
31-12-2015,0.015974533
04-01-2016,0.01675277
05-01-2016,0.015977116
06-01-2016,0.017317899
07-01-2016,0.018176731
08-01-2016,0.022395683
11-01-2016,0.02119824
12-01-2016,0.020572597
13-01-2016,0.019933823
14-01-2016,0.020928748
15-01-2016,0.021007648
19-01-2016,0.021403925
20-01-2016,0.02037562
21-01-2016,0.019327792
22-01-2016,0.018388889
25-01-2016,0.023001894
26-01-2016,0.022296393
27-01-2016,0.021104027
28-01-2016,0.0289004
29-01-2016,0.027261409
01-02-2016,0.027679706
02-02-2016,0.026265735
03-02-2016,0.026155716
04-02-2016,0.025732477
05-02-2016,0.024363752
08-02-2016,0.0245823
09-02-2016,0.02332448
10-02-2016,0.022067166
11-02-2016,0.021193501
12-02-2016,0.020193859
16-02-2016,0.019163999
17-02-2016,0.020090032
18-02-2016,0.019662467
19-02-2016,0.019666334
22-02-2016,0.018692922
23-02-2016,0.018004768
24-02-2016,0.018787594
25-02-2016,0.018258145
26-02-2016,0.017520887
29-02-2016,0.016683416
01-03-2016,0.015957624
02-03-2016,0.019807576
03-03-2016,0.018807684
04-03-2016,0.018024794
07-03-2016,0.017747929
08-03-2016,0.017125219
09-03-2016,0.016737706
10-03-2016,0.015975281
11-03-2016,0.015271559
14-03-2016,0.014959225
15-03-2016,0.014333826
16-03-2016,0.015130471
17-03-2016,0.01505893
18-03-2016,0.014421938
21-03-2016,0.013835305
22-03-2016,0.013301851
23-03-2016,0.012950253
24-03-2016,0.012618622
28-03-2016,0.012338783
29-03-2016,0.01204929
30-03-2016,0.013645729
31-03-2016,0.014208948
01-04-2016,0.013751673
04-04-2016,0.013484278
05-04-2016,0.01348454
06-04-2016,0.013607737
07-04-2016,0.013413646
08-04-2016,0.014673966
11-04-2016,0.014070569
12-04-2016,0.013530203
13-04-2016,0.013622852
14-04-2016,0.013670193
15-04-2016,0.013163192
18-04-2016,0.014522782
19-04-2016,0.015551515
20-04-2016,0.015090196
21-04-2016,0.014451105
22-04-2016,0.014549934
25-04-2016,0.014012879
26-04-2016,0.013656043
27-04-2016,0.013380195
28-04-2016,0.02494766
29-04-2016,0.02601637
02-05-2016,0.025013965
03-05-2016,0.02365866
04-05-2016,0.022650364
05-05-2016,0.021647347
06-05-2016,0.020631621
09-05-2016,0.019620097
10-05-2016,0.018626311
11-05-2016,0.017795701
12-05-2016,0.017278265
13-05-2016,0.018335309
16-05-2016,0.017434975
17-05-2016,0.020107962
18-05-2016,0.019131283
19-05-2016,0.018428658
20-05-2016,0.017541194
23-05-2016,0.017044214
24-05-2016,0.016641436
25-05-2016,0.016690334
26-05-2016,0.016715183
27-05-2016,0.016246749
31-05-2016,0.015519496
01-06-2016,0.014894841
02-06-2016,0.015108661
03-06-2016,0.014712304
06-06-2016,0.014101163
07-06-2016,0.01369226
08-06-2016,0.01318821
09-06-2016,0.012713999
10-06-2016,0.012427091
13-06-2016,0.012296991
14-06-2016,0.013064607
15-06-2016,0.012595904
16-06-2016,0.012245438
17-06-2016,0.011871869
20-06-2016,0.013832831
21-06-2016,0.013366486
22-06-2016,0.013073001
23-06-2016,0.012682402
24-06-2016,0.012286042
27-06-2016,0.01483157
28-06-2016,0.015294042
29-06-2016,0.015460441
30-06-2016,0.014987199
01-07-2016,0.014731293
05-07-2016,0.014163166
06-07-2016,0.013941441
07-07-2016,0.013477723
08-07-2016,0.013042543
11-07-2016,0.012737213
12-07-2016,0.012323801
13-07-2016,0.011997624
14-07-2016,0.011801365
15-07-2016,0.012947609
18-07-2016,0.012489641
19-07-2016,0.012474779
20-07-2016,0.012059523
21-07-2016,0.01169065
22-07-2016,0.011576512
25-07-2016,0.011494999
26-07-2016,0.012290041
27-07-2016,0.012130704
28-07-2016,0.022540931
29-07-2016,0.021913765
01-08-2016,0.020770174
02-08-2016,0.020591711
03-08-2016,0.019920848
04-08-2016,0.019137958
05-08-2016,0.018327893
08-08-2016,0.01798161
09-08-2016,0.017286681
10-08-2016,0.016534901
11-08-2016,0.016004586
12-08-2016,0.01528804
15-08-2016,0.014631151
16-08-2016,0.014510859
17-08-2016,0.013936247
18-08-2016,0.013401051
19-08-2016,0.012928533
22-08-2016,0.012498805
23-08-2016,0.012465035
24-08-2016,0.012076748
25-08-2016,0.01204384
26-08-2016,0.011781935
29-08-2016,0.011705316
30-08-2016,0.011373556
31-08-2016,0.011512395
01-09-2016,0.011187829
02-09-2016,0.010970714
06-09-2016,0.011093846
07-09-2016,0.010824801
08-09-2016,0.010750059
09-09-2016,0.013681223
12-09-2016,0.015275532
13-09-2016,0.015899589
14-09-2016,0.01698932
15-09-2016,0.019193875
16-09-2016,0.021437773
19-09-2016,0.020345438
20-09-2016,0.019632353
21-09-2016,0.018633856
22-09-2016,0.017711554
23-09-2016,0.017017628
26-09-2016,0.017118529
27-09-2016,0.016312922
28-09-2016,0.01557693
29-09-2016,0.015040421
30-09-2016,0.015419304
03-10-2016,0.014918372
04-10-2016,0.014408765
05-10-2016,0.013870648
06-10-2016,0.013341279
07-10-2016,0.013098534
10-10-2016,0.012628426
11-10-2016,0.013483849
12-10-2016,0.012981047
13-10-2016,0.012884196
14-10-2016,0.012508397
17-10-2016,0.012255209
18-10-2016,0.011888508
19-10-2016,0.011527821
20-10-2016,0.011331515
21-10-2016,0.011024219
24-10-2016,0.010934075
25-10-2016,0.011035998
26-10-2016,0.010813499
27-10-2016,0.012801101
28-10-2016,0.012976628
31-10-2016,0.012695148
01-11-2016,0.012336216
02-11-2016,0.013510091
03-11-2016,0.01300828
04-11-2016,0.013104522
07-11-2016,0.013108253
08-11-2016,0.01321245
09-11-2016,0.01287882
10-11-2016,0.012484397
11-11-2016,0.015081179
14-11-2016,0.014493699
15-11-2016,0.016180206
16-11-2016,0.015775251
17-11-2016,0.01710351
18-11-2016,0.016299068
21-11-2016,0.015569202
22-11-2016,0.015884437
23-11-2016,0.015177673
25-11-2016,0.014625395
28-11-2016,0.014069369
29-11-2016,0.013520877
30-11-2016,0.013051583
01-12-2016,0.012887937
02-12-2016,0.012928584
05-12-2016,0.01249742
06-12-2016,0.012374482
07-12-2016,0.012114643
08-12-2016,0.012083958
09-12-2016,0.01208556
12-12-2016,0.012677585
13-12-2016,0.012337955
14-12-2016,0.01288744
15-12-2016,0.012438727
16-12-2016,0.012109243
19-12-2016,0.011729813
20-12-2016,0.011539254
21-12-2016,0.011218483
22-12-2016,0.01092837
23-12-2016,0.010975611
27-12-2016,0.010717583
28-12-2016,0.01058313
29-12-2016,0.010449035
30-12-2016,0.01025473
03-01-2017,0.010360251
04-01-2017,0.010155492
05-01-2017,0.009983502
06-01-2017,0.009884058
09-01-2017,0.010257051
10-01-2017,0.010457747
11-01-2017,0.01023834
12-01-2017,0.010180172
13-01-2017,0.01009561
17-01-2017,0.009946971
18-01-2017,0.010024794
19-01-2017,0.009850881
20-01-2017,0.009754548
23-01-2017,0.009620117
24-01-2017,0.009489676
25-01-2017,0.009393127
26-01-2017,0.010415812
27-01-2017,0.010201372
30-01-2017,0.010013451
31-01-2017,0.009890162
01-02-2017,0.009768136
02-02-2017,0.020747159
03-02-2017,0.019666351
06-02-2017,0.018682322
07-02-2017,0.018072877
08-02-2017,0.017565512
09-02-2017,0.016729905
10-02-2017,0.016192251
13-02-2017,0.015510206
14-02-2017,0.015131539
15-02-2017,0.01493775
16-02-2017,0.014379202
17-02-2017,0.01382846
21-02-2017,0.013339337
22-02-2017,0.012980257
23-02-2017,0.012556839
24-02-2017,0.012267698
27-02-2017,0.011873392
28-02-2017,0.011517535
01-03-2017,0.011192344
02-03-2017,0.01244481
03-03-2017,0.012156684
06-03-2017,0.011850577
07-03-2017,0.0115326
08-03-2017,0.011207863
09-03-2017,0.011043434
10-03-2017,0.010795099
13-03-2017,0.010549093
14-03-2017,0.010320848
15-03-2017,0.010175406
16-03-2017,0.01051047
17-03-2017,0.010288003
20-03-2017,0.010239382
21-03-2017,0.010456483
22-03-2017,0.010833133
23-03-2017,0.010953328
24-03-2017,0.010736503
27-03-2017,0.010539667
28-03-2017,0.010311849
29-03-2017,0.012066287
30-03-2017,0.011693819
31-03-2017,0.011359314
03-04-2017,0.011090422
04-04-2017,0.010809636
05-04-2017,0.010687237
06-04-2017,0.010561321
07-04-2017,0.010435012
10-04-2017,0.010244463
11-04-2017,0.010084219
12-04-2017,0.010602213
13-04-2017,0.010368769
17-04-2017,0.01034886
18-04-2017,0.010217483
19-04-2017,0.010177188
20-04-2017,0.010094173
21-04-2017,0.01050163
24-04-2017,0.010281576
25-04-2017,0.010367221
26-04-2017,0.010371588
27-04-2017,0.010372751
28-04-2017,0.010162384
01-05-2017,0.009980455
02-05-2017,0.011507477
03-05-2017,0.011358742
04-05-2017,0.011110199
05-05-2017,0.010912272
08-05-2017,0.011884545
09-05-2017,0.014194972
10-05-2017,0.013806713
11-05-2017,0.013388251
12-05-2017,0.013229758
15-05-2017,0.013478333
16-05-2017,0.013006414
17-05-2017,0.012571426
18-05-2017,0.016322474
19-05-2017,0.01608682
22-05-2017,0.015392632
23-05-2017,0.014790913
24-05-2017,0.014208046
25-05-2017,0.013652545
26-05-2017,0.01313515
30-05-2017,0.012663156
31-05-2017,0.012250958
01-06-2017,0.011993331
02-06-2017,0.011624566
05-06-2017,0.01220261
06-06-2017,0.012302128
07-06-2017,0.01192255
08-06-2017,0.011693691
09-06-2017,0.01138486
12-06-2017,0.017284012
13-06-2017,0.018413879
14-06-2017,0.017589119
15-06-2017,0.017112047
16-06-2017,0.016632369
19-06-2017,0.016514581
20-06-2017,0.017817026
21-06-2017,0.01720412
22-06-2017,0.016440599
23-06-2017,0.015702333
26-06-2017,0.015090957
27-06-2017,0.014560358
28-06-2017,0.014630732
29-06-2017,0.014481943
30-06-2017,0.014546328
03-07-2017,0.013955209
05-07-2017,0.013451154
06-07-2017,0.012975418
07-07-2017,0.012990843
10-07-2017,0.012877725
11-07-2017,0.012525547
12-07-2017,0.012147088
13-07-2017,0.01176236
14-07-2017,0.012323692
17-07-2017,0.012152268
18-07-2017,0.011832945
19-07-2017,0.011500387
20-07-2017,0.011395427
21-07-2017,0.011235399
24-07-2017,0.010940413
25-07-2017,0.011209282
26-07-2017,0.011006256
27-07-2017,0.010776494
28-07-2017,0.012119143
31-07-2017,0.012071925
01-08-2017,0.011853722
02-08-2017,0.011720285
03-08-2017,0.018214185
04-08-2017,0.017536077
07-08-2017,0.016731805
08-08-2017,0.016840015
09-08-2017,0.016296837
10-08-2017,0.015609946
11-08-2017,0.017917798
14-08-2017,0.017399115
15-08-2017,0.01732022
16-08-2017,0.016757711
17-08-2017,0.01606442
18-08-2017,0.016455985
21-08-2017,0.01576679
22-08-2017,0.015081728
23-08-2017,0.015077138
24-08-2017,0.014439204
25-08-2017,0.013964074
28-08-2017,0.013450495
29-08-2017,0.013335158
30-08-2017,0.013075918
31-08-2017,0.012631741
01-09-2017,0.012248325
05-09-2017,0.011854225
06-09-2017,0.012222589
07-09-2017,0.011853723
08-09-2017,0.011604444
11-09-2017,0.012645163
12-09-2017,0.013196491
13-09-2017,0.012772681
14-09-2017,0.012714267
15-09-2017,0.012663987
18-09-2017,0.01261418
19-09-2017,0.012547591
20-09-2017,0.012127158
21-09-2017,0.013137757
22-09-2017,0.01391553
25-09-2017,0.013996906
26-09-2017,0.01378582
27-09-2017,0.013929349
28-09-2017,0.013593529
29-09-2017,0.013335533
02-10-2017,0.012949497
03-10-2017,0.012510555
04-10-2017,0.01213378
05-10-2017,0.011985946
06-10-2017,0.012187715
09-10-2017,0.011806847
10-10-2017,0.011492023
11-10-2017,0.011173001
12-10-2017,0.010974972
13-10-2017,0.010836535
16-10-2017,0.010769079
17-10-2017,0.01180086
18-10-2017,0.011536959
19-10-2017,0.011377052
20-10-2017,0.013363962
23-10-2017,0.012869363
24-10-2017,0.012423771
25-10-2017,0.012075157
26-10-2017,0.011838857
27-10-2017,0.011633647
30-10-2017,0.015694142
31-10-2017,0.016789211
01-11-2017,0.016550907
02-11-2017,0.016185787
03-11-2017,0.015615471
06-11-2017,0.017077155
07-11-2017,0.016601371
08-11-2017,0.015849634
09-11-2017,0.015418912
10-11-2017,0.014763833
13-11-2017,0.014208352
14-11-2017,0.013730845
15-11-2017,0.014161006
16-11-2017,0.014467062
17-11-2017,0.014270329
20-11-2017,0.01386429
21-11-2017,0.013359433
22-11-2017,0.01402153
24-11-2017,0.013919035
27-11-2017,0.013382732
28-11-2017,0.01297553
29-11-2017,0.012690147
30-11-2017,0.014107797
01-12-2017,0.014040842
04-12-2017,0.013584699
05-12-2017,0.013408931
06-12-2017,0.012936078
07-12-2017,0.012531423
08-12-2017,0.012113506
11-12-2017,0.011731725
12-12-2017,0.012689773
13-12-2017,0.012366991
14-12-2017,0.011975001
15-12-2017,0.011606465
18-12-2017,0.011684276
19-12-2017,0.0120544
20-12-2017,0.012122981
21-12-2017,0.011780309
22-12-2017,0.011510504
26-12-2017,0.011194429
27-12-2017,0.013882823
28-12-2017,0.013353963
29-12-2017,0.01287466
02-01-2018,0.013043598
03-01-2018,0.013473706
04-01-2018,0.012971167
05-01-2018,0.012538828
08-01-2018,0.012632731
09-01-2018,0.012252626
10-01-2018,0.011871081
11-01-2018,0.011512053
12-01-2018,0.011278064
16-01-2018,0.011388045
17-01-2018,0.011215197
18-01-2018,0.011956768
19-01-2018,0.011597085
22-01-2018,0.011393372
23-01-2018,0.011474342
24-01-2018,0.011153159
25-01-2018,0.012290507
26-01-2018,0.013409291
29-01-2018,0.012910363
30-01-2018,0.014212752
31-01-2018,0.013992549
01-02-2018,0.013457079
02-02-2018,0.012954609
05-02-2018,0.019326626
06-02-2018,0.020396895
07-02-2018,0.02295232
08-02-2018,0.022775553
09-02-2018,0.023973379
12-02-2018,0.022971342
13-02-2018,0.025162617
14-02-2018,0.023903709
15-02-2018,0.023351896
16-02-2018,0.024630802
20-02-2018,0.023270813
21-02-2018,0.022063841
22-02-2018,0.020909656
23-02-2018,0.019947487
26-02-2018,0.019633129
27-02-2018,0.019630104
28-02-2018,0.018661693
01-03-2018,0.017743629
02-03-2018,0.01782673
05-03-2018,0.017060985
06-03-2018,0.016273349
07-03-2018,0.015542867
08-03-2018,0.015301699
09-03-2018,0.01505163
12-03-2018,0.015244262
13-03-2018,0.014935805
14-03-2018,0.01473474
15-03-2018,0.01435315
16-03-2018,0.013772864
19-03-2018,0.013298583
20-03-2018,0.014029494
21-03-2018,0.013483595
22-03-2018,0.015140666
23-03-2018,0.015417859
26-03-2018,0.016912722
27-03-2018,0.021480251
28-03-2018,0.022067325
29-03-2018,0.021313334
02-04-2018,0.020277569
03-04-2018,0.019279292
04-04-2018,0.01836018
05-04-2018,0.018795652
06-04-2018,0.017913384
09-04-2018,0.018770323
10-04-2018,0.01798484
11-04-2018,0.018273046
12-04-2018,0.017505882
13-04-2018,0.016897135
16-04-2018,0.016159799
17-04-2018,0.015532381
18-04-2018,0.015404417
19-04-2018,0.014744952
20-04-2018,0.017115929
23-04-2018,0.021319305
24-04-2018,0.020283166
25-04-2018,0.019894132
26-04-2018,0.018876066
27-04-2018,0.017943911
30-04-2018,0.017515997
01-05-2018,0.017390609
02-05-2018,0.018268496
03-05-2018,0.021978108
04-05-2018,0.020837173
07-05-2018,0.023315122
08-05-2018,0.02226586
09-05-2018,0.021151782
10-05-2018,0.020134794
11-05-2018,0.019817269
14-05-2018,0.018903495
15-05-2018,0.017964636
16-05-2018,0.017461253
17-05-2018,0.016909278
18-05-2018,0.01635395
21-05-2018,0.015655585
22-05-2018,0.015038666
23-05-2018,0.014408534
24-05-2018,0.013865359
25-05-2018,0.013326468
29-05-2018,0.01283494
30-05-2018,0.012442039
31-05-2018,0.012082658
01-06-2018,0.011780305
04-06-2018,0.012602596
05-06-2018,0.012441759
06-06-2018,0.012236043
07-06-2018,0.011885941
08-06-2018,0.01154901
11-06-2018,0.011707185
12-06-2018,0.011404584
13-06-2018,0.011159139
14-06-2018,0.011236319
15-06-2018,0.010949551
18-06-2018,0.011208369
19-06-2018,0.010938636
20-06-2018,0.012045376
21-06-2018,0.011698957
22-06-2018,0.011574602
25-06-2018,0.011317709
26-06-2018,0.012299985
27-06-2018,0.012477464
28-06-2018,0.012105109
29-06-2018,0.011921338
02-07-2018,0.011624312
03-07-2018,0.01190718
05-07-2018,0.013109467
06-07-2018,0.012885002
09-07-2018,0.01300412
10-07-2018,0.013405533
11-07-2018,0.012960643
12-07-2018,0.013013731
13-07-2018,0.013322366
16-07-2018,0.012872197
17-07-2018,0.01252744
18-07-2018,0.012145631
19-07-2018,0.011926869
20-07-2018,0.011745564
23-07-2018,0.011436242
24-07-2018,0.01111882
25-07-2018,0.01100542
26-07-2018,0.011144449
27-07-2018,0.010944634
30-07-2018,0.011981853
31-07-2018,0.011846684
01-08-2018,0.011497893
02-08-2018,0.020879765
03-08-2018,0.022015813
06-08-2018,0.020865557
07-08-2018,0.019869751
08-08-2018,0.018981587
09-08-2018,0.018037696
10-08-2018,0.017342795
13-08-2018,0.016575562
14-08-2018,0.015902404
15-08-2018,0.01524255
16-08-2018,0.014598254
17-08-2018,0.014642976
20-08-2018,0.015453249
21-08-2018,0.015129868
22-08-2018,0.014507919
23-08-2018,0.013914031
24-08-2018,0.013378705
27-08-2018,0.012887932
28-08-2018,0.012703105
29-08-2018,0.012462372
30-08-2018,0.012958692
31-08-2018,0.012804488
04-09-2018,0.012927125
05-09-2018,0.012505788
06-09-2018,0.012250836
07-09-2018,0.01318341
10-09-2018,0.01302111
11-09-2018,0.013502548
12-09-2018,0.014940716
13-09-2018,0.014934372
14-09-2018,0.01597849
17-09-2018,0.015697778
18-09-2018,0.017294434
19-09-2018,0.01648858
20-09-2018,0.015751499
21-09-2018,0.015081405
24-09-2018,0.014787183
25-09-2018,0.014652341
26-09-2018,0.014235971
27-09-2018,0.013996982
28-09-2018,0.01479474
01-10-2018,0.014246035
02-10-2018,0.013780336
03-10-2018,0.013534565
04-10-2018,0.013635246
05-10-2018,0.014405297
08-10-2018,0.014852506
09-10-2018,0.014288431
10-10-2018,0.014335917
11-10-2018,0.021008986
12-10-2018,0.020249131
15-10-2018,0.02199634
16-10-2018,0.021884218
17-10-2018,0.021369578
18-10-2018,0.020244762
19-10-2018,0.020893258
22-10-2018,0.020228855
23-10-2018,0.019328323
24-10-2018,0.018468852
25-10-2018,0.020773054
26-10-2018,0.020667186
29-10-2018,0.020229673
30-10-2018,0.02033938
31-10-2018,0.019295719
01-11-2018,0.020292862
02-11-2018,0.019616675
05-11-2018,0.028367908
06-11-2018,0.028817663
07-11-2018,0.027401377
08-11-2018,0.027180879
09-11-2018,0.025710745
12-11-2018,0.025091984
13-11-2018,0.029051763
14-11-2018,0.027661179
15-11-2018,0.027990884
16-11-2018,0.027220079
19-11-2018,0.025820728
20-11-2018,0.027525686
21-11-2018,0.031149461
23-11-2018,0.0293389
26-11-2018,0.029284423
27-11-2018,0.027789882
28-11-2018,0.026255276
29-11-2018,0.027584728
30-11-2018,0.026190085
03-12-2018,0.024749098
04-12-2018,0.025445222
06-12-2018,0.027282052
07-12-2018,0.026392449
10-12-2018,0.027139
11-12-2018,0.025607789
12-12-2018,0.024305512
13-12-2018,0.022969576
14-12-2018,0.021883053
17-12-2018,0.022971099
18-12-2018,0.022171142
19-12-2018,0.021438107
20-12-2018,0.02302735
21-12-2018,0.023647235
24-12-2018,0.025968953
26-12-2018,0.02624173
27-12-2018,0.031969875
28-12-2018,0.030142611
31-12-2018,0.028425954
02-01-2019,0.027041249
03-01-2019,0.025528713
04-01-2019,0.042139439
07-01-2019,0.041435777
08-01-2019,0.038946835
09-01-2019,0.03697095
10-01-2019,0.03498556
11-01-2019,0.033063672
14-01-2019,0.03154636
15-01-2019,0.029885826
16-01-2019,0.02853239
17-01-2019,0.027364219
18-01-2019,0.025815679
22-01-2019,0.024521444
23-01-2019,0.024428443
24-01-2019,0.023112331
25-01-2019,0.022072949
28-01-2019,0.023235281
29-01-2019,0.022234581
30-01-2019,0.021293085
31-01-2019,0.028610412
01-02-2019,0.027257248
04-02-2019,0.025739837
05-02-2019,0.026253074
06-02-2019,0.025480974
07-02-2019,0.024060361
08-02-2019,0.02351709
11-02-2019,0.022235654
12-02-2019,0.021149058
13-02-2019,0.02015395
14-02-2019,0.019196639
15-02-2019,0.018256728
19-02-2019,0.017401839
20-02-2019,0.01660044
21-02-2019,0.015900768
22-02-2019,0.01528228
25-02-2019,0.014893598
26-02-2019,0.014499338
27-02-2019,0.013908802
28-02-2019,0.013394567
01-03-2019,0.013304602
04-03-2019,0.013142936
05-03-2019,0.01275176
06-03-2019,0.01234008
07-03-2019,0.01215362
08-03-2019,0.012350065
11-03-2019,0.01194637
12-03-2019,0.015769082
13-03-2019,0.015463614
14-03-2019,0.014845392
15-03-2019,0.014674306
18-03-2019,0.014784573
19-03-2019,0.01446599
20-03-2019,0.014070725
21-03-2019,0.013723549
22-03-2019,0.017645693
25-03-2019,0.0180414
26-03-2019,0.017746917
27-03-2019,0.017210304
28-03-2019,0.016599955
29-03-2019,0.01584171
01-04-2019,0.015274744
02-04-2019,0.014701788
03-04-2019,0.014928079
04-04-2019,0.014402437
05-04-2019,0.01384398
08-04-2019,0.01341272
09-04-2019,0.0139568
10-04-2019,0.013473717
11-04-2019,0.013087542
12-04-2019,0.012943395
15-04-2019,0.012488005
16-04-2019,0.012071473
17-04-2019,0.011693602
18-04-2019,0.0125752
22-04-2019,0.012244529
23-04-2019,0.011860825
24-04-2019,0.012437477
25-04-2019,0.012035389
26-04-2019,0.012098979
29-04-2019,0.011854752
30-04-2019,0.011500102
01-05-2019,0.013046671
02-05-2019,0.019318481
03-05-2019,0.018423313
06-05-2019,0.017847226
07-05-2019,0.017709099
08-05-2019,0.018806221
09-05-2019,0.01793116
10-05-2019,0.017304333
13-05-2019,0.01762298
14-05-2019,0.02542939
15-05-2019,0.024234395
16-05-2019,0.023225241
17-05-2019,0.022101614
20-05-2019,0.021081272
21-05-2019,0.022226007
22-05-2019,0.021583733
23-05-2019,0.021409508
24-05-2019,0.021369378
28-05-2019,0.020321433
29-05-2019,0.019324537
30-05-2019,0.018547881
31-05-2019,0.017699937
03-06-2019,0.018032711
04-06-2019,0.017539993
05-06-2019,0.019894771
06-06-2019,0.019658245
07-06-2019,0.019073235
10-06-2019,0.020185988
11-06-2019,0.019677993
12-06-2019,0.019034215
13-06-2019,0.018094695
14-06-2019,0.017212998
17-06-2019,0.016592197
18-06-2019,0.015909408
19-06-2019,0.016745733
20-06-2019,0.015989361
21-06-2019,0.015404569
24-06-2019,0.014756718
25-06-2019,0.014155406
26-06-2019,0.014568718
27-06-2019,0.015400755
28-06-2019,0.014735815
01-07-2019,0.014479664
02-07-2019,0.01481794
03-07-2019,0.014411101
05-07-2019,0.013939125
08-07-2019,0.013393751
09-07-2019,0.014648428
10-07-2019,0.014122298
11-07-2019,0.013880841
12-07-2019,0.013614544
15-07-2019,0.013221165
16-07-2019,0.013135148
17-07-2019,0.012745266
18-07-2019,0.012482067
19-07-2019,0.012537566
22-07-2019,0.013077778
23-07-2019,0.014201339
24-07-2019,0.013883649
25-07-2019,0.013349876
26-07-2019,0.013205885
29-07-2019,0.012799937
30-07-2019,0.012563688
31-07-2019,0.012204983
01-08-2019,0.013110263
02-08-2019,0.014207808
05-08-2019,0.015678104
06-08-2019,0.023028014
07-08-2019,0.022319749
08-08-2019,0.021287002
09-08-2019,0.021164764
12-08-2019,0.020325556
13-08-2019,0.019275782
14-08-2019,0.02209948
15-08-2019,0.022570836
16-08-2019,0.021612304
19-08-2019,0.022045028
20-08-2019,0.02161892
21-08-2019,0.020479086
22-08-2019,0.019749536
23-08-2019,0.018742589
26-08-2019,0.023450523
27-08-2019,0.022714242
28-08-2019,0.021746934
29-08-2019,0.020614937
30-08-2019,0.020139635
03-09-2019,0.019103257
04-09-2019,0.019017551
05-09-2019,0.018948156
06-09-2019,0.018897149
09-09-2019,0.017954168
10-09-2019,0.017097957
11-09-2019,0.01685752
12-09-2019,0.018714915
13-09-2019,0.017787689
16-09-2019,0.018194114
17-09-2019,0.017381438
18-09-2019,0.016593322
19-09-2019,0.016000946
20-09-2019,0.01554372
23-09-2019,0.015663289
24-09-2019,0.015001622
25-09-2019,0.014456503
26-09-2019,0.014450765
27-09-2019,0.013958556
30-09-2019,0.013554583
01-10-2019,0.0148455
02-10-2019,0.014272568
03-10-2019,0.016260483
04-10-2019,0.015711113
07-10-2019,0.017427118
08-10-2019,0.016597367
09-10-2019,0.016405171
10-10-2019,0.016121673
11-10-2019,0.01596732
14-10-2019,0.017268662
15-10-2019,0.01645525
16-10-2019,0.015717562
17-10-2019,0.015091496
18-10-2019,0.014503955
21-10-2019,0.013939114
22-10-2019,0.014478322
23-10-2019,0.013926158
24-10-2019,0.014042799
25-10-2019,0.013493719
28-10-2019,0.013593359
29-10-2019,0.013371905
30-10-2019,0.014701361
31-10-2019,0.014128225
01-11-2019,0.015488581
04-11-2019,0.017049667
05-11-2019,0.016387223
06-11-2019,0.015644956
07-11-2019,0.014960258
08-11-2019,0.014771457
11-11-2019,0.014171524
12-11-2019,0.01379437
13-11-2019,0.013267282
14-11-2019,0.013109785
15-11-2019,0.012866753
18-11-2019,0.012914334
19-11-2019,0.012534692
20-11-2019,0.012152458
21-11-2019,0.012544715
22-11-2019,0.012203022
25-11-2019,0.011855848
26-11-2019,0.012690847
27-11-2019,0.012608796
29-11-2019,0.012844055
02-12-2019,0.012426523
03-12-2019,0.012566946
04-12-2019,0.013823316
05-12-2019,0.013586486
06-12-2019,0.013619682
09-12-2019,0.014481183
10-12-2019,0.014753941
11-12-2019,0.014284809
12-12-2019,0.01391639
13-12-2019,0.013412046
16-12-2019,0.013363603
17-12-2019,0.014209577
18-12-2019,0.013642026
19-12-2019,0.013133295
20-12-2019,0.012658481
23-12-2019,0.012239492
24-12-2019,0.012679509
26-12-2019,0.012254194
27-12-2019,0.013195595
30-12-2019,0.012715824
31-12-2019,0.012397239
02-01-2020,0.012184947
03-01-2020,0.013910812
06-01-2020,0.013784096
07-01-2020,0.013484517
08-01-2020,0.013088383
09-01-2020,0.013619388
10-01-2020,0.014472862
13-01-2020,0.013940946
14-01-2020,0.01468697
15-01-2020,0.014486238
16-01-2020,0.014066548
17-01-2020,0.014119629
21-01-2020,0.013960179
22-01-2020,0.013661082
23-01-2020,0.01317551
24-01-2020,0.012778783
27-01-2020,0.012385733
28-01-2020,0.01563024
29-01-2020,0.017145413
30-01-2020,0.01762351
31-01-2020,0.016791786
03-02-2020,0.021976282
04-02-2020,0.020823247
05-02-2020,0.021965889
06-02-2020,0.020968972
07-02-2020,0.020035144
10-02-2020,0.019319913
11-02-2020,0.018366216
12-02-2020,0.017554882
13-02-2020,0.018087631
14-02-2020,0.017363911
18-02-2020,0.016539837
19-02-2020,0.016970382
20-02-2020,0.016789369
21-02-2020,0.016488446
24-02-2020,0.017405786
25-02-2020,0.023566348
26-02-2020,0.024992377
27-02-2020,0.023820526
28-02-2020,0.031258569
02-03-2020,0.029578549
03-03-2020,0.039986241
04-03-2020,0.038883388
05-03-2020,0.038708114
06-03-2020,0.03739118
09-03-2020,0.035480947
10-03-2020,0.043190306
11-03-2020,0.046107301
12-03-2020,0.04504208
13-03-2020,0.053958002
16-03-2020,0.060212472
17-03-2020,0.069121582
18-03-2020,0.065245777
19-03-2020,0.061443803
20-03-2020,0.057770116
23-03-2020,0.059103091
24-03-2020,0.055738028
25-03-2020,0.058915299
26-03-2020,0.055295367
27-03-2020,0.053468072
30-03-2020,0.051182653
31-03-2020,0.048633849
01-04-2020,0.045668605
02-04-2020,0.046331424
03-04-2020,0.043647075
06-04-2020,0.041145544
07-04-2020,0.045813388
08-04-2020,0.043099405
09-04-2020,0.041181646
13-04-2020,0.038806025
14-04-2020,0.037214237
15-04-2020,0.037892786
16-04-2020,0.035640982
17-04-2020,0.033542632
20-04-2020,0.031691306
21-04-2020,0.030827958
22-04-2020,0.030822479
23-04-2020,0.030139258
24-04-2020,0.028431461
27-04-2020,0.028039875
28-04-2020,0.026442987
29-04-2020,0.025433782
30-04-2020,0.025790702
01-05-2020,0.025566873
04-05-2020,0.024905455
05-05-2020,0.023979157
06-05-2020,0.023198009
07-05-2020,0.022180444
08-05-2020,0.021183327
11-05-2020,0.02162441
12-05-2020,0.021044864
13-05-2020,0.020210299
14-05-2020,0.019652587
15-05-2020,0.018770073
18-05-2020,0.017996296
19-05-2020,0.018469578
20-05-2020,0.017663545
21-05-2020,0.01782839
22-05-2020,0.0171477
26-05-2020,0.016479931
27-05-2020,0.015969352
28-05-2020,0.015347399
29-05-2020,0.014705858
01-06-2020,0.014095461
02-06-2020,0.013839257
03-06-2020,0.013460013
04-06-2020,0.012988277
05-06-2020,0.012752572
08-06-2020,0.014862228
09-06-2020,0.014427436
10-06-2020,0.016764797
11-06-2020,0.018117639
12-06-2020,0.022978603
15-06-2020,0.021801008
16-06-2020,0.021164339
17-06-2020,0.021438849
18-06-2020,0.020323238
19-06-2020,0.019278813
22-06-2020,0.018440523
23-06-2020,0.019480189
24-06-2020,0.019522678
25-06-2020,0.019259122
26-06-2020,0.018591002
29-06-2020,0.019860401
30-06-2020,0.01975991
01-07-2020,0.018974595
02-07-2020,0.018050233
06-07-2020,0.017185838
07-07-2020,0.018687231
08-07-2020,0.017821996
09-07-2020,0.018521495
10-07-2020,0.017651247
13-07-2020,0.016832726
14-07-2020,0.016201111
15-07-2020,0.016518103
16-07-2020,0.015825506
17-07-2020,0.015540747
20-07-2020,0.014946976
21-07-2020,0.015998633
22-07-2020,0.016104146
23-07-2020,0.01539169
24-07-2020,0.021175585
27-07-2020,0.020110817
28-07-2020,0.020163058
29-07-2020,0.019779914
30-07-2020,0.019251822
31-07-2020,0.018957859
03-08-2020,0.035857346
04-08-2020,0.035040294
05-08-2020,0.033051402
06-08-2020,0.031169278
07-08-2020,0.031824418
10-08-2020,0.030988582
11-08-2020,0.029573198
12-08-2020,0.029620954
13-08-2020,0.029820577
14-08-2020,0.028493877
17-08-2020,0.026871246
18-08-2020,0.025464386
19-08-2020,0.024410883
20-08-2020,0.023088317
21-08-2020,0.023169022
24-08-2020,0.026669932
25-08-2020,0.02569094
26-08-2020,0.02448725
27-08-2020,0.023733884
28-08-2020,0.022779349
31-08-2020,0.021565724
01-09-2020,0.022784932
02-09-2020,0.025198953
03-09-2020,0.024813672
04-09-2020,0.035389196
08-09-2020,0.033306112
09-09-2020,0.038395756
10-09-2020,0.037368714
11-09-2020,0.036775467
14-09-2020,0.034970754
15-09-2020,0.033828549
16-09-2020,0.031909097
17-09-2020,0.032352868
18-09-2020,0.030736135
21-09-2020,0.031223711
22-09-2020,0.030832129
23-09-2020,0.029304022
24-09-2020,0.030677204
25-09-2020,0.028936709
28-09-2020,0.030265504
29-09-2020,0.029239798
30-09-2020,0.027641461
01-10-2020,0.026484994
02-10-2020,0.025217781
05-10-2020,0.026168151
06-10-2020,0.026285291
07-10-2020,0.026326783
08-10-2020,0.025206236
09-10-2020,0.023809353
12-10-2020,0.023218653
13-10-2020,0.02882266
14-10-2020,0.028007925
15-10-2020,0.026447548
16-10-2020,0.024959269
19-10-2020,0.024136549
20-10-2020,0.024558846
21-10-2020,0.023504057
22-10-2020,0.022338179
23-10-2020,0.021452097
26-10-2020,0.020500274
27-10-2020,0.019437398
28-10-2020,0.018752255
29-10-2020,0.023271946
30-10-2020,0.024261229
02-11-2020,0.028960978
03-11-2020,0.027369509
04-11-2020,0.026170372
05-11-2020,0.028028773
06-11-2020,0.028149126
09-11-2020,0.02658166
10-11-2020,0.026171664
11-11-2020,0.024703111
12-11-2020,0.024819491
13-11-2020,0.023445465
16-11-2020,0.022194498
17-11-2020,0.021280299
18-11-2020,0.020346694
19-11-2020,0.019705435
20-11-2020,0.018738745
23-11-2020,0.018173385
24-11-2020,0.02021428
25-11-2020,0.019409727
27-11-2020,0.01855718
30-11-2020,0.01766201
01-12-2020,0.017936726
02-12-2020,0.019868988
03-12-2020,0.018872859
04-12-2020,0.017932276
07-12-2020,0.017156149
08-12-2020,0.016808265
09-12-2020,0.016072013
10-12-2020,0.016790319
11-12-2020,0.016290255
14-12-2020,0.015655351
15-12-2020,0.015178401
16-12-2020,0.02107191
17-12-2020,0.019971098
18-12-2020,0.019008702
21-12-2020,0.01865691
22-12-2020,0.018162245
23-12-2020,0.019222019
24-12-2020,0.018338167
28-12-2020,0.017498654
29-12-2020,0.020552585
30-12-2020,0.019966587
31-12-2020,0.019194423
04-01-2021,0.018407493
05-01-2021,0.019261029
06-01-2021,0.018468151
07-01-2021,0.020566005
08-01-2021,0.021562943
11-01-2021,0.020655286
12-01-2021,0.021096991
13-01-2021,0.020041931
14-01-2021,0.01991431
15-01-2021,0.019790449
19-01-2021,0.019352531
20-01-2021,0.018406865
21-01-2021,0.020378362
22-01-2021,0.022200726
25-01-2021,0.021769357
26-01-2021,0.022378251
27-01-2021,0.021237576
28-01-2021,0.020293627
29-01-2021,0.022316758
01-02-2021,0.024710274
02-02-2021,0.02371387
03-02-2021,0.022479225
04-02-2021,0.021567946
05-02-2021,0.021837259
08-02-2021,0.020682429
09-02-2021,0.019607659
10-02-2021,0.018730638
11-02-2021,0.017869134
12-02-2021,0.017053776
16-02-2021,0.016259329
17-02-2021,0.016585631
18-02-2021,0.016930792
19-02-2021,0.016523352
22-02-2021,0.015764313
23-02-2021,0.018374395
24-02-2021,0.017505217
25-02-2021,0.016765852
26-02-2021,0.019835146
01-03-2021,0.018835918
02-03-2021,0.024658231
03-03-2021,0.024340838
04-03-2021,0.024569092
05-03-2021,0.023783131
08-03-2021,0.022730545
09-03-2021,0.026114385
10-03-2021,0.027419188
11-03-2021,0.026046421
12-03-2021,0.025091406
15-03-2021,0.023926554
16-03-2021,0.02425413
17-03-2021,0.023087639
18-03-2021,0.021849746
19-03-2021,0.02422181
22-03-2021,0.022897661
23-03-2021,0.022883279
24-03-2021,0.021699921
25-03-2021,0.022109398
26-03-2021,0.02102023
29-03-2021,0.019938708
30-03-2021,0.018920214
31-03-2021,0.018586602
01-04-2021,0.018659083
05-04-2021,0.017829167
06-04-2021,0.018532353
07-04-2021,0.017624573
08-04-2021,0.017422122
09-04-2021,0.017547986
12-04-2021,0.018167518
13-04-2021,0.017919823
14-04-2021,0.018841683
15-04-2021,0.018828916
16-04-2021,0.01879887
19-04-2021,0.017909305
20-04-2021,0.017161229
21-04-2021,0.017170442
22-04-2021,0.016435607
23-04-2021,0.016460109
26-04-2021,0.016835967
27-04-2021,0.016052169
28-04-2021,0.015333056
29-04-2021,0.01498552
30-04-2021,0.01435865
03-05-2021,0.015054827
04-05-2021,0.014670389
05-05-2021,0.018729916
06-05-2021,0.017800474
07-05-2021,0.017234286
10-05-2021,0.016539216
11-05-2021,0.018525909
12-05-2021,0.017719775
13-05-2021,0.019162504
14-05-2021,0.018985982
17-05-2021,0.01878413
18-05-2021,0.018026469
19-05-2021,0.017827982
20-05-2021,0.016970467
21-05-2021,0.017118815
24-05-2021,0.016904357
25-05-2021,0.016420886
26-05-2021,0.015669978
27-05-2021,0.014993942
28-05-2021,0.014999793
01-06-2021,0.014488239
02-06-2021,0.013980735
03-06-2021,0.013551877
04-06-2021,0.013814992
07-06-2021,0.014476073
08-06-2021,0.013886224
09-06-2021,0.013496414
10-06-2021,0.012998919
11-06-2021,0.012724537
14-06-2021,0.012480858
15-06-2021,0.014587048
16-06-2021,0.014212436
17-06-2021,0.013694928
18-06-2021,0.013731751
21-06-2021,0.013539164
22-06-2021,0.013512337
23-06-2021,0.013759455
24-06-2021,0.01327379
25-06-2021,0.01281753
28-06-2021,0.012394565
29-06-2021,0.012529961
30-06-2021,0.012594556
01-07-2021,0.012240166
02-07-2021,0.011858922
06-07-2021,0.013084865
07-07-2021,0.013450964
08-07-2021,0.014142679
09-07-2021,0.013878914
12-07-2021,0.013962697
13-07-2021,0.013483031
14-07-2021,0.013189238
15-07-2021,0.01457651
16-07-2021,0.01400579
19-07-2021,0.014481659
20-07-2021,0.016268321
21-07-2021,0.017164584
22-07-2021,0.016435613
23-07-2021,0.01583383
26-07-2021,0.015572468
27-07-2021,0.014944685
28-07-2021,0.015337102
29-07-2021,0.015147567
30-07-2021,0.014515173
02-08-2021,0.013927707
03-08-2021,0.013482898
04-08-2021,0.013566457
05-08-2021,0.013102776
06-08-2021,0.012630669
09-08-2021,0.012343013
10-08-2021,0.011941428
11-08-2021,0.01169783
12-08-2021,0.011363953
13-08-2021,0.012566692
16-08-2021,0.012161933
17-08-2021,0.012357143
18-08-2021,0.012064455
19-08-2021,0.014489118
20-08-2021,0.013897271
23-08-2021,0.013722269
24-08-2021,0.013446243
25-08-2021,0.012951749
26-08-2021,0.012801434
27-08-2021,0.012531515
30-08-2021,0.012278345
31-08-2021,0.015015219
01-09-2021,0.014617646
02-09-2021,0.014048422
03-09-2021,0.013735029
07-09-2021,0.013278815
08-09-2021,0.013501022
09-09-2021,0.013304414
10-09-2021,0.013117774
13-09-2021,0.016603635
14-09-2021,0.015841921
15-09-2021,0.015538283
16-09-2021,0.014909977
17-09-2021,0.01433282
20-09-2021,0.014941167
21-09-2021,0.016389345
22-09-2021,0.015674549
23-09-2021,0.015624107
24-09-2021,0.015078777
27-09-2021,0.01444393
28-09-2021,0.014198219
29-09-2021,0.015924054
30-09-2021,0.015298563
01-10-2021,0.015038871
04-10-2021,0.014526843
05-10-2021,0.016277206
06-10-2021,0.016070498
07-10-2021,0.015424314
08-10-2021,0.015048221
11-10-2021,0.014511266
12-10-2021,0.013922434
13-10-2021,0.013913527
14-10-2021,0.013417559
15-10-2021,0.013994671
18-10-2021,0.013741956
19-10-2021,0.013530892
20-10-2021,0.014045374
21-10-2021,0.013524937
22-10-2021,0.013024878
25-10-2021,0.012692987
26-10-2021,0.012260485
27-10-2021,0.011909875
28-10-2021,0.011605265
29-10-2021,0.013446773
01-11-2021,0.01409782
02-11-2021,0.01376583
03-11-2021,0.01340316
04-11-2021,0.013271929
05-11-2021,0.012924249
08-11-2021,0.012529301
09-11-2021,0.012303625
10-11-2021,0.011924859
11-11-2021,0.013390654
12-11-2021,0.012899611
15-11-2021,0.013039572
16-11-2021,0.01257364
17-11-2021,0.01221025
18-11-2021,0.013094643
19-11-2021,0.015332525
22-11-2021,0.015748765
23-11-2021,0.015081637
24-11-2021,0.014477005
26-11-2021,0.013927736
29-11-2021,0.016950901
30-11-2021,0.017265436
01-12-2021,0.019287472
02-12-2021,0.018352557
03-12-2021,0.017642598
06-12-2021,0.017096112
07-12-2021,0.017409313
08-12-2021,0.019990489
09-12-2021,0.020264218
10-12-2021,0.019234432
13-12-2021,0.020408165
14-12-2021,0.020303745
15-12-2021,0.019502116
16-12-2021,0.020429429
17-12-2021,0.022951847
20-12-2021,0.022048445
21-12-2021,0.020987323
22-12-2021,0.020557578
23-12-2021,0.019947195
27-12-2021,0.018973881
28-12-2021,0.019240512
29-12-2021,0.018300713
30-12-2021,0.017411253
31-12-2021,0.016687327
03-01-2022,0.015989909
04-01-2022,0.016976784
05-01-2022,0.016658341
06-01-2022,0.018433176
07-01-2022,0.018444661
10-01-2022,0.017535926
11-01-2022,0.016720848
12-01-2022,0.016658239
13-01-2022,0.01589846
14-01-2022,0.01641341
18-01-2022,0.015695841
19-01-2022,0.016123946
20-01-2022,0.017278089
21-01-2022,0.016920711
24-01-2022,0.01677888
25-01-2022,0.016209612
26-01-2022,0.01601419
27-01-2022,0.015323758
28-01-2022,0.01472362
31-01-2022,0.025351154
01-02-2022,0.02550493
02-02-2022,0.024082857
03-02-2022,0.022882252
04-02-2022,0.022060544
07-02-2022,0.020950136
08-02-2022,0.019886692
09-02-2022,0.019526404
10-02-2022,0.018717936
11-02-2022,0.019459598
14-02-2022,0.019778562
15-02-2022,0.018770109
16-02-2022,0.019051119
17-02-2022,0.018114657
18-02-2022,0.018709287
22-02-2022,0.018088931
23-02-2022,0.01820458
24-02-2022,0.019681199
25-02-2022,0.01918799
28-02-2022,0.01863038
01-03-2022,0.017707383
02-03-2022,0.017337778
03-03-2022,0.017759371
04-03-2022,0.016920381
07-03-2022,0.017291667
08-03-2022,0.018476774
09-03-2022,0.017987609
10-03-2022,0.01974559
11-03-2022,0.020631501
14-03-2022,0.021554134
15-03-2022,0.022191612
16-03-2022,0.022729083
17-03-2022,0.023094682
18-03-2022,0.021945833
21-03-2022,0.021647895
22-03-2022,0.020862907
23-03-2022,0.020686632
24-03-2022,0.019868865
25-03-2022,0.020109038
28-03-2022,0.01913822
29-03-2022,0.018244616
30-03-2022,0.018358196
31-03-2022,0.017546376
01-04-2022,0.017868982
04-04-2022,0.017017895
05-04-2022,0.017719331
06-04-2022,0.018020418
07-04-2022,0.018414326
08-04-2022,0.017510442
11-04-2022,0.017149383
12-04-2022,0.018850207
13-04-2022,0.018182576
14-04-2022,0.017960893
18-04-2022,0.019852924
19-04-2022,0.01888972
20-04-2022,0.018560512
21-04-2022,0.01766154
22-04-2022,0.016959486
25-04-2022,0.018502376
26-04-2022,0.017643183
27-04-2022,0.020860685
28-04-2022,0.019841944
29-04-2022,0.023174087
02-05-2022,0.024745833
03-05-2022,0.023405627
04-05-2022,0.022477395
05-05-2022,0.024594803
06-05-2022,0.029725997
09-05-2022,0.028025697
10-05-2022,0.028590056
11-05-2022,0.027343283
12-05-2022,0.031760261
13-05-2022,0.031160319
16-05-2022,0.030372477
17-05-2022,0.028687859
18-05-2022,0.02752147
19-05-2022,0.030872607
20-05-2022,0.030773313
23-05-2022,0.028995273
24-05-2022,0.029724993
25-05-2022,0.028845372
26-05-2022,0.027191248
27-05-2022,0.026634669
31-05-2022,0.028472835
01-06-2022,0.02694662
02-06-2022,0.025425394
03-06-2022,0.024523153
06-06-2022,0.025987618
07-06-2022,0.024531269
08-06-2022,0.023994745
09-06-2022,0.022801684
10-06-2022,0.024832002
13-06-2022,0.026809276
14-06-2022,0.028622114
15-06-2022,0.02699688
16-06-2022,0.026027477
17-06-2022,0.028004581
21-06-2022,0.026514186
22-06-2022,0.027258594
23-06-2022,0.025758055
24-06-2022,0.025054976
27-06-2022,0.025187751
28-06-2022,0.023787288
29-06-2022,0.024532889
30-06-2022,0.023505809
01-07-2022,0.02297642
05-07-2022,0.022135333
06-07-2022,0.021704367
07-07-2022,0.020827969
08-07-2022,0.020890518
11-07-2022,0.019961576
12-07-2022,0.019680617
13-07-2022,0.018827391
14-07-2022,0.017920794
15-07-2022,0.018125335
18-07-2022,0.017563751
19-07-2022,0.017918848
20-07-2022,0.01866638
21-07-2022,0.018459522
22-07-2022,0.018026667
25-07-2022,0.017324078
26-07-2022,0.016663287
27-07-2022,0.016220081
28-07-2022,0.018746301
29-07-2022,0.017836294
01-08-2022,0.019793527
02-08-2022,0.018870666
03-08-2022,0.018117238
04-08-2022,0.020565732
05-08-2022,0.019506085
08-08-2022,0.018605371
09-08-2022,0.017686159
10-08-2022,0.016838164
11-08-2022,0.017906934
12-08-2022,0.017094391
15-08-2022,0.017483485
16-08-2022,0.016805952
17-08-2022,0.016025839
18-08-2022,0.015477811
19-08-2022,0.014805083
22-08-2022,0.015268901
23-08-2022,0.016442118
24-08-2022,0.015760813
25-08-2022,0.015064916
26-08-2022,0.014948153
29-08-2022,0.018961946
30-08-2022,0.018765825
31-08-2022,0.018597262
01-09-2022,0.018140707
02-09-2022,0.01725608
06-09-2022,0.016995613
07-09-2022,0.01664664
08-09-2022,0.01614187
09-09-2022,0.015828041
12-09-2022,0.016068733
13-09-2022,0.019486451
14-09-2022,0.026450873
15-09-2022,0.025014388
16-09-2022,0.024220501
19-09-2022,0.02334365
20-09-2022,0.023039685
21-09-2022,0.022550745
22-09-2022,0.022717505
23-09-2022,0.021558922
26-09-2022,0.021122277
27-09-2022,0.020018868
28-09-2022,0.019021321
29-09-2022,0.018485369
30-09-2022,0.024601996
03-10-2022,0.025362451
04-10-2022,0.025383844
05-10-2022,0.025259576
06-10-2022,0.023857895
07-10-2022,0.022626591
10-10-2022,0.024517855
11-10-2022,0.023164863
12-10-2022,0.022226481
13-10-2022,0.02115532
14-10-2022,0.022239918
17-10-2022,0.023234806
18-10-2022,0.02328532
19-10-2022,0.02235745
20-10-2022,0.021158838
21-10-2022,0.020114917
24-10-2022,0.021157994
25-10-2022,0.020475228
26-10-2022,0.020483374
27-10-2022,0.020523212
28-10-2022,0.021671153
31-10-2022,0.030208764
01-11-2022,0.028690918
02-11-2022,0.028040259
03-11-2022,0.028934793
04-11-2022,0.030682508
07-11-2022,0.029021161
08-11-2022,0.027377471
09-11-2022,0.025825977
10-11-2022,0.026674914
11-11-2022,0.036342582
14-11-2022,0.034969173
15-11-2022,0.033092941
16-11-2022,0.031368958
17-11-2022,0.029562723
18-11-2022,0.027975652
21-11-2022,0.026453728
22-11-2022,0.026156045
23-11-2022,0.025077605
25-11-2022,0.02375244
28-11-2022,0.023413463
29-11-2022,0.024045126
30-11-2022,0.023753619
01-12-2022,0.02644636
02-12-2022,0.024971973
05-12-2022,0.023671351
06-12-2022,0.022511177
07-12-2022,0.022744977
08-12-2022,0.022252879
09-12-2022,0.021379409
12-12-2022,0.020339917
13-12-2022,0.019856944
14-12-2022,0.018946358
15-12-2022,0.018650916
16-12-2022,0.02393354
19-12-2022,0.023192403
20-12-2022,0.022771403
21-12-2022,0.021568158
22-12-2022,0.021379769
23-12-2022,0.021538474
27-12-2022,0.020516532
28-12-2022,0.019874243
29-12-2022,0.021720494
30-12-2022,0.02201838
03-01-2023,0.020867091
04-01-2023,0.023718784
05-01-2023,0.022560666
06-01-2023,0.02155462
09-01-2023,0.022870299
10-01-2023,0.02168241
11-01-2023,0.020578307
12-01-2023,0.020508352
13-01-2023,0.019458329
17-01-2023,0.018606399
18-01-2023,0.018023268
19-01-2023,0.017283269
20-01-2023,0.016464257
23-01-2023,0.016753284
24-01-2023,0.017652649
25-01-2023,0.017073841
26-01-2023,0.016324356
27-01-2023,0.016253504
30-01-2023,0.016179333
31-01-2023,0.016833202
01-02-2023,0.016221817
02-02-2023,0.015720745
03-02-2023,0.018770307
06-02-2023,0.019435567
07-02-2023,0.019194822
08-02-2023,0.019069732
09-02-2023,0.018731585
10-02-2023,0.018089509
13-02-2023,0.017215364
14-02-2023,0.017409346
15-02-2023,0.016696226
16-02-2023,0.016518811
17-02-2023,0.016152619
21-02-2023,0.015614648
22-02-2023,0.01764654
23-02-2023,0.016815018
24-02-2023,0.01603289
27-02-2023,0.016386264
28-02-2023,0.015689976
01-03-2023,0.015007316
02-03-2023,0.015450143
03-03-2023,0.01481774
06-03-2023,0.017763557
07-03-2023,0.017926829
08-03-2023,0.017745387
09-03-2023,0.017100582
10-03-2023,0.016910267
13-03-2023,0.016911977
14-03-2023,0.016507568
15-03-2023,0.016393559
16-03-2023,0.01564532
17-03-2023,0.016103384
20-03-2023,0.015465393
21-03-2023,0.015527478
22-03-2023,0.015316227
23-03-2023,0.014906541
24-03-2023,0.014357621
27-03-2023,0.014124253
28-03-2023,0.014298879
29-03-2023,0.013812939
30-03-2023,0.014553235
31-03-2023,0.014307998
03-04-2023,0.014436936
04-04-2023,0.014116735
05-04-2023,0.013595384
06-04-2023,0.013623061
10-04-2023,0.013194239
11-04-2023,0.013828169
12-04-2023,0.01364685
13-04-2023,0.013266167
14-04-2023,0.016485332
17-04-2023,0.015758452
18-04-2023,0.015061344
19-04-2023,0.014573989
20-04-2023,0.014237448
21-04-2023,0.013935071
24-04-2023,0.013704424
25-04-2023,0.013180267
26-04-2023,0.013036842
27-04-2023,0.012609937
28-04-2023,0.015078778
01-05-2023,0.014612972
02-05-2023,0.014015097
03-05-2023,0.01362033
04-05-2023,0.013253389
05-05-2023,0.013330055
08-05-2023,0.019242539
09-05-2023,0.018273132
10-05-2023,0.017726307
11-05-2023,0.017137878
12-05-2023,0.016365995
15-05-2023,0.015882418
16-05-2023,0.015191957
17-05-2023,0.014553988
18-05-2023,0.013995652
19-05-2023,0.013960923
22-05-2023,0.013417185
23-05-2023,0.013104879
24-05-2023,0.013563892
25-05-2023,0.013051074
26-05-2023,0.012711774
30-05-2023,0.01292784
31-05-2023,0.012861178
01-06-2023,0.012410751
02-06-2023,0.01294124
05-06-2023,0.012610513
06-06-2023,0.012483227
07-06-2023,0.012101025
08-06-2023,0.012000807
09-06-2023,0.012402198
12-06-2023,0.012007377
13-06-2023,0.012509061
14-06-2023,0.012122381
15-06-2023,0.011789879
16-06-2023,0.011879154
20-06-2023,0.011631974
21-06-2023,0.011312486
22-06-2023,0.011125792
23-06-2023,0.011779421
26-06-2023,0.01144143
27-06-2023,0.011485799
28-06-2023,0.012019939
29-06-2023,0.011851748
30-06-2023,0.011494496
03-07-2023,0.013318349
05-07-2023,0.013028204
06-07-2023,0.012774549
07-07-2023,0.012348932
10-07-2023,0.012098925
11-07-2023,0.01248339
12-07-2023,0.012118683
13-07-2023,0.011959808
14-07-2023,0.011642307
17-07-2023,0.011307229
18-07-2023,0.012252251
19-07-2023,0.011865002
20-07-2023,0.011672742
21-07-2023,0.01180719
24-07-2023,0.01165964
25-07-2023,0.011346278
26-07-2023,0.011129094
27-07-2023,0.010866522
28-07-2023,0.010800588
31-07-2023,0.011191805
01-08-2023,0.010959473
02-08-2023,0.010840389
03-08-2023,0.011807482
04-08-2023,0.011760347
07-08-2023,0.019879828
08-08-2023,0.020017546
09-08-2023,0.019008002
10-08-2023,0.018374891
11-08-2023,0.017564303
14-08-2023,0.016725549
15-08-2023,0.016115932
16-08-2023,0.015815491
17-08-2023,0.01527169
18-08-2023,0.015401213
21-08-2023,0.014736166
22-08-2023,0.014259164
23-08-2023,0.013876205
24-08-2023,0.014823232
25-08-2023,0.016345679
28-08-2023,0.015930011
29-08-2023,0.015538193
30-08-2023,0.016253793
31-08-2023,0.016532336
01-09-2023,0.015805006
05-09-2023,0.015263179
06-09-2023,0.014642387
07-09-2023,0.018591404
08-09-2023,0.020311885
11-09-2023,0.019264827
12-09-2023,0.018367414
13-09-2023,0.018660763
14-09-2023,0.018239179
15-09-2023,0.017504023
18-09-2023,0.016737764
19-09-2023,0.016590433
20-09-2023,0.015967501
21-09-2023,0.016656023
22-09-2023,0.016244901
25-09-2023,0.015581124
26-09-2023,0.015002719
27-09-2023,0.016435219
28-09-2023,0.016065819
29-09-2023,0.015344724
02-10-2023,0.014690389
03-10-2023,0.014633843
04-10-2023,0.014228038
05-10-2023,0.013772704
06-10-2023,0.013456467
09-10-2023,0.01370394
10-10-2023,0.013411764
11-10-2023,0.012946762
12-10-2023,0.012675338
13-10-2023,0.01237459
16-10-2023,0.012530369
17-10-2023,0.012122716
18-10-2023,0.012125222
19-10-2023,0.012088478
20-10-2023,0.011779193
23-10-2023,0.012476458
24-10-2023,0.012076861
25-10-2023,0.011714146
26-10-2023,0.012363509
27-10-2023,0.014714728
30-10-2023,0.014242757
31-10-2023,0.014127094
01-11-2023,0.013571471
02-11-2023,0.014166814
03-11-2023,0.015266682
06-11-2023,0.014711832
07-11-2023,0.014805522
08-11-2023,0.014991125
09-11-2023,0.014479436
10-11-2023,0.013934905
13-11-2023,0.015342917
14-11-2023,0.014940416
15-11-2023,0.014926049
16-11-2023,0.014324449
17-11-2023,0.0140761
20-11-2023,0.013533804
21-11-2023,0.013445046
22-11-2023,0.013092786
24-11-2023,0.012691519
27-11-2023,0.012598952
28-11-2023,0.012173763
29-11-2023,0.01178786
30-11-2023,0.011539375
01-12-2023,0.011211971
04-12-2023,0.011173175
05-12-2023,0.011470468
06-12-2023,0.012874888
07-12-2023,0.012565013
08-12-2023,0.012493374
11-12-2023,0.012252724
12-12-2023,0.012461538
13-12-2023,0.012143699
14-12-2023,0.013114868
15-12-2023,0.012647148
18-12-2023,0.012250803
19-12-2023,0.012223256
20-12-2023,0.01193309
21-12-2023,0.012211086
22-12-2023,0.011837458
26-12-2023,0.011708725
27-12-2023,0.011418061
28-12-2023,0.011118301
29-12-2023,0.010854563
02-01-2024,0.010863761
03-01-2024,0.015824614
04-01-2024,0.01551281
05-01-2024,0.015446148
08-01-2024,0.014963587
09-01-2024,0.015908713
10-01-2024,0.015212326
11-01-2024,0.014601583
12-01-2024,0.014024617
16-01-2024,0.013476626
17-01-2024,0.013685743
18-01-2024,0.013305321
19-01-2024,0.01602706
22-01-2024,0.016176367
23-01-2024,0.01580186
24-01-2024,0.01530935
25-01-2024,0.014678924
26-01-2024,0.014092656
29-01-2024,0.013861799
30-01-2024,0.0134269
31-01-2024,0.014507419
01-02-2024,0.015545985
02-02-2024,0.015270228
05-02-2024,0.014741914
06-02-2024,0.014304094
07-02-2024,0.01399033
08-02-2024,0.01344137
09-02-2024,0.013143219
12-02-2024,0.012738043
13-02-2024,0.012733929
14-02-2024,0.012916221
15-02-2024,0.012652811
16-02-2024,0.01224176
20-02-2024,0.012346446
21-02-2024,0.012058346
22-02-2024,0.01170739
23-02-2024,0.011857103
26-02-2024,0.012058854
27-02-2024,0.011984869
28-02-2024,0.011822664
29-02-2024,0.011673339
01-03-2024,0.011505945
04-03-2024,0.01136748
05-03-2024,0.014064929
06-03-2024,0.016811729
07-03-2024,0.016248345
08-03-2024,0.015538824
11-03-2024,0.015050292
12-03-2024,0.014802793
13-03-2024,0.014206725
14-03-2024,0.014251717
15-03-2024,0.014067088
18-03-2024,0.013535049
19-03-2024,0.013124239
20-03-2024,0.013263011
21-03-2024,0.013674263
22-03-2024,0.018974354
25-03-2024,0.018066939
26-03-2024,0.017421633
27-03-2024,0.016799201
28-03-2024,0.016928859
01-04-2024,0.016350434
02-04-2024,0.016127514
03-04-2024,0.015514581
04-04-2024,0.014859214
05-04-2024,0.01435446
08-04-2024,0.013799135
09-04-2024,0.013464361
10-04-2024,0.013098525
11-04-2024,0.013198507
12-04-2024,0.018291011
15-04-2024,0.017636126
16-04-2024,0.018212123
17-04-2024,0.018634707
18-04-2024,0.01784117
19-04-2024,0.017268612
22-04-2024,0.016977823
23-04-2024,0.01619161
24-04-2024,0.015599746
25-04-2024,0.015285327
26-04-2024,0.014724739
29-04-2024,0.014175292
30-04-2024,0.015636962
01-05-2024,0.015999979
02-05-2024,0.015495369
03-05-2024,0.016275145
06-05-2024,0.024402004
07-05-2024,0.023255075
08-05-2024,0.022033434
09-05-2024,0.020873486
10-05-2024,0.020127167
13-05-2024,0.019361648
14-05-2024,0.019337806
15-05-2024,0.018410241
16-05-2024,0.018026625
17-05-2024,0.017156618
20-05-2024,0.016360875
21-05-2024,0.015654569
22-05-2024,0.015207664
23-05-2024,0.014910748
24-05-2024,0.015750568
28-05-2024,0.015663287
29-05-2024,0.014976784
30-05-2024,0.014350883
31-05-2024,0.013865235
03-06-2024,0.013414437
04-06-2024,0.013170136
05-06-2024,0.012703734
06-06-2024,0.012462748
07-06-2024,0.012260523
10-06-2024,0.012388865
11-06-2024,0.013503507
12-06-2024,0.025415353
13-06-2024,0.025872517
14-06-2024,0.024506283
17-06-2024,0.023325032
18-06-2024,0.023311312
20-06-2024,0.022472544
21-06-2024,0.022286142
24-06-2024,0.021596702
25-06-2024,0.020503589
26-06-2024,0.019440006
27-06-2024,0.019577944
28-06-2024,0.018595251
01-07-2024,0.01833546
02-07-2024,0.019331871
03-07-2024,0.019301057
05-07-2024,0.018361663
08-07-2024,0.018826335
09-07-2024,0.018060686
10-07-2024,0.017213253
11-07-2024,0.017446543
12-07-2024,0.018116218
15-07-2024,0.017560874
16-07-2024,0.017609887
17-07-2024,0.01677096
18-07-2024,0.018258878
19-07-2024,0.018575022
22-07-2024,0.017668345
23-07-2024,0.016836777
24-07-2024,0.016057841
25-07-2024,0.017962595
26-07-2024,0.017266756
29-07-2024,0.016455973
30-07-2024,0.015702952
31-07-2024,0.015010204
01-08-2024,0.015145417
02-08-2024,0.01556585
05-08-2024,0.014995655
06-08-2024,0.021460737
07-08-2024,0.02071919
08-08-2024,0.019880179
09-08-2024,0.019582495
12-08-2024,0.018832294
13-08-2024,0.018165881
14-08-2024,0.017938411
15-08-2024,0.017128385
16-08-2024,0.016725008
19-08-2024,0.016127627
20-08-2024,0.015411112
21-08-2024,0.014765083
22-08-2024,0.014152783
23-08-2024,0.013903253
26-08-2024,0.013656021
27-08-2024,0.013141185
28-08-2024,0.012688472
29-08-2024,0.012483809
30-08-2024,0.012851924
03-09-2024,0.012470288
04-09-2024,0.01507568
05-09-2024,0.014879079
06-09-2024,0.01441956
09-09-2024,0.014176735
10-09-2024,0.01361708
11-09-2024,0.013182971
12-09-2024,0.013157896
13-09-2024,0.012682776
16-09-2024,0.012258909
17-09-2024,0.015171958
18-09-2024,0.01452643
19-09-2024,0.014840256
20-09-2024,0.018337682
23-09-2024,0.017485597
24-09-2024,0.016780775
25-09-2024,0.016029237
26-09-2024,0.015339867
27-09-2024,0.014685821
30-09-2024,0.014091204
01-10-2024,0.01504025
02-10-2024,0.017061733
03-10-2024,0.016260151
04-10-2024,0.015594914
07-10-2024,0.014957463
08-10-2024,0.016460647
09-10-2024,0.016707255
10-10-2024,0.016628286
11-10-2024,0.015866308
14-10-2024,0.015468069
15-10-2024,0.015930185
16-10-2024,0.015484423
17-10-2024,0.015034469
18-10-2024,0.014399101
21-10-2024,0.014487633
22-10-2024,0.013966331
23-10-2024,0.013444411
24-10-2024,0.014897899
25-10-2024,0.014281161
28-10-2024,0.013722214
29-10-2024,0.013412143
30-10-2024,0.012914661
31-10-2024,0.013366003
01-11-2024,0.014450353
04-11-2024,0.014575469
05-11-2024,0.014146079
06-11-2024,0.013670356
07-11-2024,0.01324974
08-11-2024,0.014275097
11-11-2024,0.013706625
12-11-2024,0.013792951
13-11-2024,0.013269374
14-11-2024,0.012861594
15-11-2024,0.012921038
18-11-2024,0.013237913
19-11-2024,0.013253643
20-11-2024,0.012781263
21-11-2024,0.0123534
22-11-2024,0.01199499
25-11-2024,0.011785549
26-11-2024,0.01199739
27-11-2024,0.012051952
29-11-2024,0.011691255
02-12-2024,0.01184266
03-12-2024,0.011834399
04-12-2024,0.012190213
05-12-2024,0.011803625
06-12-2024,0.011451883
09-12-2024,0.011148614
10-12-2024,0.011994246
11-12-2024,0.011668092
12-12-2024,0.011457096
13-12-2024,0.011233822
16-12-2024,0.010944521
17-12-2024,0.011117491
18-12-2024,0.011285019
19-12-2024,0.013091054
20-12-2024,0.012740291
23-12-2024,0.013674597
24-12-2024,0.013175809
26-12-2024,0.013068203
27-12-2024,0.012680555
30-12-2024,0.013068492
31-12-2024,0.013403106
02-01-2025,0.01317478
03-01-2025,0.015581942
06-01-2025,0.014988722
07-01-2025,0.014456834
08-01-2025,0.014478047
10-01-2025,0.013887867
13-01-2025,0.015432818
14-01-2025,0.015352302
15-01-2025,0.014826878
16-01-2025,0.015313252
17-01-2025,0.020054391
21-01-2025,0.019093336
22-01-2025,0.021007019
23-01-2025,0.019933008
24-01-2025,0.018963657
27-01-2025,0.01803708
28-01-2025,0.019089232
29-01-2025,0.022203155
30-01-2025,0.021024478
31-01-2025,0.019981017
03-02-2025,0.019120441
04-02-2025,0.02104019
05-02-2025,0.020600891
06-02-2025,0.019530411
07-02-2025,0.018539303
10-02-2025,0.019338258
11-02-2025,0.018361906
12-02-2025,0.018550625
13-02-2025,0.018612819
14-02-2025,0.018530855
18-02-2025,0.0182548
19-02-2025,0.017363534
20-02-2025,0.016557341
21-02-2025,0.015827006
24-02-2025,0.015128309
25-02-2025,0.014557255
26-02-2025,0.013959202
27-02-2025,0.016266328
28-02-2025,0.016213234
03-03-2025,0.016453136
04-03-2025,0.016582647
05-03-2025,0.016289087
06-03-2025,0.015553302
07-03-2025,0.014897253
10-03-2025,0.014894145
11-03-2025,0.021260755
12-03-2025,0.022810208
13-03-2025,0.022423939
14-03-2025,0.02427662
17-03-2025,0.023260482
18-03-2025,0.022013896
19-03-2025,0.021060259
20-03-2025,0.02025876
21-03-2025,0.019269852
24-03-2025,0.019098208
25-03-2025,0.018531092
26-03-2025,0.018112744
27-03-2025,0.017534952
28-03-2025,0.017030254
31-03-2025,0.018463973
01-04-2025,0.018449002
02-04-2025,0.017578814
03-04-2025,0.01676909
04-04-2025,0.035690268
07-04-2025,0.041800517
08-04-2025,0.04173295
09-04-2025,0.042858047
10-04-2025,0.058039398
11-04-2025,0.055698503
14-04-2025,0.053247162
15-04-2025,0.050739154
16-04-2025,0.047645549
17-04-2025,0.04716922
21-04-2025,0.044731926
22-04-2025,0.04280604
23-04-2025,0.041767544
24-04-2025,0.039725156
25-04-2025,0.038087717
28-04-2025,0.035812905
29-04-2025,0.033851574
30-04-2025,0.031858605
01-05-2025,0.030171024
02-05-2025,0.028426651
05-05-2025,0.029082459
06-05-2025,0.029876249
07-05-2025,0.028156663
08-05-2025,0.027006458
09-05-2025,0.025509372
12-05-2025,0.024107025
13-05-2025,0.030040931
14-05-2025,0.028511089
15-05-2025,0.026885482
16-05-2025,0.025410145
19-05-2025,0.024002002
20-05-2025,0.023225144
21-05-2025,0.022138076
22-05-2025,0.022633296
23-05-2025,0.021457861
27-05-2025,0.023050366
28-05-2025,0.023027903
29-05-2025,0.021782698
30-05-2025,0.020640471
02-06-2025,0.019571021
03-06-2025,0.018712998
04-06-2025,0.017827887
05-06-2025,0.016966588
06-06-2025,0.016754149
09-06-2025,0.01685451
10-06-2025,0.016646232
11-06-2025,0.015960161
12-06-2025,0.01663714
13-06-2025,0.015878376
16-06-2025,0.016077671
17-06-2025,0.015676049
18-06-2025,0.015956165
20-06-2025,0.015330122
23-06-2025,0.015891725
24-06-2025,0.015263518
25-06-2025,0.014930399
26-06-2025,0.01454947
27-06-2025,0.014032743
30-06-2025,0.013479846
01-07-2025,0.014193697
02-07-2025,0.014359191
03-07-2025,0.015219929
07-07-2025,0.014736916
08-07-2025,0.015188188
09-07-2025,0.014537577
10-07-2025,0.014033249
11-07-2025,0.0135625
14-07-2025,0.013252827
15-07-2025,0.013389266
16-07-2025,0.012893949
17-07-2025,0.012523292
18-07-2025,0.01212795
21-07-2025,0.011836338
22-07-2025,0.011621609
23-07-2025,0.011604692
24-07-2025,0.011284451
25-07-2025,0.011006139
28-07-2025,0.010731263
29-07-2025,0.010483959
30-07-2025,0.011256283
31-07-2025,0.011589507
01-08-2025,0.011598417
04-08-2025,0.014133155
05-08-2025,0.013580144
06-08-2025,0.013096514
07-08-2025,0.019706596
08-08-2025,0.021326135
11-08-2025,0.024370126
12-08-2025,0.023131412
13-08-2025,0.022278075
14-08-2025,0.021659052
15-08-2025,0.020510689
18-08-2025,0.019644626
19-08-2025,0.018647217
20-08-2025,0.017776528
21-08-2025,0.018052798
22-08-2025,0.017378032
25-08-2025,0.017026464
26-08-2025,0.016291546
27-08-2025,0.015764831
28-08-2025,0.015144806
29-08-2025,0.014770041
02-09-2025,0.014182712
03-09-2025,0.014011839
04-09-2025,0.01759932
05-09-2025,0.016913851
08-09-2025,0.016141293
09-09-2025,0.015584587
10-09-2025,0.015621755
11-09-2025,0.018735958
12-09-2025,0.01823321
15-09-2025,0.018053205
16-09-2025,0.017487117
17-09-2025,0.016710416
18-09-2025,0.016028621
19-09-2025,0.015433796
22-09-2025,0.017926797
23-09-2025,0.021690174
24-09-2025,0.020594627
25-09-2025,0.019774723
26-09-2025,0.019822355
29-09-2025,0.018900546
30-09-2025,0.018052064
01-10-2025,0.017173272
02-10-2025,0.016392408
03-10-2025,0.015712031
06-10-2025,0.015060643
07-10-2025,0.014567406
08-10-2025,0.013973798
09-10-2025,0.013519953
10-10-2025,0.013994775
13-10-2025,0.017986232
14-10-2025,0.017288452
15-10-2025,0.016469772
16-10-2025,0.015760538
17-10-2025,0.015337626
20-10-2025,0.015926366
21-10-2025,0.019401945
22-10-2025,0.018462189
23-10-2025,0.018507902
24-10-2025,0.01769016
27-10-2025,0.017249491
28-10-2025,0.01784741
29-10-2025,0.016984426
30-10-2025,0.016215146
31-10-2025,0.01559267
03-11-2025,0.014944442
04-11-2025,0.01448639
05-11-2025,0.013942755
06-11-2025,0.01340134
07-11-2025,0.01292117
10-11-2025,0.012623138
11-11-2025,0.0122588
12-11-2025,0.013491463
13-11-2025,0.013136776
14-11-2025,0.012713684
17-11-2025,0.012289764
18-11-2025,0.01337153
19-11-2025,0.012902414
20-11-2025,0.012503142
21-11-2025,0.012533209
24-11-2025,0.013365912
25-11-2025,0.013922417
26-11-2025,0.013417864
28-11-2025,0.012926968
01-12-2025,0.012588767
02-12-2025,0.012985872
03-12-2025,0.013010519
04-12-2025,0.01278698
05-12-2025,0.012993369
08-12-2025,0.012773055
09-12-2025,0.012412339
10-12-2025,0.012088165
11-12-2025,0.011791155
12-12-2025,0.011499378
15-12-2025,0.01117605
16-12-2025,0.012022012
17-12-2025,0.011649561
18-12-2025,0.011883182
19-12-2025,0.011523027
22-12-2025,0.011254331
23-12-2025,0.011403955
24-12-2025,0.011116455
26-12-2025,0.010994115
29-12-2025,0.01076986
30-12-2025,0.010520033
