Date,MSFT_vol
05-01-2015,0.016701863
06-01-2015,0.016145203
07-01-2015,0.016345955
08-01-2015,0.015784148
09-01-2015,0.018006032
12-01-2015,0.017097204
13-01-2015,0.016862728
14-01-2015,0.016085255
15-01-2015,0.015607613
16-01-2015,0.015534189
20-01-2015,0.015485975
21-01-2015,0.014706828
22-01-2015,0.014428278
23-01-2015,0.015928521
26-01-2015,0.015132569
27-01-2015,0.014434861
28-01-2015,0.036581337
29-01-2015,0.037843797
30-01-2015,0.035485592
02-02-2015,0.035788728
03-02-2015,0.033572776
04-02-2015,0.031571539
05-02-2015,0.029513802
06-02-2015,0.02798179
09-02-2015,0.026162636
10-02-2015,0.024497075
11-02-2015,0.023024572
12-02-2015,0.021675306
13-02-2015,0.021006676
17-02-2015,0.020751058
18-02-2015,0.019503689
19-02-2015,0.018353474
20-02-2015,0.01728267
23-02-2015,0.016468846
24-02-2015,0.015730803
25-02-2015,0.014892644
26-02-2015,0.01415602
27-02-2015,0.013447039
02-03-2015,0.012948236
03-03-2015,0.012355886
04-03-2015,0.012879627
05-03-2015,0.012587869
06-03-2015,0.012030009
09-03-2015,0.013184116
10-03-2015,0.012813372
11-03-2015,0.013861248
12-03-2015,0.013292051
13-03-2015,0.015377416
16-03-2015,0.014681125
17-03-2015,0.013940634
18-03-2015,0.013328599
19-03-2015,0.013880564
20-03-2015,0.013200881
23-03-2015,0.013127194
24-03-2015,0.012531237
25-03-2015,0.011972972
26-03-2015,0.016613646
27-03-2015,0.016133969
30-03-2015,0.015562217
31-03-2015,0.014747813
01-04-2015,0.014467213
02-04-2015,0.013731757
06-04-2015,0.013832033
07-04-2015,0.016657139
08-04-2015,0.015729767
09-04-2015,0.014895326
10-04-2015,0.014124263
13-04-2015,0.013673026
14-04-2015,0.0130216
15-04-2015,0.01242741
16-04-2015,0.012550209
17-04-2015,0.011989243
20-04-2015,0.012632079
21-04-2015,0.015671224
22-04-2015,0.014891189
23-04-2015,0.014312156
24-04-2015,0.013848598
27-04-2015,0.037490144
28-04-2015,0.035248161
29-04-2015,0.034201857
30-04-2015,0.031910241
01-05-2015,0.029811449
04-05-2015,0.027933255
05-05-2015,0.026161456
06-05-2015,0.02544592
07-05-2015,0.025671037
08-05-2015,0.024024034
11-05-2015,0.023910014
12-05-2015,0.022598965
13-05-2015,0.021191386
14-05-2015,0.01996055
15-05-2015,0.020415433
18-05-2015,0.01937957
19-05-2015,0.018360528
20-05-2015,0.017371685
21-05-2015,0.016382243
22-05-2015,0.015633948
26-05-2015,0.015304203
27-05-2015,0.014926564
28-05-2015,0.015810447
29-05-2015,0.014990565
01-06-2015,0.01493021
02-06-2015,0.014250318
03-06-2015,0.013664817
04-06-2015,0.013106482
05-06-2015,0.013081848
08-06-2015,0.012732384
09-06-2015,0.012744878
10-06-2015,0.012248417
11-06-2015,0.013373228
12-06-2015,0.01275381
15-06-2015,0.012848775
16-06-2015,0.01298918
17-06-2015,0.0125346
18-06-2015,0.011991877
19-06-2015,0.012693071
22-06-2015,0.012904988
23-06-2015,0.012319451
24-06-2015,0.012131156
25-06-2015,0.011838621
26-06-2015,0.011409794
29-06-2015,0.011328828
30-06-2015,0.013646041
01-07-2015,0.013247642
02-07-2015,0.012679322
06-07-2015,0.012115302
07-07-2015,0.011631891
08-07-2015,0.011187131
09-07-2015,0.010813424
10-07-2015,0.010583473
13-07-2015,0.01023136
14-07-2015,0.01209129
15-07-2015,0.011629277
16-07-2015,0.011212002
17-07-2015,0.012601106
20-07-2015,0.01205195
21-07-2015,0.011658131
22-07-2015,0.01157005
23-07-2015,0.017031929
24-07-2015,0.016240384
27-07-2015,0.015396798
28-07-2015,0.015437039
29-07-2015,0.014701572
30-07-2015,0.015785077
31-07-2015,0.015500361
03-08-2015,0.014683894
04-08-2015,0.01392742
05-08-2015,0.014419757
06-08-2015,0.013688956
07-08-2015,0.014811862
10-08-2015,0.014048816
11-08-2015,0.014013957
12-08-2015,0.015037046
13-08-2015,0.014302483
14-08-2015,0.013579611
17-08-2015,0.013030948
18-08-2015,0.012559799
19-08-2015,0.012225604
20-08-2015,0.012846272
21-08-2015,0.014420291
24-08-2015,0.025757424
25-08-2015,0.027973623
26-08-2015,0.029238737
27-08-2015,0.031912059
28-08-2015,0.031433567
31-08-2015,0.029397047
01-09-2015,0.027734455
02-09-2015,0.028949303
03-09-2015,0.028663851
04-09-2015,0.026917078
08-09-2015,0.026423336
09-09-2015,0.026354236
10-09-2015,0.025183618
11-09-2015,0.02357213
14-09-2015,0.022128021
15-09-2015,0.021012999
16-09-2015,0.020625222
17-09-2015,0.019716647
18-09-2015,0.018551767
21-09-2015,0.018493982
22-09-2015,0.017869519
23-09-2015,0.01691094
24-09-2015,0.01597986
25-09-2015,0.015112693
28-09-2015,0.014321565
29-09-2015,0.014854353
30-09-2015,0.014093741
01-10-2015,0.014592703
02-10-2015,0.014255793
05-10-2015,0.015250896
06-10-2015,0.017089122
07-10-2015,0.016208052
08-10-2015,0.015329334
09-10-2015,0.015277171
12-10-2015,0.014606612
13-10-2015,0.013939122
14-10-2015,0.013297432
15-10-2015,0.012818523
16-10-2015,0.0123392
19-10-2015,0.012360623
20-10-2015,0.011842661
21-10-2015,0.011394063
22-10-2015,0.011742794
23-10-2015,0.012442461
26-10-2015,0.035506517
27-10-2015,0.03554682
28-10-2015,0.033230696
29-10-2015,0.031092952
30-10-2015,0.029181293
02-11-2015,0.02794377
03-11-2015,0.026311839
04-11-2015,0.025255504
05-11-2015,0.023715088
06-11-2015,0.022217523
09-11-2015,0.021124767
10-11-2015,0.020388786
11-11-2015,0.019793942
12-11-2015,0.018605679
13-11-2015,0.017669456
16-11-2015,0.017183658
17-11-2015,0.017080703
18-11-2015,0.016335398
19-11-2015,0.016236599
20-11-2015,0.015364664
23-11-2015,0.014657829
24-11-2015,0.013913636
25-11-2015,0.013245791
27-11-2015,0.013376218
30-11-2015,0.01279989
01-12-2015,0.012373008
02-12-2015,0.013194556
03-12-2015,0.012573788
04-12-2015,0.013467337
07-12-2015,0.015868014
08-12-2015,0.015023565
09-12-2015,0.014260391
10-12-2015,0.014525723
11-12-2015,0.01384078
14-12-2015,0.015589503
15-12-2015,0.015865433
16-12-2015,0.015005007
17-12-2015,0.015458534
18-12-2015,0.014944531
21-12-2015,0.01700983
22-12-2015,0.01617376
23-12-2015,0.015844482
24-12-2015,0.015113231
28-12-2015,0.014324904
29-12-2015,0.013660799
30-12-2015,0.013531577
31-12-2015,0.012953488
04-01-2016,0.013560786
05-01-2016,0.013905287
06-01-2016,0.013232328
07-01-2016,0.014348438
08-01-2016,0.019218343
11-01-2016,0.018109499
12-01-2016,0.017071375
13-01-2016,0.016252812
14-01-2016,0.017197546
15-01-2016,0.018407473
19-01-2016,0.022029422
20-01-2016,0.021170641
21-01-2016,0.019871484
22-01-2016,0.018740569
25-01-2016,0.020280317
26-01-2016,0.019080898
27-01-2016,0.017984596
28-01-2016,0.017869338
29-01-2016,0.017432903
01-02-2016,0.025572968
02-02-2016,0.023930238
03-02-2016,0.025262168
04-02-2016,0.024476767
05-02-2016,0.023015179
08-02-2016,0.02552851
09-02-2016,0.025026095
10-02-2016,0.02354403
11-02-2016,0.022172352
12-02-2016,0.020811649
16-02-2016,0.020312404
17-02-2016,0.020185452
18-02-2016,0.021371517
19-02-2016,0.020075147
22-02-2016,0.018988008
23-02-2016,0.018486454
24-02-2016,0.019597165
25-02-2016,0.018443021
26-02-2016,0.018042619
29-02-2016,0.017783223
01-03-2016,0.017280704
02-03-2016,0.019677268
03-03-2016,0.018772811
04-03-2016,0.018095736
07-03-2016,0.017272723
08-03-2016,0.017674437
09-03-2016,0.016845517
10-03-2016,0.017776787
11-03-2016,0.017422513
14-03-2016,0.017415514
15-03-2016,0.016485355
16-03-2016,0.015790193
17-03-2016,0.015632141
18-03-2016,0.015071123
21-03-2016,0.016336621
22-03-2016,0.015530908
23-03-2016,0.014726147
24-03-2016,0.013978187
28-03-2016,0.013295484
29-03-2016,0.013239798
30-03-2016,0.014027787
31-03-2016,0.013658021
01-04-2016,0.013026225
04-04-2016,0.012584579
05-04-2016,0.012032482
06-04-2016,0.013039124
07-04-2016,0.012725152
08-04-2016,0.012900019
11-04-2016,0.012354894
12-04-2016,0.011902309
13-04-2016,0.011588185
14-04-2016,0.011727376
15-04-2016,0.011271054
18-04-2016,0.010897774
19-04-2016,0.011796622
20-04-2016,0.011312867
21-04-2016,0.011999015
22-04-2016,0.011493164
25-04-2016,0.02808502
26-04-2016,0.026305945
27-04-2016,0.025155017
28-04-2016,0.023977553
29-04-2016,0.024319969
02-05-2016,0.022777439
03-05-2016,0.021594532
04-05-2016,0.020794072
05-05-2016,0.019577618
06-05-2016,0.018435106
09-05-2016,0.017497222
10-05-2016,0.016618943
11-05-2016,0.016741701
12-05-2016,0.01582306
13-05-2016,0.015252062
16-05-2016,0.014741221
17-05-2016,0.014789794
18-05-2016,0.015519422
19-05-2016,0.014754861
20-05-2016,0.014575988
23-05-2016,0.013959602
24-05-2016,0.014222127
25-05-2016,0.017169567
26-05-2016,0.016579967
27-05-2016,0.015662759
31-05-2016,0.014906851
01-06-2016,0.015253124
02-06-2016,0.014539395
03-06-2016,0.013951607
06-06-2016,0.014419516
07-06-2016,0.013807772
08-06-2016,0.013165828
09-06-2016,0.012555136
10-06-2016,0.012554885
13-06-2016,0.012047268
14-06-2016,0.015369539
15-06-2016,0.014933355
16-06-2016,0.014340125
17-06-2016,0.014337563
20-06-2016,0.013809512
21-06-2016,0.013136933
22-06-2016,0.01423724
23-06-2016,0.013520743
24-06-2016,0.013881627
27-06-2016,0.018644048
28-06-2016,0.021220665
29-06-2016,0.020596319
30-06-2016,0.020938541
01-07-2016,0.020051882
05-07-2016,0.018855677
06-07-2016,0.0177433
07-07-2016,0.016782833
08-07-2016,0.015844986
11-07-2016,0.016084822
12-07-2016,0.01537759
13-07-2016,0.015143949
14-07-2016,0.014503422
15-07-2016,0.01388537
18-07-2016,0.013211455
19-07-2016,0.012703196
20-07-2016,0.013529789
21-07-2016,0.021427308
22-07-2016,0.020125553
25-07-2016,0.019540742
26-07-2016,0.018395696
27-07-2016,0.017372523
28-07-2016,0.017093981
29-07-2016,0.01613587
01-08-2016,0.015324293
02-08-2016,0.014510828
03-08-2016,0.013823219
04-08-2016,0.013427748
05-08-2016,0.012938137
08-08-2016,0.012908942
09-08-2016,0.012321725
10-08-2016,0.011827481
11-08-2016,0.011431677
12-08-2016,0.011084209
15-08-2016,0.010973244
16-08-2016,0.010592009
17-08-2016,0.010516962
18-08-2016,0.010167866
19-08-2016,0.009857498
22-08-2016,0.009572248
23-08-2016,0.009328093
24-08-2016,0.009201571
25-08-2016,0.008990627
26-08-2016,0.008895062
29-08-2016,0.008803403
30-08-2016,0.008640775
31-08-2016,0.008674708
01-09-2016,0.009003933
02-09-2016,0.008816492
06-09-2016,0.008656083
07-09-2016,0.008558735
08-09-2016,0.008423171
09-09-2016,0.008485517
12-09-2016,0.011522962
13-09-2016,0.011678011
14-09-2016,0.011607028
15-09-2016,0.011419928
16-09-2016,0.011982913
19-09-2016,0.011528137
20-09-2016,0.011391561
21-09-2016,0.010979284
22-09-2016,0.011775808
23-09-2016,0.011312963
26-09-2016,0.011199191
27-09-2016,0.011390035
28-09-2016,0.012340436
29-09-2016,0.011816368
30-09-2016,0.011998857
03-10-2016,0.011494658
04-10-2016,0.011076912
05-10-2016,0.01084303
06-10-2016,0.010642744
07-10-2016,0.010281995
10-10-2016,0.009950208
11-10-2016,0.009718266
12-10-2016,0.010751823
13-10-2016,0.010485931
14-10-2016,0.010256866
17-10-2016,0.010216193
18-10-2016,0.010000045
19-10-2016,0.009981336
20-10-2016,0.009734619
21-10-2016,0.009630426
24-10-2016,0.016327828
25-10-2016,0.018094735
26-10-2016,0.017051929
27-10-2016,0.016190312
28-10-2016,0.015606415
31-10-2016,0.014927013
01-11-2016,0.014151531
02-11-2016,0.013498128
03-11-2016,0.013120505
04-11-2016,0.012659755
07-11-2016,0.012582621
08-11-2016,0.015053012
09-11-2016,0.01429936
10-11-2016,0.013705179
11-11-2016,0.015914015
14-11-2016,0.015080488
15-11-2016,0.015563003
16-11-2016,0.015893559
17-11-2016,0.01561641
18-11-2016,0.016207315
21-11-2016,0.01543815
22-11-2016,0.015040202
23-11-2016,0.014277286
25-11-2016,0.013981807
28-11-2016,0.013313697
29-11-2016,0.012711524
30-11-2016,0.012265262
01-12-2016,0.012544249
02-12-2016,0.01400768
05-12-2016,0.013330755
06-12-2016,0.013654145
07-12-2016,0.013075481
08-12-2016,0.014568259
09-12-2016,0.013875264
12-12-2016,0.014148505
13-12-2016,0.013498518
14-12-2016,0.013760175
15-12-2016,0.013229598
16-12-2016,0.012606995
19-12-2016,0.012308555
20-12-2016,0.013880644
21-12-2016,0.013209986
22-12-2016,0.012589603
23-12-2016,0.012048977
27-12-2016,0.011605368
28-12-2016,0.011187117
29-12-2016,0.01084978
30-12-2016,0.010576146
03-01-2017,0.011098801
04-01-2017,0.01075234
05-01-2017,0.010489953
06-01-2017,0.010160947
09-01-2017,0.010162025
10-01-2017,0.009887479
11-01-2017,0.009629698
12-01-2017,0.009824167
13-01-2017,0.010066232
17-01-2017,0.009760293
18-01-2017,0.009568258
19-01-2017,0.009331246
20-01-2017,0.009277461
23-01-2017,0.009308876
24-01-2017,0.009125183
25-01-2017,0.009443038
26-01-2017,0.009231372
27-01-2017,0.009610848
30-01-2017,0.01225816
31-01-2017,0.011966342
01-02-2017,0.011941071
02-02-2017,0.012962862
03-02-2017,0.012808543
06-02-2017,0.012340578
07-02-2017,0.011803253
08-02-2017,0.011466602
09-02-2017,0.011039737
10-02-2017,0.011164931
13-02-2017,0.010742856
14-02-2017,0.010931574
15-02-2017,0.010634197
16-02-2017,0.010266075
17-02-2017,0.009949383
21-02-2017,0.009665493
22-02-2017,0.009478696
23-02-2017,0.009287275
24-02-2017,0.009099267
27-02-2017,0.008899542
28-02-2017,0.009101726
01-03-2017,0.009095672
02-03-2017,0.009989562
03-03-2017,0.010798532
06-03-2017,0.010415902
07-03-2017,0.010070226
08-03-2017,0.009775193
09-03-2017,0.009811084
10-03-2017,0.009574271
13-03-2017,0.009323192
14-03-2017,0.009160075
15-03-2017,0.009231167
16-03-2017,0.00910509
17-03-2017,0.008937646
20-03-2017,0.008787092
21-03-2017,0.008624395
22-03-2017,0.009405318
23-03-2017,0.009794672
24-03-2017,0.009535013
27-03-2017,0.009285049
28-03-2017,0.009068055
29-03-2017,0.008928425
30-03-2017,0.008759735
31-03-2017,0.008699597
03-04-2017,0.008557075
04-04-2017,0.00858166
05-04-2017,0.0084477
06-04-2017,0.008386287
07-04-2017,0.008277456
10-04-2017,0.008193262
11-04-2017,0.008184595
12-04-2017,0.008135424
13-04-2017,0.00821946
17-04-2017,0.008404988
18-04-2017,0.008591592
19-04-2017,0.008473538
20-04-2017,0.008649224
21-04-2017,0.008691717
24-04-2017,0.009789552
25-04-2017,0.011200732
26-04-2017,0.011073199
27-04-2017,0.010662492
28-04-2017,0.010503588
01-05-2017,0.010199353
02-05-2017,0.010871591
03-05-2017,0.010480885
04-05-2017,0.010210459
05-05-2017,0.010059989
08-05-2017,0.009773285
09-05-2017,0.009535387
10-05-2017,0.009288848
11-05-2017,0.009105913
12-05-2017,0.009866444
15-05-2017,0.009691866
16-05-2017,0.009424445
17-05-2017,0.011191657
18-05-2017,0.01428488
19-05-2017,0.013564014
22-05-2017,0.012918935
23-05-2017,0.012883054
24-05-2017,0.012300053
25-05-2017,0.011809854
26-05-2017,0.011818926
30-05-2017,0.011619889
31-05-2017,0.011267494
01-06-2017,0.01107991
02-06-2017,0.010673212
05-06-2017,0.013100561
06-06-2017,0.012850598
07-06-2017,0.012325007
08-06-2017,0.01179947
09-06-2017,0.011522199
12-06-2017,0.014074474
13-06-2017,0.013936733
14-06-2017,0.013622953
15-06-2017,0.01309032
16-06-2017,0.012785669
19-06-2017,0.012202925
20-06-2017,0.012312443
21-06-2017,0.012668099
22-06-2017,0.012131017
23-06-2017,0.011612772
26-06-2017,0.011992771
27-06-2017,0.011999367
28-06-2017,0.013353491
29-06-2017,0.012790867
30-06-2017,0.013712584
03-07-2017,0.013048936
05-07-2017,0.013027072
06-07-2017,0.012954786
07-07-2017,0.012653291
10-07-2017,0.012788647
11-07-2017,0.012415099
12-07-2017,0.011888436
13-07-2017,0.012355142
14-07-2017,0.012522203
17-07-2017,0.012765579
18-07-2017,0.012685953
19-07-2017,0.012113802
20-07-2017,0.011881615
21-07-2017,0.011513333
24-07-2017,0.011235652
25-07-2017,0.010912334
26-07-2017,0.010797096
27-07-2017,0.010442942
28-07-2017,0.011093792
31-07-2017,0.010777626
01-08-2017,0.010586683
02-08-2017,0.010315314
03-08-2017,0.010195512
04-08-2017,0.009933938
07-08-2017,0.00983391
08-08-2017,0.00964786
09-08-2017,0.009467969
10-08-2017,0.009360571
11-08-2017,0.01069986
14-08-2017,0.011108735
15-08-2017,0.012016051
16-08-2017,0.011508397
17-08-2017,0.011196688
18-08-2017,0.012170079
21-08-2017,0.011663178
22-08-2017,0.01137641
23-08-2017,0.011729294
24-08-2017,0.011472307
25-08-2017,0.011022454
28-08-2017,0.010613232
29-08-2017,0.010249028
30-08-2017,0.009921353
31-08-2017,0.010732996
01-09-2017,0.010897023
05-09-2017,0.011025759
06-09-2017,0.010897089
07-09-2017,0.010569886
08-09-2017,0.010841959
11-09-2017,0.010572484
12-09-2017,0.010672643
13-09-2017,0.010303209
14-09-2017,0.010236632
15-09-2017,0.010180338
18-09-2017,0.010130018
19-09-2017,0.009879153
20-09-2017,0.009676492
21-09-2017,0.009862913
22-09-2017,0.010203188
25-09-2017,0.009886296
26-09-2017,0.010968702
27-09-2017,0.01067976
28-09-2017,0.010611729
29-09-2017,0.010245973
02-10-2017,0.01022217
03-10-2017,0.009920475
04-10-2017,0.009796191
05-10-2017,0.009624949
06-10-2017,0.01106572
09-10-2017,0.0106594
10-10-2017,0.010351717
11-10-2017,0.010012174
12-10-2017,0.009720414
13-10-2017,0.009826965
16-10-2017,0.009732814
17-10-2017,0.009471526
18-10-2017,0.009233099
19-10-2017,0.009021695
20-10-2017,0.008893453
23-10-2017,0.009483961
24-10-2017,0.009243368
25-10-2017,0.009027381
26-10-2017,0.008922217
27-10-2017,0.008745406
30-10-2017,0.02275364
31-10-2017,0.02150679
01-11-2017,0.020383265
02-11-2017,0.019149371
03-11-2017,0.018470491
06-11-2017,0.017393384
07-11-2017,0.016481794
08-11-2017,0.015629401
09-11-2017,0.01484413
10-11-2017,0.014307653
13-11-2017,0.013626338
14-11-2017,0.012981843
15-11-2017,0.012389903
16-11-2017,0.01233497
17-11-2017,0.011806737
20-11-2017,0.011976112
21-11-2017,0.01147068
22-11-2017,0.011805665
24-11-2017,0.011490648
27-11-2017,0.011039603
28-11-2017,0.010948559
29-11-2017,0.01127054
30-11-2017,0.012465683
01-12-2017,0.012165213
04-12-2017,0.011647907
05-12-2017,0.017520915
06-12-2017,0.016520877
07-12-2017,0.016420468
08-12-2017,0.015585546
11-12-2017,0.016029107
12-12-2017,0.016038666
13-12-2017,0.015257536
14-12-2017,0.014479892
15-12-2017,0.014008974
18-12-2017,0.015487548
19-12-2017,0.014700009
20-12-2017,0.014220384
21-12-2017,0.013626723
22-12-2017,0.012967724
26-12-2017,0.012396062
27-12-2017,0.011863409
28-12-2017,0.011381824
29-12-2017,0.010935532
02-01-2018,0.010610663
03-01-2018,0.010332468
04-01-2018,0.010087353
05-01-2018,0.010209964
08-01-2018,0.010761778
09-01-2018,0.010406678
10-01-2018,0.010071872
11-01-2018,0.00991302
12-01-2018,0.0096339
16-01-2018,0.010922491
17-01-2018,0.011436037
18-01-2018,0.012531384
19-01-2018,0.011979781
22-01-2018,0.011484304
23-01-2018,0.012284514
24-01-2018,0.011943552
25-01-2018,0.011481598
26-01-2018,0.011219386
29-01-2018,0.012447323
30-01-2018,0.011896509
31-01-2018,0.012349885
01-02-2018,0.014106659
02-02-2018,0.013554513
05-02-2018,0.016287619
06-02-2018,0.022291043
07-02-2018,0.023557993
08-02-2018,0.022969603
09-02-2018,0.028921318
12-02-2018,0.028581794
13-02-2018,0.027292388
14-02-2018,0.025562978
15-02-2018,0.024628772
16-02-2018,0.024342178
20-02-2018,0.022878281
21-02-2018,0.021592447
22-02-2018,0.0207716
23-02-2018,0.019506433
26-02-2018,0.019995372
27-02-2018,0.019753468
28-02-2018,0.019124189
01-03-2018,0.018071958
02-03-2018,0.017503884
05-03-2018,0.016503801
06-03-2018,0.015646112
07-03-2018,0.014838231
08-03-2018,0.014111247
09-03-2018,0.013612004
12-03-2018,0.01488947
13-03-2018,0.014206407
14-03-2018,0.016004282
15-03-2018,0.01547971
16-03-2018,0.014666797
19-03-2018,0.013943658
20-03-2018,0.014869342
21-03-2018,0.014095701
22-03-2018,0.013692041
23-03-2018,0.016952696
26-03-2018,0.020184175
27-03-2018,0.030341878
28-03-2018,0.031744901
29-03-2018,0.029730849
02-04-2018,0.028489108
03-04-2018,0.028020951
04-04-2018,0.026210443
05-04-2018,0.027192469
06-04-2018,0.025426175
09-04-2018,0.02502545
10-04-2018,0.023434255
11-04-2018,0.023453207
12-04-2018,0.022293267
13-04-2018,0.021699354
16-04-2018,0.020401443
17-04-2018,0.019546221
18-04-2018,0.019537571
19-04-2018,0.018551847
20-04-2018,0.017561252
23-04-2018,0.016953208
24-04-2018,0.015999173
25-04-2018,0.017202436
26-04-2018,0.016916969
27-04-2018,0.017193272
30-04-2018,0.017299187
01-05-2018,0.018314292
02-05-2018,0.017804981
03-05-2018,0.01753493
04-05-2018,0.01657051
07-05-2018,0.015995589
08-05-2018,0.015813203
09-05-2018,0.015101141
10-05-2018,0.014985076
11-05-2018,0.014536974
14-05-2018,0.013792523
15-05-2018,0.013118063
16-05-2018,0.01266711
17-05-2018,0.01209638
18-05-2018,0.012088445
21-05-2018,0.011578195
22-05-2018,0.011846931
23-05-2018,0.011355972
24-05-2018,0.011497683
25-05-2018,0.011073225
29-05-2018,0.010659842
30-05-2018,0.010416388
31-05-2018,0.010513687
01-06-2018,0.010177686
04-06-2018,0.01188848
05-06-2018,0.011847287
06-06-2018,0.011588179
07-06-2018,0.011142328
08-06-2018,0.011838606
11-06-2018,0.011407508
12-06-2018,0.011097763
13-06-2018,0.010680255
14-06-2018,0.010474663
15-06-2018,0.010234977
18-06-2018,0.011009982
19-06-2018,0.010759216
20-06-2018,0.010384589
21-06-2018,0.010599726
22-06-2018,0.010630898
25-06-2018,0.010580441
26-06-2018,0.0130885
27-06-2018,0.012579792
28-06-2018,0.013556881
29-06-2018,0.013273193
02-07-2018,0.012663948
03-07-2018,0.013155229
05-07-2018,0.013120863
06-07-2018,0.012789555
09-07-2018,0.012843912
10-07-2018,0.012735297
11-07-2018,0.012157043
12-07-2018,0.011636889
13-07-2018,0.012939439
16-07-2018,0.013387921
17-07-2018,0.012874535
18-07-2018,0.012730852
19-07-2018,0.012419602
20-07-2018,0.012222625
23-07-2018,0.012823389
24-07-2018,0.013679738
25-07-2018,0.013048562
26-07-2018,0.015953813
27-07-2018,0.015333713
30-07-2018,0.015956661
31-07-2018,0.017468718
01-08-2018,0.016535243
02-08-2018,0.015622566
03-08-2018,0.015355422
06-08-2018,0.014578245
07-08-2018,0.013856968
08-08-2018,0.01327516
09-08-2018,0.01289499
10-08-2018,0.01230127
13-08-2018,0.011922801
14-08-2018,0.011900892
15-08-2018,0.012031458
16-08-2018,0.012503983
17-08-2018,0.011980169
20-08-2018,0.011503359
21-08-2018,0.011300735
22-08-2018,0.011609365
23-08-2018,0.011579787
24-08-2018,0.01117693
27-08-2018,0.011105626
28-08-2018,0.011258364
29-08-2018,0.01115924
30-08-2018,0.011930334
31-08-2018,0.011444125
04-09-2018,0.011020644
05-09-2018,0.010772278
06-09-2018,0.014858094
07-09-2018,0.014117895
10-09-2018,0.013576723
11-09-2018,0.013222585
12-09-2018,0.013776489
13-09-2018,0.013283886
14-09-2018,0.013091772
17-09-2018,0.012652437
18-09-2018,0.012718248
19-09-2018,0.012435677
20-09-2018,0.012759783
21-09-2018,0.013109634
24-09-2018,0.012681323
25-09-2018,0.012206051
26-09-2018,0.011746198
27-09-2018,0.011318129
28-09-2018,0.010881142
01-10-2018,0.010486376
02-10-2018,0.010544667
03-10-2018,0.010230771
04-10-2018,0.009921311
05-10-2018,0.012156528
08-10-2018,0.012086225
09-10-2018,0.012560961
10-10-2018,0.012484372
11-10-2018,0.023042674
12-10-2018,0.021846494
15-10-2018,0.023002279
16-10-2018,0.022108028
17-10-2018,0.022397186
18-10-2018,0.021037117
19-10-2018,0.021191151
22-10-2018,0.019898847
23-10-2018,0.018952883
24-10-2018,0.018630778
25-10-2018,0.026498708
26-10-2018,0.029939982
29-10-2018,0.028085156
30-10-2018,0.028570348
31-10-2018,0.026816133
01-11-2018,0.027326555
02-11-2018,0.02580111
05-11-2018,0.024162068
06-11-2018,0.022903015
07-11-2018,0.021546774
08-11-2018,0.023607209
09-11-2018,0.022175157
12-11-2018,0.022095049
13-11-2018,0.022679119
14-11-2018,0.021292702
15-11-2018,0.020817233
16-11-2018,0.020534217
19-11-2018,0.019581152
20-11-2018,0.02171023
21-11-2018,0.023598529
23-11-2018,0.022406108
26-11-2018,0.02102454
27-11-2018,0.022426957
28-11-2018,0.021233103
29-11-2018,0.023960649
30-11-2018,0.022524386
03-12-2018,0.021290632
04-12-2018,0.020215844
06-12-2018,0.021428014
07-12-2018,0.020119094
10-12-2018,0.023175884
11-12-2018,0.02254928
12-12-2018,0.021461936
13-12-2018,0.020208848
14-12-2018,0.018992284
17-12-2018,0.020511666
18-12-2018,0.02315198
19-12-2018,0.02182597
20-12-2018,0.020552942
21-12-2018,0.020889276
24-12-2018,0.023566822
26-12-2018,0.027390411
27-12-2018,0.032343105
28-12-2018,0.030475945
31-12-2018,0.028626092
02-01-2019,0.026977948
03-01-2019,0.02522829
04-01-2019,0.027683364
07-01-2019,0.029634206
08-01-2019,0.027714365
09-01-2019,0.02604273
10-01-2019,0.024730119
11-01-2019,0.023156548
14-01-2019,0.02214243
15-01-2019,0.020870416
16-01-2019,0.021309593
17-01-2019,0.020154298
18-01-2019,0.019026839
22-01-2019,0.01875311
23-01-2019,0.018656106
24-01-2019,0.017699444
25-01-2019,0.016749898
28-01-2019,0.01603122
29-01-2019,0.016768131
30-01-2019,0.017649321
31-01-2019,0.019152131
01-02-2019,0.018709332
04-02-2019,0.019068033
05-02-2019,0.020111691
06-02-2019,0.019742285
07-02-2019,0.018984156
08-02-2019,0.01809651
11-02-2019,0.017071338
12-02-2019,0.016200712
13-02-2019,0.015999779
14-02-2019,0.015126998
15-02-2019,0.014330296
19-02-2019,0.014142511
20-02-2019,0.013438322
21-02-2019,0.013016926
22-02-2019,0.014226723
25-02-2019,0.014534105
26-02-2019,0.013986771
27-02-2019,0.013501293
28-02-2019,0.012851394
01-03-2019,0.012296403
04-03-2019,0.011835142
05-03-2019,0.011395291
06-03-2019,0.011158283
07-03-2019,0.010744887
08-03-2019,0.011314557
11-03-2019,0.010896121
12-03-2019,0.012500738
13-03-2019,0.012287098
14-03-2019,0.012032924
15-03-2019,0.011536227
18-03-2019,0.011747082
19-03-2019,0.012340608
20-03-2019,0.011823606
21-03-2019,0.011353528
22-03-2019,0.013419306
25-03-2019,0.015431429
26-03-2019,0.014615701
27-03-2019,0.013870816
28-03-2019,0.013596063
29-03-2019,0.012981722
01-04-2019,0.012824742
02-04-2019,0.012493347
03-04-2019,0.01197497
04-04-2019,0.011609282
05-04-2019,0.011231066
08-04-2019,0.010832574
09-04-2019,0.010442646
10-04-2019,0.010341129
11-04-2019,0.010196482
12-04-2019,0.009883488
15-04-2019,0.009694889
16-04-2019,0.009428572
17-04-2019,0.009240389
18-04-2019,0.009317311
22-04-2019,0.010211602
23-04-2019,0.009962231
24-04-2019,0.01072308
25-04-2019,0.01037533
26-04-2019,0.014910253
29-04-2019,0.014443897
30-04-2019,0.013708179
01-05-2019,0.013148729
02-05-2019,0.014144211
03-05-2019,0.014866607
06-05-2019,0.015593538
07-05-2019,0.014888069
08-05-2019,0.016121267
09-05-2019,0.015300436
10-05-2019,0.014489143
13-05-2019,0.014187466
14-05-2019,0.016896325
15-05-2019,0.016100555
16-05-2019,0.015957265
17-05-2019,0.01720275
20-05-2019,0.016373498
21-05-2019,0.016165791
22-05-2019,0.015287365
23-05-2019,0.014692237
24-05-2019,0.014773195
28-05-2019,0.014010604
29-05-2019,0.013340927
30-05-2019,0.013188544
31-05-2019,0.012603066
03-06-2019,0.013234775
04-06-2019,0.017627577
05-06-2019,0.018318403
06-06-2019,0.018973419
07-06-2019,0.018765065
10-06-2019,0.020242197
11-06-2019,0.01964113
12-06-2019,0.018504043
13-06-2019,0.017482553
14-06-2019,0.016570362
17-06-2019,0.015650964
18-06-2019,0.014820785
19-06-2019,0.015200438
20-06-2019,0.014513566
21-06-2019,0.014118199
24-06-2019,0.013414434
25-06-2019,0.012925409
26-06-2019,0.016715238
27-06-2019,0.015782128
28-06-2019,0.014928447
01-07-2019,0.014163547
02-07-2019,0.013837311
03-07-2019,0.013534333
05-07-2019,0.012988102
08-07-2019,0.012396713
09-07-2019,0.01188009
10-07-2019,0.011470827
11-07-2019,0.011377012
12-07-2019,0.011027197
15-07-2019,0.010670488
16-07-2019,0.010298316
17-07-2019,0.011017111
18-07-2019,0.011043581
19-07-2019,0.010633967
22-07-2019,0.01026457
23-07-2019,0.010747635
24-07-2019,0.010632444
25-07-2019,0.010864206
26-07-2019,0.010529019
29-07-2019,0.010501731
30-07-2019,0.010180438
31-07-2019,0.010032429
01-08-2019,0.014707331
02-08-2019,0.014302025
05-08-2019,0.01398298
06-08-2019,0.018332098
07-08-2019,0.01769016
08-08-2019,0.016844399
09-08-2019,0.017853555
12-08-2019,0.016938328
13-08-2019,0.016785155
14-08-2019,0.016953631
15-08-2019,0.018697284
16-08-2019,0.017847802
19-08-2019,0.01783162
20-08-2019,0.017880147
21-08-2019,0.017113557
22-08-2019,0.016587619
23-08-2019,0.015863634
26-08-2019,0.018891745
27-08-2019,0.018039405
28-08-2019,0.017042431
29-08-2019,0.016137888
30-08-2019,0.016424201
03-09-2019,0.015515163
04-09-2019,0.015548683
05-09-2019,0.015080144
06-09-2019,0.015583914
09-09-2019,0.014898811
10-09-2019,0.014817093
11-09-2019,0.014672501
12-09-2019,0.013937733
13-09-2019,0.01355109
16-09-2019,0.012906531
17-09-2019,0.012670993
18-09-2019,0.012288881
19-09-2019,0.012080402
20-09-2019,0.01314409
23-09-2019,0.013020094
24-09-2019,0.012477597
25-09-2019,0.01288918
26-09-2019,0.013014936
27-09-2019,0.012410395
30-09-2019,0.012659846
01-10-2019,0.012233386
02-10-2019,0.012472186
03-10-2019,0.014178782
04-10-2019,0.01383644
07-10-2019,0.013912166
08-10-2019,0.01345619
09-10-2019,0.013520422
10-10-2019,0.014185835
11-10-2019,0.013689595
14-10-2019,0.01309214
15-10-2019,0.01248882
16-10-2019,0.012948397
17-10-2019,0.012666936
18-10-2019,0.012279986
21-10-2019,0.0134399
22-10-2019,0.012925519
23-10-2019,0.013675375
24-10-2019,0.013095752
25-10-2019,0.01384325
28-10-2019,0.013500501
29-10-2019,0.014987169
30-10-2019,0.014305088
31-10-2019,0.014008343
01-11-2019,0.013531583
04-11-2019,0.012881239
05-11-2019,0.012374713
06-11-2019,0.0118307
07-11-2019,0.011481487
08-11-2019,0.011035115
11-11-2019,0.011161016
12-11-2019,0.01076155
13-11-2019,0.010533227
14-11-2019,0.010203485
15-11-2019,0.009995637
18-11-2019,0.010622834
19-11-2019,0.010322671
20-11-2019,0.0099864
21-11-2019,0.009714936
22-11-2019,0.0094673
25-11-2019,0.009227507
26-11-2019,0.0096539
27-11-2019,0.009573032
29-11-2019,0.009341528
02-12-2019,0.009413447
03-12-2019,0.010269043
04-12-2019,0.010063583
05-12-2019,0.00978556
06-12-2019,0.009511984
09-12-2019,0.0100146
10-12-2019,0.009737007
11-12-2019,0.009502841
12-12-2019,0.009296669
13-12-2019,0.009722214
16-12-2019,0.009843906
17-12-2019,0.009881519
18-12-2019,0.00978541
19-12-2019,0.009558702
20-12-2019,0.009622885
23-12-2019,0.01013375
24-12-2019,0.009817754
26-12-2019,0.009537283
27-12-2019,0.009619718
30-12-2019,0.009392765
31-12-2019,0.00975719
02-01-2020,0.009488201
03-01-2020,0.011007668
06-01-2020,0.011310632
07-01-2020,0.01087142
08-01-2020,0.01098954
09-01-2020,0.011643142
10-01-2020,0.011922949
13-01-2020,0.011465329
14-01-2020,0.011490224
15-01-2020,0.011152596
16-01-2020,0.010807065
17-01-2020,0.012225461
21-01-2020,0.011938108
22-01-2020,0.011513379
23-01-2020,0.011205197
24-01-2020,0.010902362
27-01-2020,0.011128199
28-01-2020,0.012619314
29-01-2020,0.013255304
30-01-2020,0.013879891
31-01-2020,0.01639437
03-02-2020,0.016029282
04-02-2020,0.017132152
05-02-2020,0.020033841
06-02-2020,0.01886746
07-02-2020,0.018868398
10-02-2020,0.017882057
11-02-2020,0.018878463
12-02-2020,0.019031042
13-02-2020,0.017910427
14-02-2020,0.017042229
18-02-2020,0.016339722
19-02-2020,0.015661017
20-02-2020,0.014935748
21-02-2020,0.015430473
24-02-2020,0.018494292
25-02-2020,0.024751429
26-02-2020,0.02450159
27-02-2020,0.02303241
28-02-2020,0.033395742
02-03-2020,0.031422844
03-03-2020,0.037110358
04-03-2020,0.037629331
05-03-2020,0.036340092
06-03-2020,0.03447641
09-03-2020,0.034128706
10-03-2020,0.041556019
11-03-2020,0.043739966
12-03-2020,0.04368656
13-03-2020,0.054255663
16-03-2020,0.064050521
17-03-2020,0.076647761
18-03-2020,0.073466501
19-03-2020,0.069332846
20-03-2020,0.064682994
23-03-2020,0.062498555
24-03-2020,0.058164259
25-03-2020,0.059377734
26-03-2020,0.055404437
27-03-2020,0.054215426
30-03-2020,0.051188911
31-03-2020,0.051855618
01-04-2020,0.048318934
02-04-2020,0.046838317
03-04-2020,0.043852048
06-04-2020,0.04087112
07-04-2020,0.044090274
08-04-2020,0.041074406
09-04-2020,0.038375029
13-04-2020,0.035780391
14-04-2020,0.03340371
15-04-2020,0.034788658
16-04-2020,0.032464945
17-04-2020,0.031596256
20-04-2020,0.029896818
21-04-2020,0.028686304
22-04-2020,0.031193348
23-04-2020,0.030786184
24-04-2020,0.029037013
27-04-2020,0.02768655
28-04-2020,0.025915086
29-04-2020,0.025446109
30-04-2020,0.026930664
01-05-2020,0.025912946
04-05-2020,0.026200835
05-05-2020,0.025696957
06-05-2020,0.024452334
07-05-2020,0.023164748
08-05-2020,0.021787863
11-05-2020,0.020629025
12-05-2020,0.019663422
13-05-2020,0.019837278
14-05-2020,0.019873942
15-05-2020,0.018692666
18-05-2020,0.018141921
19-05-2020,0.017395336
20-05-2020,0.016558809
21-05-2020,0.016231256
22-05-2020,0.015806269
26-05-2020,0.014963559
27-05-2020,0.014793455
28-05-2020,0.01402638
29-05-2020,0.01343404
01-06-2020,0.013241218
02-06-2020,0.012679592
03-06-2020,0.012747901
04-06-2020,0.0121804
05-06-2020,0.012397628
08-06-2020,0.013581467
09-06-2020,0.013332076
10-06-2020,0.012885564
11-06-2020,0.01781684
12-06-2020,0.024289437
15-06-2020,0.022746465
16-06-2020,0.02142477
17-06-2020,0.021834789
18-06-2020,0.020494062
19-06-2020,0.019867744
22-06-2020,0.018875193
23-06-2020,0.020450087
24-06-2020,0.019332024
25-06-2020,0.019130839
26-06-2020,0.018149448
29-06-2020,0.018030555
30-06-2020,0.017054751
01-07-2020,0.018510581
02-07-2020,0.017615729
06-07-2020,0.01680343
07-07-2020,0.017697236
08-07-2020,0.016998964
09-07-2020,0.017443923
10-07-2020,0.016742348
13-07-2020,0.015823687
14-07-2020,0.018935315
15-07-2020,0.017850674
16-07-2020,0.016877693
17-07-2020,0.01744313
20-07-2020,0.016884957
21-07-2020,0.021602252
22-07-2020,0.020673653
23-07-2020,0.019942505
24-07-2020,0.024226842
27-07-2020,0.022943838
28-07-2020,0.02163485
29-07-2020,0.020407171
30-07-2020,0.01920088
31-07-2020,0.018093173
03-08-2020,0.017054711
04-08-2020,0.025237357
05-08-2020,0.023882108
06-08-2020,0.022385333
07-08-2020,0.021587674
10-08-2020,0.020858055
11-08-2020,0.021601535
12-08-2020,0.022013679
13-08-2020,0.021993204
14-08-2020,0.020629253
17-08-2020,0.019378797
18-08-2020,0.018337415
19-08-2020,0.017431761
20-08-2020,0.01664517
21-08-2020,0.01754646
24-08-2020,0.01668124
25-08-2020,0.015772979
26-08-2020,0.01543116
27-08-2020,0.016779808
28-08-2020,0.017921846
31-08-2020,0.017640262
01-09-2020,0.017388608
02-09-2020,0.016582779
03-09-2020,0.016904254
04-09-2020,0.026693923
08-09-2020,0.026317283
09-09-2020,0.031813878
10-09-2020,0.031699683
11-09-2020,0.031206145
14-09-2020,0.029313384
15-09-2020,0.027387288
16-09-2020,0.026613751
17-09-2020,0.02613085
18-09-2020,0.024625979
21-09-2020,0.023954408
22-09-2020,0.022780248
23-09-2020,0.022391718
24-09-2020,0.023195944
25-09-2020,0.021811682
28-09-2020,0.022313173
29-09-2020,0.02110022
30-09-2020,0.020118324
01-10-2020,0.019492259
02-10-2020,0.018719151
05-10-2020,0.020350044
06-10-2020,0.019819504
07-10-2020,0.019801804
08-10-2020,0.019287732
09-10-2020,0.018182983
12-10-2020,0.019326873
13-10-2020,0.020182011
14-10-2020,0.019444752
15-10-2020,0.018657014
16-10-2020,0.017612941
19-10-2020,0.016644479
20-10-2020,0.01791395
21-10-2020,0.016937651
22-10-2020,0.015985597
23-10-2020,0.015128265
26-10-2020,0.014430665
27-10-2020,0.016925427
28-10-2020,0.016353934
29-10-2020,0.023296694
30-10-2020,0.021848474
02-11-2020,0.021012186
03-11-2020,0.019733947
04-11-2020,0.01922946
05-11-2020,0.025597357
06-11-2020,0.02651213
09-11-2020,0.025012516
10-11-2020,0.024992656
11-11-2020,0.026224267
12-11-2020,0.025335825
13-11-2020,0.023729199
16-11-2020,0.022231433
17-11-2020,0.020882713
18-11-2020,0.020077785
19-11-2020,0.019747484
20-11-2020,0.018625737
23-11-2020,0.017953668
24-11-2020,0.016961603
25-11-2020,0.016894212
27-11-2020,0.015958572
30-11-2020,0.015168651
01-12-2020,0.014451942
02-12-2020,0.014019854
03-12-2020,0.013387202
04-12-2020,0.01293315
07-12-2020,0.012349673
08-12-2020,0.011809552
09-12-2020,0.011498564
10-12-2020,0.012881472
11-12-2020,0.012755768
14-12-2020,0.012765196
15-12-2020,0.012287051
16-12-2020,0.011764955
17-12-2020,0.013904766
18-12-2020,0.013251592
21-12-2020,0.012704696
22-12-2020,0.013455159
23-12-2020,0.013133762
24-12-2020,0.013428762
28-12-2020,0.012959814
29-12-2020,0.012821623
30-12-2020,0.012291646
31-12-2020,0.012576463
04-01-2021,0.012029757
05-01-2021,0.013958687
06-01-2021,0.013301844
07-01-2021,0.016017576
08-01-2021,0.017283945
11-01-2021,0.016445803
12-01-2021,0.015799696
13-01-2021,0.015944596
14-01-2021,0.015283718
15-01-2021,0.015860648
19-01-2021,0.015036814
20-01-2021,0.015054977
21-01-2021,0.019577957
22-01-2021,0.01846362
25-01-2021,0.017538838
26-01-2021,0.017324168
27-01-2021,0.017206553
28-01-2021,0.016238557
29-01-2021,0.017988192
01-02-2021,0.019524036
02-02-2021,0.021041048
03-02-2021,0.019756071
04-02-2021,0.019351521
05-02-2021,0.018318545
08-02-2021,0.017299553
09-02-2021,0.016357529
10-02-2021,0.015706088
11-02-2021,0.015090536
12-02-2021,0.01458156
16-02-2021,0.013834429
17-02-2021,0.013217159
18-02-2021,0.012595313
19-02-2021,0.012030241
22-02-2021,0.012571415
23-02-2021,0.015550898
24-02-2021,0.015188895
25-02-2021,0.014435969
26-02-2021,0.016374568
01-03-2021,0.015867997
02-03-2021,0.016497358
03-03-2021,0.016080728
04-03-2021,0.018542246
05-03-2021,0.01759614
08-03-2021,0.017752394
09-03-2021,0.017777295
10-03-2021,0.018637538
11-03-2021,0.017568842
12-03-2021,0.017820461
15-03-2021,0.016894077
16-03-2021,0.015980191
17-03-2021,0.015398232
18-03-2021,0.014578068
19-03-2021,0.01748239
22-03-2021,0.01653885
23-03-2021,0.017233856
24-03-2021,0.016558109
25-03-2021,0.016065072
26-03-2021,0.015880945
29-03-2021,0.015843461
30-03-2021,0.015050553
31-03-2021,0.015406439
01-04-2021,0.015373277
05-04-2021,0.017663523
06-04-2021,0.019442135
07-04-2021,0.018289478
08-04-2021,0.017461852
09-04-2021,0.017185368
12-04-2021,0.0167073
13-04-2021,0.015773938
14-04-2021,0.015359376
15-04-2021,0.015054129
16-04-2021,0.015028659
19-04-2021,0.014338623
20-04-2021,0.013823089
21-04-2021,0.01325527
22-04-2021,0.013041472
23-04-2021,0.013428996
26-04-2021,0.013624806
27-04-2021,0.012972398
28-04-2021,0.01239039
29-04-2021,0.015948154
30-04-2021,0.015524734
03-05-2021,0.014826679
04-05-2021,0.014067891
05-05-2021,0.015099714
06-05-2021,0.01449159
07-05-2021,0.01412814
10-05-2021,0.014086969
11-05-2021,0.015478351
12-05-2021,0.014788248
13-05-2021,0.017912177
14-05-2021,0.017417779
17-05-2021,0.017726556
18-05-2021,0.017005532
19-05-2021,0.016667511
20-05-2021,0.015778434
21-05-2021,0.015409099
24-05-2021,0.014655086
25-05-2021,0.015567353
26-05-2021,0.014903595
27-05-2021,0.014132389
28-05-2021,0.013832308
01-06-2021,0.013152944
02-06-2021,0.013114108
03-06-2021,0.0125199
04-06-2021,0.012340811
07-06-2021,0.013565224
08-06-2021,0.013570027
09-06-2021,0.012956661
10-06-2021,0.012372079
11-06-2021,0.013019779
14-06-2021,0.012437505
15-06-2021,0.01220845
16-06-2021,0.011870848
17-06-2021,0.011476827
18-06-2021,0.011689759
21-06-2021,0.011306957
22-06-2021,0.01136811
23-06-2021,0.011706849
24-06-2021,0.011228659
25-06-2021,0.010899394
28-06-2021,0.010687154
29-06-2021,0.011108254
30-06-2021,0.011302778
01-07-2021,0.010873001
02-07-2021,0.01048763
06-07-2021,0.012761267
07-07-2021,0.012189223
08-07-2021,0.011978792
09-07-2021,0.01187418
12-07-2021,0.011384039
13-07-2021,0.011031147
14-07-2021,0.011517246
15-07-2021,0.011167146
16-07-2021,0.01083317
19-07-2021,0.010518443
20-07-2021,0.011113515
21-07-2021,0.01079762
22-07-2021,0.010750063
23-07-2021,0.011743386
26-07-2021,0.012187046
27-07-2021,0.01166332
28-07-2021,0.01167092
29-07-2021,0.01122425
30-07-2021,0.010795901
02-08-2021,0.010661853
03-08-2021,0.010326116
04-08-2021,0.010287351
05-08-2021,0.009991848
06-08-2021,0.01020115
09-08-2021,0.009877799
10-08-2021,0.009712407
11-08-2021,0.00987928
12-08-2021,0.009593154
13-08-2021,0.009751334
16-08-2021,0.010208396
17-08-2021,0.010085385
18-08-2021,0.009895609
19-08-2021,0.009962583
20-08-2021,0.011733351
23-08-2021,0.014482475
24-08-2021,0.013792354
25-08-2021,0.013334174
26-08-2021,0.012726058
27-08-2021,0.012727487
30-08-2021,0.01215073
31-08-2021,0.012295474
01-09-2021,0.011892051
02-09-2021,0.011418881
03-09-2021,0.011010495
07-09-2021,0.0106117
08-09-2021,0.010375162
09-09-2021,0.01003994
10-09-2021,0.010509031
13-09-2021,0.01045643
14-09-2021,0.010127257
15-09-2021,0.010289031
16-09-2021,0.011388714
17-09-2021,0.010991712
20-09-2021,0.012316498
21-09-2021,0.0138782
22-09-2021,0.013208474
23-09-2021,0.01314405
24-09-2021,0.012566968
27-09-2021,0.012013636
28-09-2021,0.013082507
29-09-2021,0.018581419
30-09-2021,0.017562701
01-10-2021,0.016868189
04-10-2021,0.017615796
05-10-2021,0.017997283
06-10-2021,0.018007529
07-10-2021,0.017743502
08-10-2021,0.017017947
11-10-2021,0.016082774
12-10-2021,0.01520398
13-10-2021,0.014662931
14-10-2021,0.014514767
15-10-2021,0.015412019
18-10-2021,0.014852392
19-10-2021,0.014413468
20-10-2021,0.013806363
21-10-2021,0.013182366
22-10-2021,0.013049932
25-10-2021,0.012556789
26-10-2021,0.012104195
27-10-2021,0.011698532
28-10-2021,0.018241004
29-10-2021,0.017348381
01-11-2021,0.01822836
02-11-2021,0.017241742
03-11-2021,0.016798878
04-11-2021,0.015865771
05-11-2021,0.015336071
08-11-2021,0.014570523
09-11-2021,0.01390402
10-11-2021,0.013367765
11-11-2021,0.013719959
12-11-2021,0.013049483
15-11-2021,0.013300096
16-11-2021,0.012711848
17-11-2021,0.012600019
18-11-2021,0.012037272
19-11-2021,0.011734228
22-11-2021,0.011358411
23-11-2021,0.011321292
24-11-2021,0.011351786
26-11-2021,0.01090879
29-11-2021,0.013971763
30-11-2021,0.014481984
01-12-2021,0.015024273
02-12-2021,0.014316431
03-12-2021,0.01368955
06-12-2021,0.014615433
07-12-2021,0.013912618
08-12-2021,0.01646139
09-12-2021,0.015549428
10-12-2021,0.014822768
13-12-2021,0.01675916
14-12-2021,0.015936005
15-12-2021,0.019534385
16-12-2021,0.019055016
17-12-2021,0.02045119
20-12-2021,0.019474575
21-12-2021,0.019010162
22-12-2021,0.019334575
23-12-2021,0.019071738
27-12-2021,0.018161676
28-12-2021,0.018557039
29-12-2021,0.017479675
30-12-2021,0.016482456
31-12-2021,0.015735982
03-01-2022,0.015385732
04-01-2022,0.014763033
05-01-2022,0.015505068
06-01-2022,0.020904956
07-01-2022,0.020260058
10-01-2022,0.019060423
11-01-2022,0.017941369
12-01-2022,0.016904423
13-01-2022,0.016349466
14-01-2022,0.021572685
18-01-2022,0.020652815
19-01-2022,0.021203301
20-01-2022,0.019906741
21-01-2022,0.019003744
24-01-2022,0.018882367
25-01-2022,0.017899101
26-01-2022,0.018962838
27-01-2022,0.019172167
28-01-2022,0.018674892
31-01-2022,0.019882767
01-02-2022,0.019120505
02-02-2022,0.018064189
03-02-2022,0.017601036
04-02-2022,0.020958989
07-02-2022,0.019891432
08-02-2022,0.019465195
09-02-2022,0.018552683
10-02-2022,0.018756736
11-02-2022,0.019597094
14-02-2022,0.021400445
15-02-2022,0.020091608
16-02-2022,0.019559027
17-02-2022,0.018389869
18-02-2022,0.020473526
22-02-2022,0.019778349
23-02-2022,0.018633536
24-02-2022,0.020074812
25-02-2022,0.024241514
28-02-2022,0.023237407
01-03-2022,0.021853825
02-03-2022,0.021008686
03-03-2022,0.020708196
04-03-2022,0.020181517
07-03-2022,0.020337674
08-03-2022,0.024573106
09-03-2022,0.023571267
10-03-2022,0.025708404
11-03-2022,0.02411214
14-03-2022,0.024076988
15-03-2022,0.023066248
16-03-2022,0.024780205
17-03-2022,0.025038546
18-03-2022,0.023509383
21-03-2022,0.022845249
22-03-2022,0.02141469
23-03-2022,0.020711613
24-03-2022,0.019992885
25-03-2022,0.019313253
28-03-2022,0.018167804
29-03-2022,0.018863013
30-03-2022,0.018522093
31-03-2022,0.017443606
01-04-2022,0.017949163
04-04-2022,0.01694508
05-04-2022,0.01682096
06-04-2022,0.016327327
07-04-2022,0.021028522
08-04-2022,0.019753433
11-04-2022,0.019441401
12-04-2022,0.023722821
13-04-2022,0.023210229
14-04-2022,0.022580253
18-04-2022,0.023437565
19-04-2022,0.021969582
20-04-2022,0.021275264
21-04-2022,0.020066373
22-04-2022,0.02035621
25-04-2022,0.02105709
26-04-2022,0.020780441
27-04-2022,0.023151732
28-04-2022,0.025652874
29-04-2022,0.025750983
02-05-2022,0.027695536
03-05-2022,0.026543058
04-05-2022,0.024860061
05-05-2022,0.024681426
06-05-2022,0.027245534
09-05-2022,0.025967234
10-05-2022,0.028302757
11-05-2022,0.026910233
12-05-2022,0.028375132
13-05-2022,0.027627885
16-05-2022,0.026257742
17-05-2022,0.024678031
18-05-2022,0.02360217
19-05-2022,0.026286308
20-05-2022,0.024947339
23-05-2022,0.023374412
24-05-2022,0.024074505
25-05-2022,0.022571086
26-05-2022,0.021539795
27-05-2022,0.020647762
31-05-2022,0.022085248
01-06-2022,0.020774135
02-06-2022,0.019548336
03-06-2022,0.018489137
06-06-2022,0.018092368
07-06-2022,0.017397983
08-06-2022,0.017109358
09-06-2022,0.016427471
10-06-2022,0.017343107
13-06-2022,0.023773624
14-06-2022,0.028121724
15-06-2022,0.026284785
16-06-2022,0.026399785
17-06-2022,0.026452811
21-06-2022,0.024862789
22-06-2022,0.024817241
23-06-2022,0.023233035
24-06-2022,0.022807362
27-06-2022,0.025080044
28-06-2022,0.023624335
29-06-2022,0.024904386
30-06-2022,0.023586012
01-07-2022,0.022506923
05-07-2022,0.021217587
06-07-2022,0.020363784
07-07-2022,0.01975767
08-07-2022,0.018760418
11-07-2022,0.017656829
12-07-2022,0.017312943
13-07-2022,0.022090308
14-07-2022,0.021076052
15-07-2022,0.019813877
18-07-2022,0.018841689
19-07-2022,0.018102827
20-07-2022,0.018327316
21-07-2022,0.017709449
22-07-2022,0.017138084
25-07-2022,0.017273418
26-07-2022,0.016457518
27-07-2022,0.018775278
28-07-2022,0.027609062
29-07-2022,0.028137022
01-08-2022,0.027254885
02-08-2022,0.02571073
03-08-2022,0.024208
04-08-2022,0.023893725
05-08-2022,0.022619512
08-08-2022,0.021305652
09-08-2022,0.020181637
10-08-2022,0.019018646
11-08-2022,0.019756923
12-08-2022,0.018691773
15-08-2022,0.018412438
16-08-2022,0.017493261
17-08-2022,0.016504358
18-08-2022,0.015678604
19-08-2022,0.014884209
22-08-2022,0.015272248
23-08-2022,0.01817636
24-08-2022,0.017528401
25-08-2022,0.016594874
26-08-2022,0.01591127
29-08-2022,0.0203566
30-08-2022,0.019941988
31-08-2022,0.019199542
01-09-2022,0.018266824
02-09-2022,0.017469938
06-09-2022,0.017496193
07-09-2022,0.017420954
08-09-2022,0.017473958
09-09-2022,0.016481445
12-09-2022,0.017387208
13-09-2022,0.016729806
14-09-2022,0.024593363
15-09-2022,0.023190216
16-09-2022,0.023740875
19-09-2022,0.02247071
20-09-2022,0.021127479
21-09-2022,0.020062324
22-09-2022,0.019992689
23-09-2022,0.018957083
26-09-2022,0.018574175
27-09-2022,0.017529902
28-09-2022,0.01672898
29-09-2022,0.017160736
30-09-2022,0.017083229
03-10-2022,0.017600491
04-10-2022,0.019189346
05-10-2022,0.022320757
06-10-2022,0.02094524
07-10-2022,0.019860777
10-10-2022,0.026286609
11-10-2022,0.026455892
12-10-2022,0.025997418
13-10-2022,0.024339175
14-10-2022,0.025417105
17-10-2022,0.02476009
18-10-2022,0.025891386
19-10-2022,0.024443151
20-10-2022,0.023058448
21-10-2022,0.021664165
24-10-2022,0.022324874
25-10-2022,0.022096027
26-10-2022,0.021589354
27-10-2022,0.034369534
28-10-2022,0.033503118
31-10-2022,0.033285189
01-11-2022,0.031345753
02-11-2022,0.030497421
03-11-2022,0.031043982
04-11-2022,0.03130278
07-11-2022,0.03070718
08-11-2022,0.030480674
09-11-2022,0.02855053
10-11-2022,0.027482912
11-11-2022,0.037273312
14-11-2022,0.035818521
15-11-2022,0.034089026
16-11-2022,0.031813201
17-11-2022,0.029761263
18-11-2022,0.027847481
21-11-2022,0.026034787
22-11-2022,0.024358139
23-11-2022,0.023232991
25-11-2022,0.022035007
28-11-2022,0.020670224
29-11-2022,0.021198687
30-11-2022,0.020129283
01-12-2022,0.027335533
02-12-2022,0.025605125
05-12-2022,0.023959909
06-12-2022,0.023322313
07-12-2022,0.023120296
08-12-2022,0.021894467
09-12-2022,0.020937418
12-12-2022,0.019975103
13-12-2022,0.021065788
14-12-2022,0.020818885
15-12-2022,0.019603561
16-12-2022,0.021890077
19-12-2022,0.02163263
20-12-2022,0.02180038
21-12-2022,0.02047291
22-12-2022,0.019386523
23-12-2022,0.020076064
27-12-2022,0.018908772
28-12-2022,0.017944906
29-12-2022,0.017565189
30-12-2022,0.018592359
03-01-2023,0.017524698
04-01-2023,0.01655157
05-01-2023,0.022215145
06-01-2023,0.02420374
09-01-2023,0.022718251
10-01-2023,0.021563951
11-01-2023,0.020294387
12-01-2023,0.021907125
13-01-2023,0.021125851
17-01-2023,0.019905986
18-01-2023,0.018769224
19-01-2023,0.018688082
20-01-2023,0.019001855
23-01-2023,0.021106642
24-01-2023,0.02023759
25-01-2023,0.019024838
26-01-2023,0.018059333
27-01-2023,0.020027225
30-01-2023,0.018831734
31-01-2023,0.019233394
01-02-2023,0.018947177
02-02-2023,0.019538143
03-02-2023,0.024183463
06-02-2023,0.023476658
07-02-2023,0.022182503
08-02-2023,0.024963061
09-02-2023,0.02338063
10-02-2023,0.022508269
13-02-2023,0.021115721
14-02-2023,0.022288657
15-02-2023,0.020979855
16-02-2023,0.019897617
17-02-2023,0.021142259
21-02-2023,0.020896217
22-02-2023,0.021583513
23-02-2023,0.020468454
24-02-2023,0.01946215
27-02-2023,0.019714735
28-02-2023,0.0185391
01-03-2023,0.017479521
02-03-2023,0.017248697
03-03-2023,0.017183144
06-03-2023,0.017410885
07-03-2023,0.01657681
08-03-2023,0.016044982
09-03-2023,0.015202663
10-03-2023,0.014593196
13-03-2023,0.014990288
14-03-2023,0.01542769
15-03-2023,0.017593722
16-03-2023,0.01791457
17-03-2023,0.022205252
20-03-2023,0.021685456
21-03-2023,0.021996642
22-03-2023,0.020653639
23-03-2023,0.019468668
24-03-2023,0.019216838
27-03-2023,0.018473172
28-03-2023,0.018011096
29-03-2023,0.017171933
30-03-2023,0.017478308
31-03-2023,0.017040689
03-04-2023,0.016991909
04-04-2023,0.016060887
05-04-2023,0.015182801
06-04-2023,0.014904125
10-04-2023,0.016364718
11-04-2023,0.015640012
12-04-2023,0.016900879
13-04-2023,0.015978394
14-04-2023,0.017067781
17-04-2023,0.01678477
18-04-2023,0.016081352
19-04-2023,0.015216971
20-04-2023,0.014413815
21-04-2023,0.014202716
24-04-2023,0.013495405
25-04-2023,0.01417385
26-04-2023,0.015860038
27-04-2023,0.026724424
28-04-2023,0.028544799
01-05-2023,0.02691717
02-05-2023,0.025199788
03-05-2023,0.023590565
04-05-2023,0.022182657
05-05-2023,0.02082868
08-05-2023,0.020228948
09-05-2023,0.019062748
10-05-2023,0.018138443
11-05-2023,0.018017848
12-05-2023,0.017113407
15-05-2023,0.016259603
16-05-2023,0.015364456
17-05-2023,0.014755361
18-05-2023,0.014273479
19-05-2023,0.014553507
22-05-2023,0.013807589
23-05-2023,0.013495277
24-05-2023,0.014369178
25-05-2023,0.013841448
26-05-2023,0.017880574
30-05-2023,0.019025073
31-05-2023,0.01796418
01-06-2023,0.017145163
02-06-2023,0.016650183
05-06-2023,0.016033309
06-06-2023,0.015163184
07-06-2023,0.01457511
08-06-2023,0.017841215
09-06-2023,0.016813767
12-06-2023,0.01591995
13-06-2023,0.015831139
14-06-2023,0.015179356
15-06-2023,0.014840819
16-06-2023,0.017695788
20-06-2023,0.017194535
21-06-2023,0.01710841
22-06-2023,0.016938213
23-06-2023,0.016861608
26-06-2023,0.016682466
27-06-2023,0.017412857
28-06-2023,0.017059323
29-06-2023,0.016233396
30-06-2023,0.015436275
03-07-2023,0.015637504
05-07-2023,0.014962167
06-07-2023,0.01418511
07-07-2023,0.013755573
10-07-2023,0.013626064
11-07-2023,0.014633161
12-07-2023,0.013880644
13-07-2023,0.013868271
14-07-2023,0.014344796
17-07-2023,0.013912973
18-07-2023,0.013251989
19-07-2023,0.018412039
20-07-2023,0.017543263
21-07-2023,0.018695801
24-07-2023,0.018125682
25-07-2023,0.017098235
26-07-2023,0.01681143
27-07-2023,0.020336498
28-07-2023,0.021336736
31-07-2023,0.021119935
01-08-2023,0.019953193
02-08-2023,0.01876882
03-08-2023,0.019962749
04-08-2023,0.018890989
07-08-2023,0.017776454
08-08-2023,0.016918819
09-08-2023,0.016737394
10-08-2023,0.016396345
11-08-2023,0.015501145
14-08-2023,0.014814254
15-08-2023,0.014185647
16-08-2023,0.013626876
17-08-2023,0.013072194
18-08-2023,0.013161286
21-08-2023,0.012605059
22-08-2023,0.01308649
23-08-2023,0.012517963
24-08-2023,0.012742203
25-08-2023,0.014018508
28-08-2023,0.013492976
29-08-2023,0.012858897
30-08-2023,0.013239829
31-08-2023,0.012614263
01-09-2023,0.012062617
05-09-2023,0.011548698
06-09-2023,0.012382539
07-09-2023,0.011877637
08-09-2023,0.011772387
11-09-2023,0.011825742
12-09-2023,0.012156846
13-09-2023,0.013407332
14-09-2023,0.013280854
15-09-2023,0.012958945
18-09-2023,0.015068049
19-09-2023,0.014591159
20-09-2023,0.01385252
21-09-2023,0.016148895
22-09-2023,0.015538318
25-09-2023,0.015106514
26-09-2023,0.014315587
27-09-2023,0.015146192
28-09-2023,0.014348856
29-09-2023,0.01362248
02-10-2023,0.013165466
03-10-2023,0.013893302
04-10-2023,0.015515218
05-10-2023,0.015326649
06-10-2023,0.014555398
09-10-2023,0.016018507
10-10-2023,0.015452346
11-10-2023,0.014642965
12-10-2023,0.01428096
13-10-2023,0.013563027
16-10-2023,0.013716037
17-10-2023,0.013888478
18-10-2023,0.013215586
19-10-2023,0.012808946
20-10-2023,0.012232186
23-10-2023,0.012619095
24-10-2023,0.012133703
25-10-2023,0.011694814
26-10-2023,0.01509626
27-10-2023,0.01888964
30-10-2023,0.017781383
31-10-2023,0.018294972
01-11-2023,0.017334702
02-11-2023,0.017719192
03-11-2023,0.017194231
06-11-2023,0.016707091
07-11-2023,0.016397015
08-11-2023,0.016013796
09-11-2023,0.0154232
10-11-2023,0.014765208
13-11-2023,0.0161432
14-11-2023,0.015391683
15-11-2023,0.014847549
16-11-2023,0.014075788
17-11-2023,0.014761393
20-11-2023,0.015233425
21-11-2023,0.015917647
22-11-2023,0.015607424
24-11-2023,0.015401681
27-11-2023,0.014624193
28-11-2023,0.013991702
29-11-2023,0.013510504
30-11-2023,0.013048269
01-12-2023,0.012549954
04-12-2023,0.012501599
05-12-2023,0.013600991
06-12-2023,0.013156789
07-12-2023,0.01312921
08-12-2023,0.012574465
11-12-2023,0.012293036
12-12-2023,0.011985812
13-12-2023,0.011613558
14-12-2023,0.011153354
15-12-2023,0.013695976
18-12-2023,0.013436047
19-12-2023,0.012922893
20-12-2023,0.012332206
21-12-2023,0.012167283
22-12-2023,0.011926121
26-12-2023,0.011438008
27-12-2023,0.010987284
28-12-2023,0.01065285
29-12-2023,0.010345236
02-01-2024,0.010006961
03-01-2024,0.010811965
04-01-2024,0.010526288
05-01-2024,0.010526783
08-01-2024,0.010232424
09-01-2024,0.011553723
10-01-2024,0.011184946
11-01-2024,0.012379998
12-01-2024,0.012064285
16-01-2024,0.012115546
17-01-2024,0.011714376
18-01-2024,0.011240376
19-01-2024,0.011283594
22-01-2024,0.011823923
23-01-2024,0.011490926
24-01-2024,0.011180641
25-01-2024,0.011191304
26-01-2024,0.010987051
29-01-2024,0.010633735
30-01-2024,0.011349489
31-01-2024,0.010935863
01-02-2024,0.01428966
02-02-2024,0.014048883
05-02-2024,0.014967113
06-02-2024,0.014936632
07-02-2024,0.014192507
08-02-2024,0.015273207
09-02-2024,0.014472466
12-02-2024,0.014590947
13-02-2024,0.014354191
14-02-2024,0.015863639
15-02-2024,0.015111233
16-02-2024,0.014497544
20-02-2024,0.014168176
21-02-2024,0.013557628
22-02-2024,0.012944055
23-02-2024,0.014377734
26-02-2024,0.013654571
27-02-2024,0.013286059
28-02-2024,0.012668929
29-02-2024,0.012096921
01-03-2024,0.012339941
04-03-2024,0.011964551
05-03-2024,0.011480621
06-03-2024,0.015279067
07-03-2024,0.014609546
08-03-2024,0.014831815
11-03-2024,0.014239548
12-03-2024,0.013751297
13-03-2024,0.015849463
14-03-2024,0.014997918
15-03-2024,0.016342537
18-03-2024,0.016731162
19-03-2024,0.015796169
20-03-2024,0.0151741
21-03-2024,0.014871466
22-03-2024,0.014317517
25-03-2024,0.013602366
26-03-2024,0.014118446
27-03-2024,0.013476052
28-03-2024,0.012880368
01-04-2024,0.012313623
02-04-2024,0.011983281
03-04-2024,0.011688251
04-04-2024,0.011344985
05-04-2024,0.011162079
08-04-2024,0.012082139
09-04-2024,0.011577176
10-04-2024,0.011162746
11-04-2024,0.011080148
12-04-2024,0.011242042
15-04-2024,0.012012486
16-04-2024,0.013665313
17-04-2024,0.013035949
18-04-2024,0.012629149
19-04-2024,0.01440202
22-04-2024,0.014694379
23-04-2024,0.013938693
24-04-2024,0.01428206
25-04-2024,0.013615729
26-04-2024,0.015523196
29-04-2024,0.015494026
30-04-2024,0.014968297
01-05-2024,0.018733494
02-05-2024,0.017864756
03-05-2024,0.017097694
06-05-2024,0.017535518
07-05-2024,0.017761337
08-05-2024,0.016954684
09-05-2024,0.016004123
10-05-2024,0.015225352
13-05-2024,0.014521956
14-05-2024,0.013815796
15-05-2024,0.013300462
16-05-2024,0.013973447
17-05-2024,0.013330487
20-05-2024,0.012752232
21-05-2024,0.012819831
22-05-2024,0.012645051
23-05-2024,0.01212779
24-05-2024,0.011947496
28-05-2024,0.011619795
29-05-2024,0.011149754
30-05-2024,0.01079843
31-05-2024,0.01626624
03-06-2024,0.015421436
04-06-2024,0.014761203
05-06-2024,0.014083374
06-06-2024,0.014551321
07-06-2024,0.013886323
10-06-2024,0.013259235
11-06-2024,0.013109118
12-06-2024,0.013038292
13-06-2024,0.014261219
14-06-2024,0.013567682
17-06-2024,0.012947493
18-06-2024,0.013064984
20-06-2024,0.012493438
21-06-2024,0.012002359
24-06-2024,0.011886681
25-06-2024,0.011510715
26-06-2024,0.011224384
27-06-2024,0.010831139
28-06-2024,0.010450495
01-07-2024,0.011260818
02-07-2024,0.012814852
03-07-2024,0.012424039
05-07-2024,0.011946162
08-07-2024,0.012333627
09-07-2024,0.011793426
10-07-2024,0.012728414
11-07-2024,0.012963872
12-07-2024,0.015119635
15-07-2024,0.014493346
16-07-2024,0.013766802
17-07-2024,0.013520416
18-07-2024,0.014326623
19-07-2024,0.013893543
22-07-2024,0.013789217
23-07-2024,0.013726348
24-07-2024,0.013103076
25-07-2024,0.017643388
26-07-2024,0.01982963
29-07-2024,0.019154923
30-07-2024,0.018034162
31-07-2024,0.017368
01-08-2024,0.017007051
02-08-2024,0.016120284
05-08-2024,0.017281351
06-08-2024,0.020696239
07-08-2024,0.01950172
08-08-2024,0.018370946
09-08-2024,0.01749583
12-08-2024,0.016736237
13-08-2024,0.015834687
14-08-2024,0.015986737
15-08-2024,0.015462113
16-08-2024,0.015151697
19-08-2024,0.014441916
20-08-2024,0.013868673
21-08-2024,0.013448222
22-08-2024,0.012808085
23-08-2024,0.014428897
26-08-2024,0.01369468
27-08-2024,0.013444548
28-08-2024,0.012805629
29-08-2024,0.012722164
30-08-2024,0.012274762
03-09-2024,0.012046797
04-09-2024,0.012986079
05-09-2024,0.012546244
06-09-2024,0.011994592
09-09-2024,0.013204494
10-09-2024,0.012781303
11-09-2024,0.014124574
12-09-2024,0.015507225
13-09-2024,0.015153412
16-09-2024,0.014789959
17-09-2024,0.014046962
18-09-2024,0.013719213
19-09-2024,0.013513466
20-09-2024,0.014100204
23-09-2024,0.013627029
24-09-2024,0.013078778
25-09-2024,0.013228817
26-09-2024,0.012782429
27-09-2024,0.01229155
30-09-2024,0.012036982
01-10-2024,0.011538876
02-10-2024,0.013330249
03-10-2024,0.013586043
04-10-2024,0.012971685
07-10-2024,0.012429497
08-10-2024,0.013381224
09-10-2024,0.013163239
10-10-2024,0.012746409
11-10-2024,0.012243687
14-10-2024,0.011716436
15-10-2024,0.011503879
16-10-2024,0.011066826
17-10-2024,0.010910607
18-10-2024,0.010515088
21-10-2024,0.010211008
22-10-2024,0.009886749
23-10-2024,0.011835626
24-10-2024,0.011491756
25-10-2024,0.011038408
28-10-2024,0.010897298
29-10-2024,0.010541951
30-10-2024,0.010741565
31-10-2024,0.010410309
01-11-2024,0.024201955
04-11-2024,0.022670004
05-11-2024,0.021341981
06-11-2024,0.020097157
07-11-2024,0.019886818
08-11-2024,0.019587666
11-11-2024,0.018640469
12-11-2024,0.017854203
13-11-2024,0.017071321
14-11-2024,0.016275387
15-11-2024,0.015394793
18-11-2024,0.017437436
19-11-2024,0.016470694
20-11-2024,0.015611683
21-11-2024,0.014940591
22-11-2024,0.014378806
25-11-2024,0.014031972
26-11-2024,0.013389003
27-11-2024,0.014800681
29-11-2024,0.014483739
02-12-2024,0.013744068
03-12-2024,0.01421071
04-12-2024,0.013536339
05-12-2024,0.013524753
06-12-2024,0.013804406
09-12-2024,0.01315243
10-12-2024,0.012685603
11-12-2024,0.012283023
12-12-2024,0.012383776
13-12-2024,0.011850894
16-12-2024,0.011510241
17-12-2024,0.011348917
18-12-2024,0.011210512
19-12-2024,0.017355657
20-12-2024,0.016494763
23-12-2024,0.015613884
24-12-2024,0.014858815
26-12-2024,0.014224637
27-12-2024,0.013513159
30-12-2024,0.014637506
31-12-2024,0.014874616
02-01-2025,0.014658394
03-01-2025,0.014271779
06-01-2025,0.01382549
07-01-2025,0.013675708
08-01-2025,0.013771984
10-01-2025,0.013139493
13-01-2025,0.01336541
14-01-2025,0.012945778
15-01-2025,0.012537297
16-01-2025,0.014643877
17-01-2025,0.013943247
21-01-2025,0.013731224
22-01-2025,0.01307388
23-01-2025,0.019017676
24-01-2025,0.017928838
27-01-2025,0.016942901
28-01-2025,0.018135622
29-01-2025,0.019686871
30-01-2025,0.018964508
31-01-2025,0.028350299
03-02-2025,0.026802834
04-02-2025,0.025258194
05-02-2025,0.023669697
06-02-2025,0.022179385
07-02-2025,0.02087812
10-02-2025,0.020309989
11-02-2025,0.019125143
12-02-2025,0.018017712
13-02-2025,0.017128665
14-02-2025,0.016161308
18-02-2025,0.015358327
19-02-2025,0.014541229
20-02-2025,0.01444696
21-02-2025,0.013833932
24-02-2025,0.014730516
25-02-2025,0.014730645
26-02-2025,0.015215557
27-02-2025,0.014414007
28-02-2025,0.015322638
03-03-2025,0.014768014
04-03-2025,0.016027314
05-03-2025,0.015177349
06-03-2025,0.017403287
07-03-2025,0.016534197
10-03-2025,0.01628534
11-03-2025,0.019318828
12-03-2025,0.018263048
13-03-2025,0.01729595
14-03-2025,0.016895852
17-03-2025,0.017633658
18-03-2025,0.016666591
19-03-2025,0.016532629
20-03-2025,0.015903744
21-03-2025,0.015045784
24-03-2025,0.014593606
25-03-2025,0.01396514
26-03-2025,0.013402197
27-03-2025,0.013623497
28-03-2025,0.012961893
31-03-2025,0.016664958
01-04-2025,0.016404534
02-04-2025,0.01621206
03-04-2025,0.015330002
04-04-2025,0.017284876
07-04-2025,0.021040996
08-04-2025,0.020200054
09-04-2025,0.019417045
10-04-2025,0.036741433
11-04-2025,0.03457629
14-04-2025,0.032776242
15-04-2025,0.030590471
16-04-2025,0.028571587
17-04-2025,0.030794412
21-04-2025,0.028995743
22-04-2025,0.029261428
23-04-2025,0.028209918
24-04-2025,0.02696429
25-04-2025,0.028641858
28-04-2025,0.02705473
29-04-2025,0.025343712
30-04-2025,0.023756764
01-05-2025,0.022391017
02-05-2025,0.032072864
05-05-2025,0.032121545
06-05-2025,0.030017727
07-05-2025,0.028077432
08-05-2025,0.026245442
09-05-2025,0.024749757
12-05-2025,0.023183866
13-05-2025,0.023031382
14-05-2025,0.021604934
15-05-2025,0.02044788
16-05-2025,0.019230089
19-05-2025,0.018114951
20-05-2025,0.017323654
21-05-2025,0.016338303
22-05-2025,0.016190898
23-05-2025,0.015345397
27-05-2025,0.015047887
28-05-2025,0.015964107
29-05-2025,0.015250957
30-05-2025,0.014462159
02-06-2025,0.013739923
03-06-2025,0.013180088
04-06-2025,0.012560692
05-06-2025,0.012050156
06-06-2025,0.01172177
09-06-2025,0.011512971
10-06-2025,0.011132215
11-06-2025,0.01076367
12-06-2025,0.010399114
13-06-2025,0.011034718
16-06-2025,0.010969763
17-06-2025,0.01084714
18-06-2025,0.01048267
20-06-2025,0.010217146
23-06-2025,0.010202861
24-06-2025,0.01154334
25-06-2025,0.011457787
26-06-2025,0.011189336
27-06-2025,0.011218912
30-06-2025,0.01079147
01-07-2025,0.010407674
02-07-2025,0.010668326
03-07-2025,0.010433266
07-07-2025,0.011249039
08-07-2025,0.010831372
09-07-2025,0.010517417
10-07-2025,0.011091132
11-07-2025,0.010722752
14-07-2025,0.010363297
15-07-2025,0.010025915
16-07-2025,0.009862028
17-07-2025,0.009585187
18-07-2025,0.010150046
21-07-2025,0.009897239
22-07-2025,0.009608124
23-07-2025,0.010101974
24-07-2025,0.009789214
25-07-2025,0.009867668
28-07-2025,0.009841174
29-07-2025,0.009643133
30-07-2025,0.009381026
31-07-2025,0.009148651
01-08-2025,0.016020571
04-08-2025,0.015965805
05-08-2025,0.016604381
06-08-2025,0.016360613
07-08-2025,0.015585073
08-08-2025,0.015358981
11-08-2025,0.014585547
12-08-2025,0.013950089
13-08-2025,0.01433556
14-08-2025,0.015033493
15-08-2025,0.014288177
18-08-2025,0.013798666
19-08-2025,0.013248268
20-08-2025,0.014227971
21-08-2025,0.013827816
22-08-2025,0.013319851
25-08-2025,0.01285426
26-08-2025,0.012610817
27-08-2025,0.012152855
28-08-2025,0.011837096
29-08-2025,0.01159735
02-09-2025,0.011421214
03-09-2025,0.011043831
04-09-2025,0.010643659
05-09-2025,0.010394827
08-09-2025,0.01374712
09-09-2025,0.013108856
10-09-2025,0.012498203
11-09-2025,0.011996373
12-09-2025,0.011493763
15-09-2025,0.012769279
16-09-2025,0.012705392
17-09-2025,0.012630922
18-09-2025,0.012071326
19-09-2025,0.011582759
22-09-2025,0.012396875
23-09-2025,0.011990841
24-09-2025,0.012192925
25-09-2025,0.011667645
26-09-2025,0.011409722
29-09-2025,0.011132951
30-09-2025,0.010941763
01-10-2025,0.010744328
02-10-2025,0.010427577
03-10-2025,0.010417785
06-10-2025,0.010078933
07-10-2025,0.012179815
08-10-2025,0.011925505
09-10-2025,0.011425166
10-10-2025,0.011116805
13-10-2025,0.013361332
14-10-2025,0.012728791
15-10-2025,0.0121547
16-10-2025,0.011668505
17-10-2025,0.011315837
20-10-2025,0.010917735
21-10-2025,0.010666447
22-10-2025,0.010311932
23-10-2025,0.010093142
24-10-2025,0.009782145
27-10-2025,0.009645012
28-10-2025,0.010716456
29-10-2025,0.012571507
30-10-2025,0.012011839
31-10-2025,0.015440486
03-11-2025,0.016074918
04-11-2025,0.015281309
05-11-2025,0.014721821
06-11-2025,0.015151065
07-11-2025,0.016400158
10-11-2025,0.01557922
11-11-2025,0.015790242
12-11-2025,0.015062392
13-11-2025,0.014350997
14-11-2025,0.014601151
17-11-2025,0.014395075
18-11-2025,0.013780998
19-11-2025,0.016415154
20-11-2025,0.016865179
21-11-2025,0.017103245
24-11-2025,0.017384587
25-11-2025,0.016395644
26-11-2025,0.015566279
28-11-2025,0.015874315
01-12-2025,0.015796809
02-12-2025,0.015267369
03-12-2025,0.014546666
04-12-2025,0.016227248
05-12-2025,0.015350927
08-12-2025,0.014589817
09-12-2025,0.014918091
10-12-2025,0.01414853
11-12-2025,0.016231717
12-12-2025,0.015422801
15-12-2025,0.014918959
16-12-2025,0.014713458
17-12-2025,0.013957731
18-12-2025,0.01326984
19-12-2025,0.01356262
22-12-2025,0.013044625
23-12-2025,0.012466047
24-12-2025,0.011961989
26-12-2025,0.011490008
29-12-2025,0.011048444
30-12-2025,0.010660592
