"Date","SPY_vol"
2015-01-05,0.0109592105763286
2015-01-06,0.0124625575295232
2015-01-07,0.0124500219662184
2015-01-08,0.012369224335405
2015-01-09,0.0136229032658956
2015-01-12,0.0129332772630511
2015-01-13,0.0124631072919742
2015-01-14,0.0115985841779759
2015-01-15,0.0109545582269523
2015-01-16,0.0110432151052666
2015-01-20,0.0113914822652616
2015-01-21,0.0105548396797881
2015-01-22,0.00992628565666435
2015-01-23,0.0107657399432036
2015-01-26,0.0100753463707059
2015-01-27,0.00932105045061348
2015-01-28,0.00993119159684886
2015-01-29,0.011013105100771
2015-01-30,0.0106486736587766
2015-02-02,0.0107940159288022
2015-02-03,0.0105754350876845
2015-02-04,0.0118458830546875
2015-02-05,0.0110667220521654
2015-02-06,0.0107731912344546
2015-02-09,0.0099635373668611
2015-02-10,0.0096230285835929
2015-02-11,0.00991360866223296
2015-02-12,0.00917725119462634
2015-02-13,0.00918546226855827
2015-02-17,0.00871552158527281
2015-02-18,0.00810119286819143
2015-02-19,0.00754240162406618
2015-02-20,0.00704711076227874
2015-02-23,0.00687243561096651
2015-02-24,0.00644158791904041
2015-02-25,0.00608296181881038
2015-02-26,0.00574187329944586
2015-02-27,0.00549299332036146
2015-03-02,0.00547159195838782
2015-03-03,0.00570896310489442
2015-03-04,0.00570307366891938
2015-03-05,0.00571402852051479
2015-03-06,0.00541124469227779
2015-03-09,0.00744205346297825
2015-03-10,0.00696641706242212
2015-03-11,0.00886102152082906
2015-03-12,0.00846837513506848
2015-03-13,0.00928651180040854
2015-03-16,0.00879935762873979
2015-03-17,0.00906635302373184
2015-03-18,0.00840923260309233
2015-03-19,0.00856561049240791
2015-03-20,0.00803644873623138
2015-03-23,0.00803684318385483
2015-03-24,0.00754689704548516
2015-03-25,0.00728897732968913
2015-03-26,0.00999052240056769
2015-03-27,0.00925033755719549
2015-03-30,0.00858498708145611
2015-03-31,0.00986089875988566
2015-04-01,0.010078965142255
2015-04-02,0.00942555720812525
2015-04-06,0.00876678812628858
2015-04-07,0.00867355158033826
2015-04-08,0.00817826812413511
2015-04-09,0.00769642413282154
2015-04-10,0.00735832403899839
2015-04-13,0.00718759021984293
2015-04-14,0.0069946708020251
2015-04-15,0.00655908693722468
2015-04-16,0.00637936854724759
2015-04-17,0.00600008127406544
2015-04-20,0.00759462890650287
2015-04-21,0.00778523163779745
2015-04-22,0.00726531214695023
2015-04-23,0.00699919249529164
2015-04-24,0.00659313661047443
2015-04-27,0.00629121644080618
2015-04-28,0.00636003052036855
2015-04-29,0.00615091553780856
2015-04-30,0.00619710699262175
2015-05-01,0.00705272677099199
2015-05-04,0.00741628519043184
2015-05-05,0.00716093715033524
2015-05-06,0.00846993982067344
2015-05-07,0.00816913090424465
2015-05-08,0.0077645136690964
2015-05-11,0.00872138049800692
2015-05-12,0.0082241590267019
2015-05-13,0.00791722620570283
2015-05-14,0.00737501703412447
2015-05-15,0.00793004280526602
2015-05-18,0.0073975397066645
2015-05-19,0.00700816739918344
2015-05-20,0.0065861065065124
2015-05-21,0.00618381185171431
2015-05-22,0.00584111019991817
2015-05-26,0.00554868122212985
2015-05-27,0.00731955253296666
2015-05-28,0.00770063657725395
2015-05-29,0.00718776753907039
2015-06-01,0.00730559329464274
2015-06-02,0.00683573369148396
2015-06-03,0.00641200451311789
2015-06-04,0.00605201857944276
2015-06-05,0.00658458137607799
2015-06-08,0.00632704551276514
2015-06-09,0.00648416042720495
2015-06-10,0.00610339740984321
2015-06-11,0.00721707347758187
2015-06-12,0.00699623195391827
2015-06-15,0.00757163516740236
2015-06-16,0.00728525055129034
2015-06-17,0.00700526169509264
2015-06-18,0.00660976434392029
2015-06-19,0.00725919590648949
2015-06-22,0.00697654447423479
2015-06-23,0.00673064887358405
2015-06-24,0.00631317110044676
2015-06-25,0.0065644623064689
2015-06-26,0.00654742700878425
2015-06-29,0.00615841853150172
2015-06-30,0.0108926886156595
2015-07-01,0.0100656006149065
2015-07-02,0.00980449548029702
2015-07-06,0.00907683026910617
2015-07-07,0.00861369477957091
2015-07-08,0.00841369811682817
2015-07-09,0.0104967480345304
2015-07-10,0.00970186835297447
2015-07-13,0.0102573635681664
2015-07-14,0.0106053998658244
2015-07-15,0.0098894421172586
2015-07-16,0.00915339864011236
2015-07-17,0.00884854242154445
2015-07-20,0.00825167425302757
2015-07-21,0.00768496725569195
2015-07-22,0.00734677538866224
2015-07-23,0.00693912251802378
2015-07-24,0.00701857068615173
2015-07-27,0.00781827724103828
2015-07-28,0.00795356790712736
2015-07-29,0.00893018569868177
2015-07-30,0.0086980406879202
2015-07-31,0.00807893520025465
2015-08-03,0.0075986049186877
2015-08-04,0.00721936182495356
2015-08-05,0.00686739975330465
2015-08-06,0.0065460724733985
2015-08-07,0.00702976305977319
2015-08-10,0.00671195912726624
2015-08-11,0.00796508308513172
2015-08-12,0.0081448899417361
2015-08-13,0.00758736381701031
2015-08-14,0.0070886497622301
2015-08-17,0.00673547776787209
2015-08-18,0.00660429149872078
2015-08-19,0.00625620956975838
2015-08-20,0.00714093386077763
2015-08-21,0.0106639242498692
2015-08-24,0.0166569970957251
2015-08-25,0.0234672624009165
2015-08-26,0.0223772279556719
2015-08-27,0.025380879441713
2015-08-28,0.025740828446505
2015-08-31,0.023588763322291
2015-09-01,0.0218721158104536
2015-09-02,0.0237154607232731
2015-09-03,0.0226571256151588
2015-09-04,0.0208057732444083
2015-09-08,0.0202027450917108
2015-09-09,0.0205496526018755
2015-09-10,0.0192221113396446
2015-09-11,0.0176383232638564
2015-09-14,0.0164270974999251
2015-09-15,0.0152043391125066
2015-09-16,0.0145885454852517
2015-09-17,0.0141648158616591
2015-09-18,0.0131870741065867
2015-09-21,0.0135373224245377
2015-09-22,0.0124739336816005
2015-09-23,0.012324372472546
2015-09-24,0.0114866305401373
2015-09-25,0.0107163011924839
2015-09-28,0.00990068297572352
2015-09-29,0.0144055742326439
2015-09-30,0.0132509136526713
2015-10-01,0.0138200411136223
2015-10-02,0.0129583261315411
2015-10-05,0.0126978350460439
2015-10-06,0.0144008296071223
2015-10-07,0.0133820429878299
2015-10-08,0.0126758307067281
2015-10-09,0.0122939032082259
2015-10-12,0.0113312510773419
2015-10-13,0.0104632540087508
2015-10-14,0.0100937196177988
2015-10-15,0.00958650168691525
2015-10-16,0.0105077271569779
2015-10-19,0.00999218480887979
2015-10-20,0.00924937942023648
2015-10-21,0.00859987497223823
2015-10-22,0.00840311840671752
2015-10-23,0.00985336931942012
2015-10-26,0.0104657622390765
2015-10-27,0.00977534520149974
2015-10-28,0.00910672480669157
2015-10-29,0.00949944819805559
2015-10-30,0.00880202048548546
2015-11-02,0.00839568264825936
2015-11-03,0.00881646668278349
2015-11-04,0.00837543565350571
2015-11-05,0.00801924560573673
2015-11-06,0.00747785028662422
2015-11-09,0.00699950742269991
2015-11-10,0.00767005998533803
2015-11-11,0.00717035575768527
2015-11-12,0.00692338273667283
2015-11-13,0.00868569956678071
2015-11-16,0.00973587366388725
2015-11-17,0.0108334878545223
2015-11-18,0.0100093324871608
2015-11-19,0.0110633329544209
2015-11-20,0.0102177308293805
2015-11-23,0.00954562554099138
2015-11-24,0.00889904294099134
2015-11-25,0.00830793769820093
2015-11-27,0.00778666218725318
2015-11-30,0.0073267063970073
2015-12-01,0.00730256852650637
2015-12-02,0.00790972591678751
2015-12-03,0.00854588061309369
2015-12-04,0.00998504540210443
2015-12-07,0.0115623073406984
2015-12-08,0.0107730450423315
2015-12-09,0.0106304414204366
2015-12-10,0.0103585624198758
2015-12-11,0.00961417257351569
2015-12-14,0.0121830961849001
2015-12-15,0.0113596314674029
2015-12-16,0.0111101988123496
2015-12-17,0.0122284885011753
2015-12-18,0.0132419585879336
2015-12-21,0.0141039330122188
2015-12-22,0.0131002687738933
2015-12-23,0.0129719392179838
2015-12-24,0.0126108597788492
2015-12-28,0.0116189632580413
2015-12-29,0.0108257746120607
2015-12-30,0.0107280243416278
2015-12-31,0.0101629555505517
2016-01-04,0.0107518923421387
2016-01-05,0.0113150675929375
2016-01-06,0.0104486331894495
2016-01-07,0.0107785371729463
2016-01-08,0.0144161677858041
2016-01-11,0.0143399206184613
2016-01-12,0.0132037456037832
2016-01-13,0.0124189045295239
2016-01-14,0.0148774879096644
2016-01-15,0.0145037502348312
2016-01-19,0.015321115059175
2016-01-20,0.0141061230100956
2016-01-21,0.0140459263031648
2016-01-22,0.0131662728058017
2016-01-25,0.013856462133116
2016-01-26,0.0133040571498421
2016-01-27,0.0124666676550243
2016-01-28,0.0116476605392734
2016-01-29,0.0107453319240169
2016-02-01,0.0143142019386012
2016-02-02,0.0131846023029705
2016-02-03,0.0150297019914474
2016-02-04,0.0141484477148157
2016-02-05,0.0130258953351784
2016-02-08,0.0137503814355897
2016-02-09,0.0146589949742167
2016-02-10,0.0134937362780893
2016-02-11,0.0124645698526044
2016-02-12,0.0126280703404831
2016-02-16,0.0138412099388139
2016-02-17,0.0146121693992449
2016-02-18,0.0150782583755013
2016-02-19,0.0140196994540516
2016-02-22,0.012899549114985
2016-02-23,0.0127759323990651
2016-02-24,0.012374214556956
2016-02-25,0.0114040222595842
2016-02-26,0.011978042497296
2016-02-29,0.0111055319783387
2016-03-01,0.0109102108197238
2016-03-02,0.0137252312919333
2016-03-03,0.0127717782049138
2016-03-04,0.0118950541369022
2016-03-07,0.0109804473730337
2016-03-08,0.0101925809467936
2016-03-09,0.0109105388915738
2016-03-10,0.0103115562664152
2016-03-11,0.00953643218218151
2016-03-14,0.0110129743729402
2016-03-15,0.0101851790286501
2016-03-16,0.00945369845392985
2016-03-17,0.00893289019029342
2016-03-18,0.0087936983438175
2016-03-21,0.00822834099177572
2016-03-22,0.00769579735436638
2016-03-23,0.00720967464108444
2016-03-24,0.0072592360093782
2016-03-28,0.00681865284159849
2016-03-29,0.0063913698230903
2016-03-30,0.00698529894368212
2016-03-31,0.00674439924841449
2016-04-01,0.00638941128526656
2016-04-04,0.00635098159918525
2016-04-05,0.00603530476226435
2016-04-06,0.00741991854792477
2016-04-07,0.00801857247274717
2016-04-08,0.0087153087503333
2016-04-11,0.00809356288183826
2016-04-12,0.0075687472739669
2016-04-13,0.00783618345437638
2016-04-14,0.00824821922649874
2016-04-15,0.00769114603879629
2016-04-18,0.00731959201170889
2016-04-19,0.00759985762511519
2016-04-20,0.0071193405699146
2016-04-21,0.00669175836559828
2016-04-22,0.00683107692124289
2016-04-25,0.00640429483633794
2016-04-26,0.00609056100700333
2016-04-27,0.00575185740226145
2016-04-28,0.00548564895934637
2016-04-29,0.00644328578316188
2016-05-02,0.0066446952300033
2016-05-03,0.00689167154136848
2016-05-04,0.00727268129764401
2016-05-05,0.00741580722272573
2016-05-06,0.00692910561911532
2016-05-09,0.00662497573021205
2016-05-10,0.00621810525659865
2016-05-11,0.00765006979650911
2016-05-12,0.00807742685377266
2016-05-13,0.00752616461778318
2016-05-16,0.00798910902489234
2016-05-17,0.00834040635225472
2016-05-18,0.00872752818459229
2016-05-19,0.00810370142414975
2016-05-20,0.00784055367515423
2016-05-23,0.00789471950441365
2016-05-24,0.00748695737112091
2016-05-25,0.00899794646260639
2016-05-26,0.00861597763710225
2016-05-27,0.00803190258061419
2016-05-31,0.00751832199618771
2016-06-01,0.00702013623073494
2016-06-02,0.00657072892381624
2016-06-03,0.00631535183076859
2016-06-06,0.00609389101929569
2016-06-07,0.00593338499499284
2016-06-08,0.00568526124983724
2016-06-09,0.00542841324898366
2016-06-10,0.00516942613514839
2016-06-13,0.00651903646082095
2016-06-14,0.00707932359356644
2016-06-15,0.00670458963156434
2016-06-16,0.00635153599972917
2016-06-17,0.00607137963151486
2016-06-20,0.00598070770005249
2016-06-21,0.00609993858660017
2016-06-22,0.00584849543693039
2016-06-23,0.00557278878075342
2016-06-24,0.00702780537580568
2016-06-27,0.0154613305274558
2016-06-28,0.0169191085472516
2016-06-29,0.0170626640057523
2016-06-30,0.0173689693760038
2016-07-01,0.0166562055203598
2016-07-05,0.0153916553156216
2016-07-06,0.0146734144329067
2016-07-07,0.0137272814745616
2016-07-08,0.0126436709805874
2016-07-11,0.0129785110554148
2016-07-12,0.0120652330463046
2016-07-13,0.0114316403281091
2016-07-14,0.0105499391672529
2016-07-15,0.00998331989799648
2016-07-18,0.00927843651313864
2016-07-19,0.008676710995248
2016-07-20,0.00811456469915377
2016-07-21,0.00777770956313691
2016-07-22,0.00753055496669986
2016-07-25,0.00726003442346581
2016-07-26,0.00694134050145528
2016-07-27,0.00650202512923742
2016-07-28,0.00617419111522943
2016-07-29,0.00584081954847516
2016-08-01,0.00552370831450403
2016-08-02,0.00524549098517772
2016-08-03,0.00585898884365889
2016-08-04,0.00561319192025969
2016-08-05,0.00532932474064124
2016-08-08,0.00591384506172339
2016-08-09,0.00559004507809411
2016-08-10,0.00529965561307048
2016-08-11,0.00520099612318019
2016-08-12,0.00525310589288315
2016-08-15,0.00504091284247037
2016-08-16,0.00494534647042867
2016-08-17,0.00533487061749508
2016-08-18,0.00511632070314655
2016-08-19,0.00490707391095601
2016-08-22,0.00471695418220824
2016-08-23,0.00458423521558731
2016-08-24,0.00452292680796972
2016-08-25,0.00500999834153796
2016-08-26,0.00481871491748596
2016-08-29,0.00472368054805089
2016-08-30,0.00484771621258215
2016-08-31,0.00469922730971671
2016-09-01,0.00474460044136942
2016-09-02,0.0045695885468168
2016-09-06,0.00474412756388141
2016-09-07,0.004656891707709
2016-09-08,0.00448171000565575
2016-09-09,0.00452687677001872
2016-09-12,0.0107007377373129
2016-09-13,0.0108715795677785
2016-09-14,0.011226491866743
2016-09-15,0.0104229919645799
2016-09-16,0.0102985900353989
2016-09-19,0.00954512786759948
2016-09-20,0.00897936853389412
2016-09-21,0.00841214854754852
2016-09-22,0.00841456008738249
2016-09-23,0.00857175019782462
2016-09-26,0.00845372883645278
2016-09-27,0.00863562689408311
2016-09-28,0.00834150314107462
2016-09-29,0.00793449764043031
2016-09-30,0.00808451539026866
2016-10-03,0.00774465371467674
2016-10-04,0.00722114674325807
2016-10-05,0.00737236879950034
2016-10-06,0.00708429667880959
2016-10-07,0.00663775478543452
2016-10-10,0.00652453239171248
2016-10-11,0.00648988593193845
2016-10-12,0.00815339838485938
2016-10-13,0.00758755745163959
2016-10-14,0.00724852845938774
2016-10-17,0.00677688922489593
2016-10-18,0.00664876975447915
2016-10-19,0.00677601854937561
2016-10-20,0.00638021296347011
2016-10-21,0.00601729747979302
2016-10-24,0.00570901334337925
2016-10-25,0.00575561256857195
2016-10-26,0.00572368146183389
2016-10-27,0.00550517445432332
2016-10-28,0.00540249969387375
2016-10-31,0.00532863686639252
2016-11-01,0.00507641002910451
2016-11-02,0.00573843268158066
2016-11-03,0.00613961720970649
2016-11-04,0.00618002174980429
2016-11-07,0.00585850294779991
2016-11-08,0.0100172651365457
2016-11-09,0.00960142981304814
2016-11-10,0.00960595056187531
2016-11-11,0.00897839762718871
2016-11-14,0.00839355758859329
2016-11-15,0.00781127790046286
2016-11-16,0.00807767031508835
2016-11-17,0.00763269226528606
2016-11-18,0.00745217628564769
2016-11-21,0.00708570070794225
2016-11-22,0.00728937626134071
2016-11-23,0.00683074554879603
2016-11-25,0.00640804545118659
2016-11-28,0.00609722491025979
2016-11-29,0.00596968027558139
2016-11-30,0.00563535657587919
2016-12-01,0.00539557425280509
2016-12-02,0.0054722996481751
2016-12-05,0.00519805890814423
2016-12-06,0.00552887097576668
2016-12-07,0.00532744128764979
2016-12-08,0.00733632619252069
2016-12-09,0.00690992528232154
2016-12-12,0.00689097271337222
2016-12-13,0.00649725301877385
2016-12-14,0.00664595810290884
2016-12-15,0.00719362789446681
2016-12-16,0.00686813856703541
2016-12-19,0.00652536167449588
2016-12-20,0.00620055922234521
2016-12-21,0.00591211111196502
2016-12-22,0.0056217700995825
2016-12-23,0.00557159783080426
2016-12-27,0.00535646953581312
2016-12-28,0.00511560926371614
2016-12-29,0.00586939107435033
2016-12-30,0.00558757889792193
2017-01-03,0.00553447493280837
2017-01-04,0.00598092134900375
2017-01-05,0.00603880903717131
2017-01-06,0.00569661009515678
2017-01-09,0.00542697680788179
2017-01-10,0.00522064779418273
2017-01-11,0.00504988697890528
2017-01-12,0.00500101762069629
2017-01-13,0.00494804920468103
2017-01-17,0.00476426621665273
2017-01-18,0.00475643506956617
2017-01-19,0.00457557544810276
2017-01-20,0.00460663241935618
2017-01-23,0.00453479771958978
2017-01-24,0.00449525729048609
2017-01-25,0.0049038407905362
2017-01-26,0.00571382357924223
2017-01-27,0.00540927287241249
2017-01-30,0.00534121820273482
2017-01-31,0.00553645095435549
2017-02-01,0.00532220652772971
2017-02-02,0.0050735540072847
2017-02-03,0.00484593971432406
2017-02-06,0.0052735164195571
2017-02-07,0.00504605404836977
2017-02-08,0.00486233544211311
2017-02-09,0.00470375177338402
2017-02-10,0.00494108546553924
2017-02-13,0.0050000394074982
2017-02-14,0.00518928117002647
2017-02-15,0.00514605919907164
2017-02-16,0.00534320092612692
2017-02-17,0.00512197347749449
2017-02-21,0.00491994144495835
2017-02-22,0.00511758236454235
2017-02-23,0.00488611450042124
2017-02-24,0.00469020756886784
2017-02-27,0.00454188380698441
2017-02-28,0.004396252918476
2017-03-01,0.00444164546175479
2017-03-02,0.00682852977482375
2017-03-03,0.00681346817267949
2017-03-06,0.00638977626154211
2017-03-07,0.00619576119614098
2017-03-08,0.00593744433512435
2017-03-09,0.00583082142286505
2017-03-10,0.00559111821348854
2017-03-13,0.00533312684152668
2017-03-14,0.00511458515684922
2017-03-15,0.00535507625897467
2017-03-16,0.00610393479060602
2017-03-17,0.00580150699779765
2017-03-20,0.00560532092766637
2017-03-21,0.00534645368288087
2017-03-22,0.00739331455360121
2017-03-23,0.00690763368947499
2017-03-24,0.00647438840029264
2017-03-27,0.00612362186506493
2017-03-28,0.00581062452092895
2017-03-29,0.00618621131521892
2017-03-30,0.00582900436943725
2017-03-31,0.00566352098861129
2017-04-03,0.00553964263545235
2017-04-04,0.00529418983291617
2017-04-05,0.00505172674641913
2017-04-06,0.00492557586269415
2017-04-07,0.00473818843575474
2017-04-10,0.00455784618838687
2017-04-11,0.00439988972921924
2017-04-12,0.00430712028438993
2017-04-13,0.00457950524096775
2017-04-17,0.00544064618250058
2017-04-18,0.00620638774662518
2017-04-19,0.00598875368900736
2017-04-20,0.00572987572246817
2017-04-21,0.00607765993072785
2017-04-24,0.00579066301517545
2017-04-25,0.00650372425392312
2017-04-26,0.00676028619019841
2017-04-27,0.00636830373925264
2017-04-28,0.00598928015462819
2017-05-01,0.0057011637072683
2017-05-02,0.00540573227804297
2017-05-03,0.00516055881752122
2017-05-04,0.00504403207051986
2017-05-05,0.00484337489252806
2017-05-08,0.00481900949199272
2017-05-09,0.0046252614965783
2017-05-10,0.00449052981068469
2017-05-11,0.0043520454623143
2017-05-12,0.00428664407455165
2017-05-15,0.00432663113124309
2017-05-16,0.00471292320798943
2017-05-17,0.00455647724061264
2017-05-18,0.00861111941003059
2017-05-19,0.00803527437026297
2017-05-22,0.00799869064955397
2017-05-23,0.00769147813920053
2017-05-24,0.00719514712959372
2017-05-25,0.00681173681215775
2017-05-26,0.00652580965220902
2017-05-30,0.00613482181440165
2017-05-31,0.00586894943970858
2017-06-01,0.00554612501672513
2017-06-02,0.00594845068724473
2017-06-05,0.00579717879285434
2017-06-06,0.00550169589038022
2017-06-07,0.00548933419926335
2017-06-08,0.00525593651885053
2017-06-09,0.00500907003430105
2017-06-12,0.00482019139158642
2017-06-13,0.00466592181245212
2017-06-14,0.00491595418872496
2017-06-15,0.00476600130134089
2017-06-16,0.0046793078977036
2017-06-19,0.00450678072252842
2017-06-20,0.0053905688733019
2017-06-21,0.00578053612482308
2017-06-22,0.00550540531391667
2017-06-23,0.00523420843011803
2017-06-26,0.00499946026694378
2017-06-27,0.00478275253796598
2017-06-28,0.00554080003131345
2017-06-29,0.00590518288799765
2017-06-30,0.00630748357106843
2017-07-03,0.00593833530040508
2017-07-05,0.00565734674600172
2017-07-06,0.00543915708647594
2017-07-07,0.00672036451813048
2017-07-10,0.00684645987472912
2017-07-11,0.00641672272813822
2017-07-12,0.00603381098052878
2017-07-13,0.00603337077732174
2017-07-14,0.00587729926702981
2017-07-17,0.00563378867422212
2017-07-18,0.00534924043935349
2017-07-19,0.00509450808086599
2017-07-20,0.00523405338896402
2017-07-21,0.00500152904500811
2017-07-24,0.00488958019257029
2017-07-25,0.00468541409899661
2017-07-26,0.00452292909175797
2017-07-27,0.00436883310232992
2017-07-28,0.00430763842697619
2017-07-31,0.00422573629093232
2017-08-01,0.00413125555613147
2017-08-02,0.0040659467764687
2017-08-03,0.003977754269752
2017-08-04,0.00407141317044839
2017-08-07,0.00402209304905698
2017-08-08,0.00396669022082478
2017-08-09,0.0040360681478193
2017-08-10,0.00396499912113866
2017-08-11,0.00696819349774651
2017-08-14,0.00652570049598211
2017-08-15,0.00729198490798051
2017-08-16,0.0068157085044424
2017-08-17,0.00638805818856253
2017-08-18,0.00847518011184784
2017-08-21,0.0080714921540866
2017-08-22,0.00753248308013893
2017-08-23,0.00802995784454569
2017-08-24,0.00762428526248885
2017-08-25,0.00718509934357463
2017-08-28,0.00672070579282965
2017-08-29,0.00632960180487775
2017-08-30,0.00597722885887406
2017-08-31,0.00612097943775997
2017-09-01,0.006048823775191
2017-09-05,0.00576357767314229
2017-09-06,0.00635537125769433
2017-09-07,0.00604510017605771
2017-09-08,0.00570306520334566
2017-09-11,0.00548114918218403
2017-09-12,0.00663977176597542
2017-09-13,0.00640215730641528
2017-09-14,0.00602022638011899
2017-09-15,0.00568846188264396
2017-09-18,0.00539751225145469
2017-09-19,0.00516604039521834
2017-09-20,0.00493824816116911
2017-09-21,0.00473025487104683
2017-09-22,0.00469082352686987
2017-09-25,0.00452257226768382
2017-09-26,0.00445869054108198
2017-09-27,0.00431037600107393
2017-09-28,0.00439717318204264
2017-09-29,0.00428256820412728
2017-10-02,0.00428447828419347
2017-10-03,0.00452263488715331
2017-10-04,0.00440911385191599
2017-10-05,0.00428087565008093
2017-10-06,0.00467667120562521
2017-10-09,0.00452413675159713
2017-10-10,0.00447226346348004
2017-10-11,0.00438630020207808
2017-10-12,0.00429714484671917
2017-10-13,0.00428064961648648
2017-10-16,0.0041723236989246
2017-10-17,0.00407122150272502
2017-10-18,0.00398020759417183
2017-10-19,0.00389964434859684
2017-10-20,0.00382933230873333
2017-10-23,0.0041769329976424
2017-10-24,0.00435931454578538
2017-10-25,0.00423320038611105
2017-10-26,0.00461911544628327
2017-10-27,0.00445396639786338
2017-10-30,0.0052151682969769
2017-10-31,0.00509930010250676
2017-11-01,0.00487283046453997
2017-11-02,0.00474179748008949
2017-11-03,0.00456524296047421
2017-11-06,0.00456126806187827
2017-11-07,0.00443846307371751
2017-11-08,0.00434314348018245
2017-11-09,0.00425981590065907
2017-11-10,0.00451125581395249
2017-11-13,0.00436566741075199
2017-11-14,0.00422949203436036
2017-11-15,0.0042222823819069
2017-11-16,0.00478443282744346
2017-11-17,0.00557249186309232
2017-11-20,0.00539772399694315
2017-11-21,0.00513675590040585
2017-11-22,0.00547510105104854
2017-11-24,0.00520189802089646
2017-11-27,0.004967411111618
2017-11-28,0.00475238388882512
2017-11-29,0.00575165951556356
2017-11-30,0.00544266400357862
2017-12-01,0.00600092647693676
2017-12-04,0.00571988966843557
2017-12-05,0.00544935973509002
2017-12-06,0.00557635373781237
2017-12-07,0.00529825551079628
2017-12-08,0.00506224617904975
2017-12-11,0.00553269879596971
2017-12-12,0.00527848535889378
2017-12-13,0.00511781279736565
2017-12-14,0.00491224797799663
2017-12-15,0.00499919107807463
2017-12-18,0.00559239760208235
2017-12-19,0.00591286109170163
2017-12-20,0.00579324536956867
2017-12-21,0.00554617681833003
2017-12-22,0.00535428711769291
2017-12-26,0.0051230793246
2017-12-27,0.00491355918135576
2017-12-28,0.0047094075063323
2017-12-29,0.00458430888687372
2018-01-02,0.00472384691438171
2018-01-03,0.00514567802959782
2018-01-04,0.00559927468981281
2018-01-05,0.00551396336198551
2018-01-08,0.0057964700617369
2018-01-09,0.00554051183655247
2018-01-10,0.00528099512369525
2018-01-11,0.00506261523984829
2018-01-12,0.00543897383249192
2018-01-16,0.00583526550242454
2018-01-17,0.00570209728233124
2018-01-18,0.00629984254883713
2018-01-19,0.00593442226147712
2018-01-22,0.00572559505903438
2018-01-23,0.00635873921791866
2018-01-24,0.00605068241080198
2018-01-25,0.00574459341358165
2018-01-26,0.00544391222122999
2018-01-29,0.00656127445540517
2018-01-30,0.00652382308131616
2018-01-31,0.00789603073496166
2018-02-01,0.00735636230023793
2018-02-02,0.00688395652639374
2018-02-05,0.0113367644393426
2018-02-06,0.0205149843930567
2018-02-07,0.0197790240062388
2018-02-08,0.0181614856253215
2018-02-09,0.0233294072366853
2018-02-12,0.0218291335309881
2018-02-13,0.021334719362812
2018-02-14,0.0195644121622973
2018-02-15,0.0188446212034777
2018-02-16,0.0180016152230404
2018-02-20,0.0165257883891559
2018-02-21,0.0154255597369913
2018-02-22,0.0144083992719952
2018-02-23,0.0132618689472707
2018-02-26,0.0135562889911044
2018-02-27,0.0135068912440688
2018-02-28,0.0135074150468043
2018-03-01,0.0132947039824631
2018-03-02,0.0136978056361804
2018-03-05,0.0126845968699331
2018-03-06,0.0126006409119358
2018-03-07,0.0116686619274279
2018-03-08,0.0107843747191912
2018-03-09,0.0101662702018688
2018-03-12,0.0114460664096034
2018-03-13,0.0105621597770368
2018-03-14,0.0103018252182204
2018-03-15,0.00980217037028656
2018-03-16,0.00909518725597917
2018-03-19,0.00843515394053027
2018-03-20,0.00943699513610115
2018-03-21,0.00875314802706386
2018-03-22,0.00813412097680933
2018-03-23,0.0130626539668893
2018-03-26,0.0154203195731608
2018-03-27,0.0175746040381795
2018-03-28,0.0172532959062837
2018-03-29,0.0160051687033156
2018-04-02,0.015455303042826
2018-04-03,0.0161817398485804
2018-04-04,0.0151297384917535
2018-04-05,0.0151648291903749
2018-04-06,0.0140955796700367
2018-04-09,0.0155720701516008
2018-04-10,0.0143466544617354
2018-04-11,0.0145302088973081
2018-04-12,0.0134001592118795
2018-04-13,0.012411177259496
2018-04-16,0.0114466196344911
2018-04-17,0.0106775111715115
2018-04-18,0.0111641301340092
2018-04-19,0.0103063894250614
2018-04-20,0.0098972355963552
2018-04-23,0.00972464418730245
2018-04-24,0.00907851126241197
2018-04-25,0.00967074797073138
2018-04-26,0.00896498721753334
2018-04-27,0.00952844066791434
2018-04-30,0.00882786550873705
2018-05-01,0.00889929392418374
2018-05-02,0.00827791118650388
2018-05-03,0.00831102178124644
2018-05-04,0.00778268138259779
2018-05-07,0.00850570377883471
2018-05-08,0.00818556973155841
2018-05-09,0.00766051935412471
2018-05-10,0.0081934793884244
2018-05-11,0.00845409996853438
2018-05-14,0.00794388956584303
2018-05-15,0.00739897770277723
2018-05-16,0.00757784805878253
2018-05-17,0.00720803748194997
2018-05-18,0.00675617984426798
2018-05-21,0.00643261689905554
2018-05-22,0.00652448488553777
2018-05-23,0.0061686784761775
2018-05-24,0.00582152364793543
2018-05-25,0.00553869155925091
2018-05-29,0.00542984269819181
2018-05-30,0.00715125726388302
2018-05-31,0.00831654952787151
2018-06-01,0.00808928382824665
2018-06-04,0.00836632213802779
2018-06-05,0.00793953297420974
2018-06-06,0.00744004229229859
2018-06-07,0.00727831647817816
2018-06-08,0.00687948194835447
2018-06-11,0.00644558068339258
2018-06-12,0.00616968132422835
2018-06-13,0.0058138875770747
2018-06-14,0.00565870370082797
2018-06-15,0.00542254177813757
2018-06-18,0.00523390455133594
2018-06-19,0.00502887771087216
2018-06-20,0.00533912457037816
2018-06-21,0.00516148722903805
2018-06-22,0.0058251911664668
2018-06-25,0.00554873019451268
2018-06-26,0.00785232843202872
2018-06-27,0.00732746575820959
2018-06-28,0.00767228091470417
2018-06-29,0.0074200878591426
2018-07-02,0.00693581813221384
2018-07-03,0.00658359403006665
2018-07-05,0.00654895526999478
2018-07-06,0.00710224381949007
2018-07-09,0.00721953244059661
2018-07-10,0.00790383705685784
2018-07-11,0.0074161004499907
2018-07-12,0.00741949090624008
2018-07-13,0.00745539450409377
2018-07-16,0.00700400527811787
2018-07-17,0.00660417100974093
2018-07-18,0.00632450530648384
2018-07-19,0.00605862372944797
2018-07-20,0.00612519492445546
2018-07-23,0.00578082267349997
2018-07-24,0.00546890589310003
2018-07-25,0.00565234443925807
2018-07-26,0.00614752809233112
2018-07-27,0.00583996552384572
2018-07-30,0.00638381562294569
2018-07-31,0.00649319661516143
2018-08-01,0.00635754528350755
2018-08-02,0.00604102773891774
2018-08-03,0.00605207688673178
2018-08-06,0.0058909635230854
2018-08-07,0.00579620383308509
2018-08-08,0.00554349280353015
2018-08-09,0.00525879763225843
2018-08-10,0.00513639402675352
2018-08-13,0.00557173511172971
2018-08-14,0.00568102979692146
2018-08-15,0.00587316030496041
2018-08-16,0.00625823195162898
2018-08-17,0.00639138272749536
2018-08-20,0.00626681095668313
2018-08-21,0.00592313637242651
2018-08-22,0.00563401781991422
2018-08-23,0.00533941447694731
2018-08-24,0.00521391412721403
2018-08-27,0.00559329761700071
2018-08-28,0.00598070357539807
2018-08-29,0.00566411025909661
2018-08-30,0.00559777403527308
2018-08-31,0.0054999138841129
2018-09-04,0.00524253038483271
2018-09-05,0.00507099329721556
2018-09-06,0.00497652910327362
2018-09-07,0.00509529425949341
2018-09-10,0.00490668019422262
2018-09-11,0.00469940312475741
2018-09-12,0.0047778610833623
2018-09-13,0.00459858007995448
2018-09-14,0.00498678986663135
2018-09-17,0.00476933150951484
2018-09-18,0.00517055102918052
2018-09-19,0.00524462901716297
2018-09-20,0.00501956942461529
2018-09-21,0.0056203240390824
2018-09-24,0.00533682424023365
2018-09-25,0.00531090974431925
2018-09-26,0.00512904986802488
2018-09-27,0.00500957036344796
2018-09-28,0.00480878756051702
2018-10-01,0.00462452716533149
2018-10-02,0.00453431073036479
2018-10-03,0.00437825437679642
2018-10-04,0.0042408480565264
2018-10-05,0.00534690016519234
2018-10-08,0.00567153366246383
2018-10-09,0.00540227230801507
2018-10-10,0.00514788952732241
2018-10-11,0.0143351286261737
2018-10-12,0.016456264210556
2018-10-15,0.0158429354464085
2018-10-16,0.0146289538919164
2018-10-17,0.0154136331346768
2018-10-18,0.0142060463634651
2018-10-19,0.014533585910864
2018-10-22,0.0134249229371608
2018-10-23,0.0123994830781046
2018-10-24,0.011929866758068
2018-10-25,0.0160130615265696
2018-10-26,0.0155792605056469
2018-10-29,0.0154137182512284
2018-10-30,0.0146017532893736
2018-10-31,0.0144468130566465
2018-11-01,0.0144473370904771
2018-11-02,0.0135253142273341
2018-11-05,0.0124633147650837
2018-11-06,0.0114851418510797
2018-11-07,0.01127565642057
2018-11-08,0.0128752806945763
2018-11-09,0.0118591662205656
2018-11-12,0.0117298845514304
2018-11-13,0.013827510290291
2018-11-14,0.0127332970603125
2018-11-15,0.0123657582256972
2018-11-16,0.0123780299039702
2018-11-19,0.0114084233526462
2018-11-20,0.0121433254930197
2018-11-21,0.0144760027590604
2018-11-23,0.0134049041070546
2018-11-26,0.0127131631866406
2018-11-27,0.0131809940401414
2018-11-28,0.0122600143029294
2018-11-29,0.0142821520763749
2018-11-30,0.0131442952544092
2018-12-03,0.0122809865514358
2018-12-04,0.0123114896523965
2018-12-06,0.0166611377336437
2018-12-07,0.0156187355970066
2018-12-10,0.0164709819739626
2018-12-11,0.0151655310455592
2018-12-12,0.0139475197462936
2018-12-13,0.0130236340917805
2018-12-14,0.0120605699367952
2018-12-17,0.012750340718149
2018-12-18,0.0156525772433767
2018-12-19,0.0143936659918128
2018-12-20,0.0150999509357457
2018-12-21,0.0153200813826105
2018-12-24,0.0168754278914765
2018-12-26,0.019062096931382
2018-12-27,0.0255387721235085
2018-12-28,0.0239142440427787
2018-12-31,0.0219511445364417
2019-01-02,0.0203088984539424
2019-01-03,0.0187074370182228
2019-01-04,0.0206555722115279
2019-01-07,0.0233605896220833
2019-01-08,0.0216314877430003
2019-01-09,0.0203065450790081
2019-01-10,0.0186441821246591
2019-01-11,0.0172889908784192
2019-01-14,0.015921829274355
2019-01-15,0.0147133729730928
2019-01-16,0.0139102362417036
2019-01-17,0.0129349588307868
2019-01-18,0.0121465276751458
2019-01-22,0.0123760708206605
2019-01-23,0.0124023124386765
2019-01-24,0.0114513081013725
2019-01-25,0.0106241695882779
2019-01-28,0.010118386130384
2019-01-29,0.00972271517141312
2019-01-30,0.00907267687086312
2019-01-31,0.0102462514501014
2019-02-01,0.0104414682288115
2019-02-04,0.00967971731288503
2019-02-05,0.00954697823697979
2019-02-06,0.00891157349936396
2019-02-07,0.00827351800666313
2019-02-08,0.00886956499409147
2019-02-11,0.00823307563777398
2019-02-12,0.00765984413116577
2019-02-13,0.00861598819386628
2019-02-14,0.00815090147077048
2019-02-15,0.00767284765139843
2019-02-19,0.00815550309935752
2019-02-20,0.00767195947927143
2019-02-21,0.00715684270157543
2019-02-22,0.00682126707553282
2019-02-25,0.00670016605988211
2019-02-26,0.00630983078503315
2019-02-27,0.00594925079584023
2019-02-28,0.00566312176143001
2019-03-01,0.00539042323928742
2019-03-04,0.00541425345849169
2019-03-05,0.00523942459869462
2019-03-06,0.00516284465868886
2019-03-07,0.00548013725729684
2019-03-08,0.00641689161860272
2019-03-11,0.00619259794971106
2019-03-12,0.00828981631173957
2019-03-13,0.00783548205549103
2019-03-14,0.00778058119766178
2019-03-15,0.00727747547316493
2019-03-18,0.007098777519673
2019-03-19,0.00671869598642744
2019-03-20,0.00631129737729312
2019-03-21,0.00622064401033739
2019-03-22,0.0074069910310628
2019-03-25,0.010416537450412
2019-03-26,0.00970213978343235
2019-03-27,0.00943600329781743
2019-03-28,0.00892309179686254
2019-03-29,0.00829335750426042
2019-04-01,0.00833614377978559
2019-04-02,0.00874915310238651
2019-04-03,0.008152814768502
2019-04-04,0.00758679389412723
2019-04-05,0.00713716797564288
2019-04-08,0.00696907146693681
2019-04-09,0.00652693764068804
2019-04-10,0.0063983156491162
2019-04-11,0.0060360196479964
2019-04-12,0.00570370764031646
2019-04-15,0.0057703421718855
2019-04-16,0.00545884782592914
2019-04-17,0.0051845985210536
2019-04-18,0.00511169380500171
2019-04-22,0.00494615671527476
2019-04-23,0.00473843795315798
2019-04-24,0.00595746172868408
2019-04-25,0.00577003881322198
2019-04-26,0.00546271112563051
2019-04-29,0.00534065258079908
2019-04-30,0.00517139022555775
2019-05-01,0.00494643846519858
2019-05-02,0.00556564573672805
2019-05-03,0.00548567514118424
2019-05-06,0.00641571849256145
2019-05-07,0.00619403065977876
2019-05-08,0.00945094525733184
2019-05-09,0.00881463665893779
2019-05-10,0.00829614052727038
2019-05-13,0.00790720655618112
2019-05-14,0.0126148126471046
2019-05-15,0.0119016292990454
2019-05-16,0.0112808156817437
2019-05-17,0.0111013668545068
2019-05-20,0.0107503837774371
2019-05-21,0.0101826190330068
2019-05-22,0.00967221746430758
2019-05-23,0.0089561992113928
2019-05-24,0.01047263962534
2019-05-28,0.00974075931573831
2019-05-29,0.00988514324351806
2019-05-30,0.00970224624395042
2019-05-31,0.00902736316487338
2019-06-03,0.0100550752775656
2019-06-04,0.00945140434300077
2019-06-05,0.0121163658194896
2019-06-06,0.0119164672179136
2019-06-07,0.0111735226739254
2019-06-10,0.0111374015194526
2019-06-11,0.0104321429327249
2019-06-12,0.00964853140067677
2019-06-13,0.00897317292899668
2019-06-14,0.00841452392795597
2019-06-17,0.00782783672666281
2019-06-18,0.00730178896305022
2019-06-19,0.00795199303534563
2019-06-20,0.00747719692694808
2019-06-21,0.00776971999412755
2019-06-24,0.00725098673699334
2019-06-25,0.00684115563759894
2019-06-26,0.00765378561094842
2019-06-27,0.00717730457576747
2019-06-28,0.00678734627045552
2019-07-01,0.00677416175664084
2019-07-02,0.00704389683051728
2019-07-03,0.00676968391538204
2019-07-05,0.00682639787112058
2019-07-08,0.00639816303221213
2019-07-09,0.00659854688607237
2019-07-10,0.00619523778692912
2019-07-11,0.00617604079758003
2019-07-12,0.00584194235627008
2019-07-15,0.00584574473685455
2019-07-16,0.00553108552195544
2019-07-17,0.00540251049799674
2019-07-18,0.00607429811216551
2019-07-19,0.00585782674062459
2019-07-22,0.00600124540560075
2019-07-23,0.00569028563087718
2019-07-24,0.00604385615153605
2019-07-25,0.00603705658908387
2019-07-26,0.00613432776394133
2019-07-29,0.00629524330646196
2019-07-30,0.00598522927084136
2019-07-31,0.00576355939761666
2019-08-01,0.00732590872068717
2019-08-02,0.0077896632551692
2019-08-05,0.00815538331126378
2019-08-06,0.0143351886830161
2019-08-07,0.0137741355169094
2019-08-08,0.0127411090684654
2019-08-09,0.0137109088013254
2019-08-12,0.0128580736837882
2019-08-13,0.0128272647364464
2019-08-14,0.0126777624018345
2019-08-15,0.015411344784905
2019-08-16,0.0143058437764294
2019-08-19,0.0151472300988992
2019-08-20,0.0145619103962536
2019-08-21,0.0137652916773095
2019-08-22,0.0130977624541858
2019-08-23,0.0120991904685425
2019-08-26,0.0146170785842911
2019-08-27,0.0135718465588716
2019-08-28,0.0124994009166264
2019-08-29,0.0115644591326168
2019-08-30,0.0121299614414457
2019-09-03,0.0111823090620367
2019-09-04,0.0108634173909219
2019-09-05,0.0112705438073266
2019-09-06,0.0112426709702572
2019-09-09,0.0104682574458119
2019-09-10,0.00973605402109185
2019-09-11,0.0090290927537338
2019-09-12,0.00862880468310988
2019-09-13,0.00818253902416085
2019-09-16,0.00762570613612754
2019-09-17,0.00732442218110504
2019-09-18,0.00693602217176587
2019-09-19,0.00650411895378186
2019-09-20,0.0061144881502825
2019-09-23,0.00630791339187799
2019-09-24,0.00593589916242077
2019-09-25,0.00665836380425971
2019-09-26,0.00658186876161943
2019-09-27,0.00624027303028158
2019-09-30,0.00635284003514064
2019-10-01,0.00611779037961321
2019-10-02,0.00729692192394062
2019-10-03,0.0105961876499234
2019-10-04,0.0101963218570402
2019-10-07,0.0109705321212964
2019-10-08,0.0102779287396183
2019-10-09,0.011631462964705
2019-10-10,0.0111697242483353
2019-10-11,0.0107625657036357
2019-10-14,0.0106686468590248
2019-10-15,0.00986688079421602
2019-10-16,0.00987557225747211
2019-10-17,0.0091750080145993
2019-10-18,0.00859190808566836
2019-10-21,0.00832219588041035
2019-10-22,0.0082713061901529
2019-10-23,0.00791957108140035
2019-10-24,0.00750528909491725
2019-10-25,0.00700502208451918
2019-10-28,0.00686765274486978
2019-10-29,0.00662388964606645
2019-10-30,0.00622454611987075
2019-10-31,0.00588570450311919
2019-11-01,0.00563074918364136
2019-11-04,0.00623139980776573
2019-11-05,0.00610747692235073
2019-11-06,0.00577470594344838
2019-11-07,0.00549180466548093
2019-11-08,0.00548981001387292
2019-11-11,0.00522374075756542
2019-11-12,0.0049998363266101
2019-11-13,0.00478347480016689
2019-11-14,0.00460146534845002
2019-11-15,0.0044378983332702
2019-11-18,0.00507587966645688
2019-11-19,0.00486751993126598
2019-11-20,0.0047069345393506
2019-11-21,0.00475289873383894
2019-11-22,0.00471013427101503
2019-11-25,0.00459486160050091
2019-11-26,0.00530888747265368
2019-11-27,0.00512500069779835
2019-11-29,0.00515492125676059
2019-12-02,0.00519750609231139
2019-12-03,0.00612938332602277
2019-12-04,0.00667537209404567
2019-12-05,0.00670343412724208
2019-12-06,0.00631037899977388
2019-12-09,0.00692665476395598
2019-12-10,0.00662614126789246
2019-12-11,0.00625696877504088
2019-12-12,0.0059333898168145
2019-12-13,0.00666969263671632
2019-12-16,0.00625815094713144
2019-12-17,0.0065007359567651
2019-12-18,0.00610936729079606
2019-12-19,0.0057591834592166
2019-12-20,0.00556977428439828
2019-12-23,0.00563623081526399
2019-12-24,0.00534426968655479
2019-12-26,0.00508298319460286
2019-12-27,0.00516130288019063
2019-12-30,0.00492242538249371
2019-12-31,0.00534234576048646
2020-01-02,0.00510775976161648
2020-01-03,0.00618846160729041
2020-01-06,0.00662461374037137
2020-01-07,0.00630412153478437
2020-01-08,0.00604336780624863
2020-01-09,0.00600134903361426
2020-01-10,0.00617383740601884
2020-01-13,0.00587653652446864
2020-01-14,0.00585691958859815
2020-01-15,0.00553544329166502
2020-01-16,0.0052525281295632
2020-01-17,0.00606927862390835
2020-01-21,0.00586439424511192
2020-01-22,0.00567292913487153
2020-01-23,0.00537315768699927
2020-01-24,0.00510859436620175
2020-01-27,0.00595320824366969
2020-01-28,0.00918115396023002
2020-01-29,0.00929657945251241
2020-01-30,0.00861701784108549
2020-01-31,0.00804844355263764
2020-02-03,0.0105380807118047
2020-02-04,0.00999598132520488
2020-02-05,0.0110340483372136
2020-02-06,0.0114539612360122
2020-02-07,0.0105846748716423
2020-02-10,0.00989495873467628
2020-02-11,0.00932097862724477
2020-02-12,0.00877365085172479
2020-02-13,0.00833356353132709
2020-02-14,0.00775103454832818
2020-02-18,0.00723439607453253
2020-02-19,0.00691943855127264
2020-02-20,0.00680921109646666
2020-02-21,0.00677598695793413
2020-02-24,0.0074430701844878
2020-02-25,0.0161594350149094
2020-02-26,0.0196419873824717
2020-02-27,0.0182363670461955
2020-02-28,0.0244185593052525
2020-03-02,0.0227319813089362
2020-03-03,0.0271961861315343
2020-03-04,0.0269145971636752
2020-03-05,0.028210568096021
2020-03-06,0.0279298769578322
2020-03-09,0.0272744843781729
2020-03-10,0.0411172716563678
2020-03-11,0.0419001494748017
2020-03-12,0.0429403957937615
2020-03-13,0.056106671863742
2020-03-16,0.0574775032956817
2020-03-17,0.0643064859495981
2020-03-18,0.0596484867134771
2020-03-19,0.0561352441337561
2020-03-20,0.0514768543568819
2020-03-23,0.050867182645033
2020-03-24,0.047003205675205
2020-03-25,0.0502938315817669
2020-03-26,0.0494812512537716
2020-03-27,0.0469437098521597
2020-03-30,0.0430474156632325
2020-03-31,0.0398268386779114
2020-04-01,0.0365504449630466
2020-04-02,0.0382111477025033
2020-04-03,0.0351784514717248
2020-04-06,0.0322307592189831
2020-04-07,0.0346515289970148
2020-04-08,0.0328939846276403
2020-04-09,0.0310386462437794
2020-04-13,0.0299543983064064
2020-04-14,0.027692657677041
2020-04-15,0.026830307994684
2020-04-16,0.024884844841466
2020-04-17,0.0231263385081419
2020-04-20,0.0259966013629828
2020-04-21,0.0256589582213398
2020-04-22,0.0263187361091618
2020-04-23,0.0252037947924156
2020-04-24,0.0231061945868697
2020-04-27,0.0219105808793211
2020-04-28,0.0206440291799083
2020-04-29,0.0189343076628698
2020-04-30,0.0189983858847773
2020-05-01,0.0174549750855921
2020-05-04,0.0208514651476361
2020-05-05,0.0191627266937611
2020-05-06,0.0179736325397986
2020-05-07,0.0168048586200704
2020-05-08,0.0162081367371143
2020-05-11,0.0160652040402884
2020-05-12,0.0148047395886506
2020-05-13,0.0165363060753208
2020-05-14,0.016755138545526
2020-05-15,0.0157897763149821
2020-05-18,0.0147626069164607
2020-05-19,0.0176843648144392
2020-05-20,0.0165595549210921
2020-05-21,0.0163365421249866
2020-05-22,0.0152564321850824
2020-05-26,0.0140637818278455
2020-05-27,0.0133856563961579
2020-05-28,0.0145947869686018
2020-05-29,0.0136534442265707
2020-06-01,0.0129265773796567
2020-06-02,0.011908104628056
2020-06-03,0.0117460312717303
2020-06-04,0.0117648578510574
2020-06-05,0.0108634288538692
2020-06-08,0.0137953419225546
2020-06-09,0.0138093386820936
2020-06-10,0.0130152241889186
2020-06-11,0.0124796113211878
2020-06-12,0.0256599378623193
2020-06-15,0.0235602124444947
2020-06-16,0.0223287740524467
2020-06-17,0.0216107643075954
2020-06-18,0.0198916846396517
2020-06-19,0.0182624180355331
2020-06-22,0.0172434593354311
2020-06-23,0.016356838337517
2020-06-24,0.01502670714367
2020-06-25,0.0162497482008673
2020-06-26,0.0149995106229696
2020-06-29,0.0158143292840094
2020-06-30,0.0150260086482429
2020-07-01,0.0149490304322574
2020-07-02,0.0142037953316014
2020-07-06,0.0130738381820154
2020-07-07,0.0145275904161833
2020-07-08,0.0146777257637791
2020-07-09,0.0141501336791851
2020-07-10,0.0135244052201908
2020-07-13,0.0133457189403241
2020-07-14,0.013002947043136
2020-07-15,0.0130753943062963
2020-07-16,0.0125139120141355
2020-07-17,0.0115642865147249
2020-07-20,0.0106704264161817
2020-07-21,0.0105423423780904
2020-07-22,0.00975193641828823
2020-07-23,0.00930650645597779
2020-07-24,0.00990837999487584
2020-07-27,0.00974913752897267
2020-07-28,0.00942891041644421
2020-07-29,0.00906883133305501
2020-07-30,0.00939761911336928
2020-07-31,0.00875940908528727
2020-08-03,0.0085194221418531
2020-08-04,0.00838927531639612
2020-08-05,0.00800734617168815
2020-08-06,0.00764659483391523
2020-08-07,0.0078831060987833
2020-08-10,0.00736186367378273
2020-08-11,0.00704876118836266
2020-08-12,0.00764492986102579
2020-08-13,0.00887170561112008
2020-08-14,0.00824801964349013
2020-08-17,0.0076817831762135
2020-08-18,0.00722584293878166
2020-08-19,0.00683955770475948
2020-08-20,0.00680403938457
2020-08-21,0.00651325069933028
2020-08-24,0.00619317085866021
2020-08-25,0.00720210216474087
2020-08-26,0.00683488169279953
2020-08-27,0.00754949268110873
2020-08-28,0.00708691691449424
2020-08-31,0.00707922315314821
2020-09-01,0.00682241916213705
2020-09-02,0.00730543368027118
2020-09-03,0.00885703230584475
2020-09-04,0.0157912280444465
2020-09-08,0.015449439011209
2020-09-09,0.0176667632793057
2020-09-10,0.0174554947075544
2020-09-11,0.0172493132698281
2020-09-14,0.015841427294171
2020-09-15,0.0151171550268219
2020-09-16,0.0144577999593017
2020-09-17,0.0138747536185235
2020-09-18,0.0128889690752651
2020-09-21,0.0137137503677038
2020-09-22,0.0131195791746694
2020-09-23,0.012383585833817
2020-09-24,0.0143397454741801
2020-09-25,0.0131909230994543
2020-09-28,0.0136472985747898
2020-09-29,0.0147278355831709
2020-09-30,0.0139572956350301
2020-10-01,0.0134213399781264
2020-10-02,0.0124247871658522
2020-10-05,0.0117466483068421
2020-10-06,0.0120287902584421
2020-10-07,0.011854467618782
2020-10-08,0.0121303671998306
2020-10-09,0.0119769401633144
2020-10-12,0.0116842852172564
2020-10-13,0.0119965623508959
2020-10-14,0.0110912662395539
2020-10-15,0.0113510722317778
2020-10-16,0.0105100208456996
2020-10-19,0.00985230502112466
2020-10-20,0.0107026171296163
2020-10-21,0.00990452185573101
2020-10-22,0.00919099374830539
2020-10-23,0.00880492854304015
2020-10-26,0.00819686962469576
2020-10-27,0.0100993131849651
2020-10-28,0.00993122947438119
2020-10-29,0.0157602487814531
2020-10-30,0.0145885261517014
2020-11-02,0.0137615081172725
2020-11-03,0.0131911789820257
2020-11-04,0.013810638414999
2020-11-05,0.0164106488444458
2020-11-06,0.0162936726265064
2020-11-09,0.0151112078109809
2020-11-10,0.0141441324840567
2020-11-11,0.0130747979848584
2020-11-12,0.0121228754604674
2020-11-13,0.0116533162262902
2020-11-16,0.011832328094325
2020-11-17,0.0118877848312121
2020-11-18,0.0110153552144601
2020-11-19,0.0122299454784252
2020-11-20,0.0115970436256253
2020-11-23,0.0114348205069237
2020-11-24,0.0109514999395617
2020-11-25,0.0115838544506886
2020-11-27,0.0106894490877633
2020-11-30,0.00987759884363015
2020-12-01,0.0092712839549709
2020-12-02,0.00945067345483814
2020-12-03,0.00879229218105014
2020-12-04,0.00816233812677984
2020-12-07,0.0079967507443259
2020-12-08,0.00744688966066245
2020-12-09,0.00695330638359043
2020-12-10,0.00713744810299482
2020-12-11,0.00677631299225128
2020-12-14,0.00636443833355804
2020-12-15,0.00628168748660088
2020-12-16,0.00746030647714761
2020-12-17,0.00714314828656955
2020-12-18,0.00677871801741555
2020-12-21,0.0064369798563352
2020-12-22,0.0064259245606911
2020-12-23,0.0061080030097619
2020-12-24,0.00577031726465435
2020-12-28,0.00553792857120455
2020-12-29,0.00651459956036725
2020-12-30,0.00625197310653364
2020-12-31,0.00592233963308141
2021-01-04,0.00579590131517521
2021-01-05,0.00754411661978844
2021-01-06,0.00723683519059502
2021-01-07,0.00733659660108596
2021-01-08,0.00890667472854769
2021-01-11,0.00856737407122384
2021-01-12,0.00832410676576652
2021-01-13,0.00781092175292882
2021-01-14,0.00748374118448833
2021-01-15,0.0073369889260641
2021-01-19,0.00738857731909727
2021-01-20,0.00729973501603932
2021-01-21,0.00895419498647155
2021-01-22,0.00832151317859007
2021-01-25,0.0079807285242622
2021-01-26,0.0075949607663953
2021-01-27,0.00714704833890336
2021-01-28,0.0119744325738636
2021-01-29,0.0112456248903128
2021-02-01,0.0127197575471208
2021-02-02,0.0128722201017699
2021-02-03,0.0133354240089117
2021-02-04,0.0123093686153302
2021-02-05,0.0117497227404139
2021-02-08,0.0113011663241443
2021-02-09,0.0104955147061154
2021-02-10,0.00974941676550806
2021-02-11,0.00912601982893144
2021-02-12,0.0085069832957541
2021-02-16,0.00811040768453682
2021-02-17,0.00758524182433541
2021-02-18,0.00708421310207634
2021-02-19,0.00709249703274879
2021-02-22,0.00664639765444808
2021-02-23,0.00737053363415585
2021-02-24,0.00690834906252671
2021-02-25,0.00753280220669901
2021-02-26,0.0116009382270085
2021-03-01,0.0112826305430542
2021-03-02,0.0142473893530787
2021-03-03,0.0133178284722346
2021-03-04,0.0139586772253907
2021-03-05,0.0137143138872242
2021-03-08,0.0141212961488261
2021-03-09,0.0130455505584964
2021-03-10,0.0129773349168264
2021-03-11,0.0122387916602413
2021-03-12,0.0121106891625668
2021-03-15,0.0111697676205721
2021-03-16,0.0108119234097493
2021-03-17,0.0101385658899018
2021-03-18,0.00963465649250303
2021-03-19,0.0113037172636065
2021-03-22,0.0104538567401366
2021-03-23,0.00997715287820238
2021-03-24,0.00959029710409079
2021-03-25,0.00939673804339426
2021-03-26,0.00900306772126208
2021-03-29,0.0104782394093763
2021-03-30,0.00968563030465865
2021-03-31,0.00905498016264922
2021-04-01,0.00846041163711692
2021-04-05,0.00916357570917796
2021-04-06,0.00998616788926412
2021-04-07,0.00924744300858487
2021-04-08,0.00857970820570353
2021-04-09,0.00823008681476612
2021-04-12,0.00812727367278553
2021-04-13,0.00756334977725797
2021-04-14,0.00714509265975183
2021-04-15,0.00691023492076405
2021-04-16,0.00773669857672609
2021-04-19,0.00730666869672531
2021-04-20,0.00706967472860993
2021-04-21,0.00760758547877899
2021-04-22,0.00806704879305769
2021-04-23,0.00844151057199219
2021-04-26,0.00876960749769803
2021-04-27,0.00818850844349406
2021-04-28,0.00761865997126403
2021-04-29,0.00715436546030184
2021-04-30,0.00730872418289559
2021-05-03,0.00756951664976361
2021-05-04,0.00712150475988818
2021-05-05,0.00730057649691585
2021-05-06,0.00682222246382313
2021-05-07,0.00691768046424532
2021-05-10,0.00729131246984138
2021-05-11,0.00813138579838986
2021-05-12,0.00851078153492844
2021-05-13,0.0120550885433613
2021-05-14,0.0118305248921004
2021-05-17,0.0126634807580373
2021-05-18,0.0116908961640299
2021-05-19,0.0116151640947859
2021-05-20,0.0107567879572089
2021-05-21,0.0105629819094266
2021-05-24,0.00976521096704259
2021-05-25,0.00962333344826119
2021-05-26,0.00892671264125013
2021-05-27,0.00829172085291594
2021-05-28,0.0077124913975838
2021-06-01,0.00725758564681304
2021-06-02,0.00688219826222414
2021-06-03,0.0065374007864011
2021-06-04,0.0065591126065717
2021-06-07,0.0072645523550113
2021-06-08,0.00682365817194342
2021-06-09,0.0063951808329671
2021-06-10,0.00610118113288279
2021-06-11,0.00604020646524621
2021-06-14,0.00571028631801717
2021-06-15,0.00547815816151779
2021-06-16,0.00531235950711886
2021-06-17,0.00556870535662437
2021-06-18,0.00532417106350908
2021-06-21,0.00739664184081563
2021-06-22,0.00843319261251773
2021-06-23,0.00827913783912771
2021-06-24,0.00772937685890589
2021-06-25,0.00740742624670033
2021-06-28,0.00721073075718127
2021-06-29,0.0067416560754441
2021-06-30,0.0063605272846673
2021-07-01,0.00599561040240951
2021-07-02,0.00613272415910129
2021-07-06,0.00643414748532076
2021-07-07,0.0060923688247227
2021-07-08,0.00585128141534419
2021-07-09,0.00651528883365942
2021-07-12,0.00725619376843527
2021-07-13,0.00692783253598967
2021-07-14,0.00660514490290864
2021-07-15,0.00620684005802646
2021-07-16,0.00590246707007283
2021-07-19,0.00694031740175358
2021-07-20,0.00873565561086057
2021-07-21,0.00937945938450981
2021-07-22,0.00951187653398833
2021-07-23,0.00883543706083835
2021-07-26,0.00894186907368109
2021-07-27,0.00846559790557186
2021-07-28,0.0083469956184076
2021-07-29,0.00776182561496398
2021-07-30,0.00730443158170222
2021-08-02,0.00702945168720266
2021-08-03,0.00674281396808565
2021-08-04,0.00703574462684778
2021-08-05,0.00681700653196842
2021-08-06,0.00662293114924992
2021-08-09,0.00630654660559441
2021-08-10,0.00598793364828382
2021-08-11,0.00565876127888298
2021-08-12,0.00544963355160168
2021-08-13,0.0052339121153773
2021-08-16,0.00506602351476788
2021-08-17,0.00485848576943198
2021-08-18,0.00528106987216947
2021-08-19,0.0071325273574732
2021-08-20,0.0066757929037808
2021-08-23,0.00700855794254576
2021-08-24,0.00739203182560345
2021-08-25,0.00693823345304198
2021-08-26,0.00651660731648728
2021-08-27,0.00658647985474638
2021-08-30,0.00690937735275164
2021-08-31,0.00674600977858816
2021-09-01,0.00636275639108644
2021-09-02,0.005993919696805
2021-09-03,0.00583641916776802
2021-09-07,0.00555153727990451
2021-09-08,0.00543153427968075
2021-09-09,0.00527491295970974
2021-09-10,0.00529767103831341
2021-09-13,0.00621738788456887
2021-09-14,0.00588820244225387
2021-09-15,0.00594508497505601
2021-09-16,0.00623617767884288
2021-09-17,0.00588237204274129
2021-09-20,0.00704059102535959
2021-09-21,0.00986004901185416
2021-09-22,0.0091541610824036
2021-09-23,0.00916447221811136
2021-09-24,0.0100277424934922
2021-09-27,0.00928046117827748
2021-09-28,0.00865959542744118
2021-09-29,0.0118992067663738
2021-09-30,0.0109733420091723
2021-10-01,0.0112840046029191
2021-10-04,0.0112196331793159
2021-10-05,0.0115283492352146
2021-10-06,0.0112552428858938
2021-10-07,0.0104816947841009
2021-10-08,0.0105021896644895
2021-10-11,0.00987221935478587
2021-10-12,0.00935862174507408
2021-10-13,0.00906492941763386
2021-10-14,0.00873716570915129
2021-10-15,0.00988670311977864
2021-10-18,0.00996244147886523
2021-10-19,0.00924295342034078
2021-10-20,0.00904241386869717
2021-10-21,0.00860042594490678
2021-10-22,0.00799677823620583
2021-10-25,0.00744605466977716
2021-10-26,0.00707956473710056
2021-10-27,0.00666851023559864
2021-10-28,0.0066669286336695
2021-10-29,0.00719165833141434
2021-11-01,0.00681303248062906
2021-11-02,0.00638799127946083
2021-11-03,0.00622907195233538
2021-11-04,0.0062776841853701
2021-11-05,0.00617949092861333
2021-11-08,0.00597072152767183
2021-11-09,0.00563670789062488
2021-11-10,0.00551716536391165
2021-11-11,0.00641176005876834
2021-11-12,0.00603015868645145
2021-11-15,0.0063386902653689
2021-11-16,0.00596790226719775
2021-11-17,0.0057514906868226
2021-11-18,0.00552164151607269
2021-11-19,0.00532864576384248
2021-11-22,0.00513519975476661
2021-11-23,0.00506719558999892
2021-11-24,0.00483970876089149
2021-11-26,0.00481167431929276
2021-11-29,0.0105483168102049
2021-11-30,0.010585087781183
2021-12-01,0.0123129524339994
2021-12-02,0.0125445426565488
2021-12-03,0.0127255222821154
2021-12-06,0.0119369886832712
2021-12-07,0.0113672244300309
2021-12-08,0.0142016562740965
2021-12-09,0.013079636343904
2021-12-10,0.0123754570694032
2021-12-13,0.0119152293678983
2021-12-14,0.0115759451515338
2021-12-15,0.01109307287389
2021-12-16,0.0115432121292766
2021-12-17,0.0109180153958884
2021-12-20,0.0116466064955361
2021-12-21,0.0114648147154315
2021-12-22,0.0122824691287635
2021-12-23,0.0121725835299811
2021-12-27,0.0115152951411709
2021-12-28,0.0117113696887526
2021-12-29,0.0108264629314716
2021-12-30,0.0100366608412394
2021-12-31,0.00929295361932515
2022-01-03,0.00882650747970087
2022-01-04,0.00851787597418575
2022-01-05,0.00791546490557034
2022-01-06,0.0110837168722813
2022-01-07,0.0102724589872436
2022-01-10,0.00968049342490078
2022-01-11,0.00897860890294104
2022-01-12,0.00883303948544258
2022-01-13,0.00838195352486129
2022-01-14,0.0100502769803595
2022-01-18,0.00929825602937646
2022-01-19,0.0113355993331755
2022-01-20,0.0115445705422288
2022-01-21,0.0117177355585032
2022-01-24,0.0135301451231095
2022-01-25,0.0124663801677432
2022-01-26,0.012246506111068
2022-01-27,0.0114940642695917
2022-01-28,0.0107695352563792
2022-01-31,0.0137526015962726
2022-02-01,0.0146649784635251
2022-02-02,0.0138927074624556
2022-02-03,0.013089042832709
2022-02-04,0.0146658226045467
2022-02-07,0.0134905820644231
2022-02-08,0.0124185386004025
2022-02-09,0.0116847407024276
2022-02-10,0.0122394287539868
2022-02-11,0.0129753220866417
2022-02-14,0.015585622609261
2022-02-15,0.0143405764719658
2022-02-16,0.0142048163147128
2022-02-17,0.0131519154120581
2022-02-18,0.0153722010569044
2022-02-22,0.0145277696071679
2022-02-23,0.014001383997026
2022-02-24,0.0152017125212324
2022-02-25,0.0150589076106742
2022-02-28,0.0165173558936506
2022-03-01,0.0151846962719697
2022-03-02,0.0155763567684285
2022-03-03,0.0158888237796979
2022-03-04,0.0146771701557765
2022-03-07,0.0140458779392847
2022-03-08,0.0179388051935147
2022-03-09,0.0168963464042425
2022-03-10,0.0184177561486784
2022-03-11,0.0169073406616764
2022-03-14,0.0169524506577045
2022-03-15,0.015783487192778
2022-03-16,0.0165210462910629
2022-03-17,0.0178750877935023
2022-03-18,0.0172494842700544
2022-03-21,0.01629566945522
2022-03-22,0.0149835953356973
2022-03-23,0.014220670266764
2022-03-24,0.013750383527857
2022-03-25,0.0134626010092592
2022-03-28,0.0126895807295877
2022-03-29,0.0119867595404771
2022-03-30,0.011862598061635
2022-03-31,0.0110235514121907
2022-04-01,0.0129242324016977
2022-04-04,0.0120235660518178
2022-04-05,0.0113760332079096
2022-04-06,0.0113861783345029
2022-04-07,0.0117384130396693
2022-04-08,0.0109955398828541
2022-04-11,0.0101982096475757
2022-04-12,0.0121015038255453
2022-04-13,0.0113036943254681
2022-04-14,0.0111964313202266
2022-04-18,0.0112446450385644
2022-04-19,0.0104346709909588
2022-04-20,0.0117701596776076
2022-04-21,0.0108562688999266
2022-04-22,0.0120448219813039
2022-04-25,0.0159096740006708
2022-04-26,0.0146535141848062
2022-04-27,0.017403643430186
2022-04-28,0.0159884903957071
2022-04-29,0.017908440961638
2022-05-02,0.0215695599023837
2022-05-03,0.0197856426732321
2022-05-04,0.018529790838638
2022-05-05,0.0201082089990954
2022-05-06,0.0227621333790699
2022-05-09,0.0212348453670223
2022-05-10,0.02379507644198
2022-05-11,0.0218414289716974
2022-05-12,0.0216623696278758
2022-05-13,0.0199058594869224
2022-05-16,0.0194131294288773
2022-05-17,0.0178992793778652
2022-05-18,0.0171252799313774
2022-05-19,0.0208869788344348
2022-05-20,0.0199491806047252
2022-05-23,0.0183110465669634
2022-05-24,0.0186427374608677
2022-05-25,0.0177095396602545
2022-05-26,0.0170919523490943
2022-05-27,0.0165962614778983
2022-05-31,0.0198602324754013
2022-06-01,0.0187492016442433
2022-06-02,0.017308734516196
2022-06-03,0.0168890174909657
2022-06-06,0.0163169518578193
2022-06-07,0.0149958303306344
2022-06-08,0.0143575180651834
2022-06-09,0.01371375614071
2022-06-10,0.0170841611561427
2022-06-13,0.0191956153812851
2022-06-14,0.0250197641042348
2022-06-15,0.0229562064583555
2022-06-16,0.0216022282602279
2022-06-17,0.0234465386757057
2022-06-21,0.0215291380820062
2022-06-22,0.0224422812998327
2022-06-23,0.020575429240351
2022-06-24,0.0190465904787578
2022-06-27,0.0222050535722005
2022-06-28,0.0204347872747751
2022-06-29,0.0204976449310956
2022-06-30,0.0188701984675175
2022-07-01,0.0175228193178045
2022-07-05,0.016404355052415
2022-07-06,0.0151205800393761
2022-07-07,0.0139425915699826
2022-07-08,0.0139390315135236
2022-07-11,0.0128392580840745
2022-07-12,0.0131887579431299
2022-07-13,0.0125882236481591
2022-07-14,0.0119830969015252
2022-07-15,0.0110865566812157
2022-07-18,0.0124643578780041
2022-07-19,0.0118237102681093
2022-07-20,0.0147343320429458
2022-07-21,0.0139161737838666
2022-07-22,0.0134578260947303
2022-07-25,0.0131713765037624
2022-07-26,0.0121723811195005
2022-07-27,0.0127884367643891
2022-07-28,0.0161100016439039
2022-07-29,0.0154467276098681
2022-08-01,0.0157668600348898
2022-08-02,0.0146624939050785
2022-08-03,0.0136207162578802
2022-08-04,0.0134090545842664
2022-08-05,0.0123914483591024
2022-08-08,0.0115749866349286
2022-08-09,0.0106831047703559
2022-08-10,0.0100238921313315
2022-08-11,0.011933211994426
2022-08-12,0.0110718456799471
2022-08-15,0.0115660998606153
2022-08-16,0.0109978267690595
2022-08-17,0.0101576414619163
2022-08-18,0.00990774661567793
2022-08-19,0.00924984618605054
2022-08-22,0.0105646770096948
2022-08-23,0.0127517725958907
2022-08-24,0.0120484537250347
2022-08-25,0.0113368423149593
2022-08-26,0.0114092350210754
2022-08-29,0.0166186375811546
2022-08-30,0.0159383248200198
2022-08-31,0.0152506208522715
2022-09-01,0.0143728213003901
2022-09-02,0.013220727186324
2022-09-06,0.0124981474332415
2022-09-07,0.0120998839550059
2022-09-08,0.0139361667908753
2022-09-09,0.0129701377605363
2022-09-12,0.0135961278461943
2022-09-13,0.0132195097130953
2022-09-14,0.0214512232031844
2022-09-15,0.0196742286559081
2022-09-16,0.0184725692771121
2022-09-19,0.017326799386911
2022-09-20,0.0160347138499125
2022-09-21,0.0150744438724374
2022-09-22,0.0166823752140569
2022-09-23,0.0155262703203082
2022-09-26,0.0164282220406097
2022-09-27,0.0156003995047224
2022-09-28,0.0144409847726207
2022-09-29,0.0153463777121677
2022-09-30,0.0161609410826565
2022-10-03,0.0166961318728618
2022-10-04,0.0184008022070258
2022-10-05,0.021381243114735
2022-10-06,0.0196275794908921
2022-10-07,0.0185410579695287
2022-10-10,0.0208128841055263
2022-10-11,0.0194614942314415
2022-10-12,0.0180963028821755
2022-10-13,0.0166647793812121
2022-10-14,0.0180746615068007
2022-10-17,0.0183571361332744
2022-10-18,0.0186846569144996
2022-10-19,0.0182214673553267
2022-10-20,0.0169931628660881
2022-10-21,0.0162969349875178
2022-10-24,0.0183341330424894
2022-10-25,0.0172857490578281
2022-10-26,0.0176448184119603
2022-10-27,0.0167556340077299
2022-10-28,0.0154555906874752
2022-10-31,0.0162764987336556
2022-11-01,0.0150023901553412
2022-11-02,0.014203269150087
2022-11-03,0.0163749984132259
2022-11-04,0.0158732148934536
2022-11-07,0.0153858817545379
2022-11-08,0.0150543231287921
2022-11-09,0.0138587474118217
2022-11-10,0.0146010618120238
2022-11-11,0.023449783390943
2022-11-14,0.0224910230133206
2022-11-15,0.0211078271242579
2022-11-16,0.019514036660676
2022-11-17,0.0179643822937069
2022-11-18,0.0169086664535526
2022-11-21,0.0159375508910368
2022-11-22,0.0149784959428723
2022-11-23,0.0150576170765369
2022-11-25,0.0140064281001861
2022-11-28,0.0128871077587311
2022-11-29,0.0136419465632332
2022-11-30,0.0126471155677774
2022-12-01,0.0170872108995944
2022-12-02,0.015696453899195
2022-12-05,0.014469585894488
2022-12-06,0.0152399083757838
2022-12-07,0.0153761533832369
2022-12-08,0.0142241004015114
2022-12-09,0.0135881970543679
2022-12-12,0.0130447753570915
2022-12-13,0.01334253680002
2022-12-14,0.0126084093523288
2022-12-15,0.0118273555431828
2022-12-16,0.0154226983102994
2022-12-19,0.0150726232100506
2022-12-20,0.0144580556699711
2022-12-21,0.0133085993103816
2022-12-22,0.0134118341360863
2022-12-23,0.013359609067895
2022-12-27,0.0123412888388555
2022-12-28,0.0114263521944538
2022-12-29,0.0118541360292565
2022-12-30,0.0125320771490351
2023-01-03,0.0115504471884148
2023-01-04,0.011114349332889
2023-01-05,0.0108429285309085
2023-01-06,0.0111027052622125
2023-01-09,0.0131603662316121
2023-01-10,0.012144886455838
2023-01-11,0.011354892548254
2023-01-12,0.0116873233001533
2023-01-13,0.0109403019013183
2023-01-17,0.0101255418296269
2023-01-18,0.00936601907429595
2023-01-19,0.0114186361599981
2023-01-20,0.0109579579965945
2023-01-23,0.0121308324150338
2023-01-24,0.0124734875353156
2023-01-25,0.011516732856712
2023-01-26,0.0106281570832846
2023-01-27,0.010770260755718
2023-01-30,0.0099782493388335
2023-01-31,0.0104981360174836
2023-02-01,0.0108318857403185
2023-02-02,0.0112221302457269
2023-02-03,0.0116570420926627
2023-02-06,0.0114784313489155
2023-02-07,0.0110088700491912
2023-02-08,0.011128578610426
2023-02-09,0.0108241409550448
2023-02-10,0.0112343852530621
2023-02-13,0.010466837841655
2023-02-14,0.010506412804255
2023-02-15,0.00971149051655135
2023-02-16,0.00904154704284305
2023-02-17,0.010209283641746
2023-02-21,0.00953151395385934
2023-02-22,0.0124069576245012
2023-02-23,0.0114603331294779
2023-02-24,0.0106624955805737
2023-02-27,0.0104412174976598
2023-02-28,0.00965593834579853
2023-03-01,0.00895265554055578
2023-03-02,0.00872294162151718
2023-03-03,0.00869092696843626
2023-03-06,0.0103492351882482
2023-03-07,0.00956956306017707
2023-03-08,0.0107480785615657
2023-03-09,0.00994780632096131
2023-03-10,0.0113950673686246
2023-03-13,0.0127864906768481
2023-03-14,0.0117974334261082
2023-03-15,0.012647364672801
2023-03-16,0.0119153909479057
2023-03-17,0.0128828059468526
2023-03-20,0.0127749640614528
2023-03-21,0.0123200075606892
2023-03-22,0.0122579524859178
2023-03-23,0.0126224256348954
2023-03-24,0.0116971925511192
2023-03-27,0.011562513825784
2023-03-28,0.0106750180470531
2023-03-29,0.00988009937207167
2023-03-30,0.0106076920160207
2023-03-31,0.0100866355235418
2023-04-03,0.0110176052409256
2023-04-04,0.0102245669091841
2023-04-05,0.00959237079266799
2023-04-06,0.00920394751504745
2023-04-10,0.00883361866004297
2023-04-11,0.0082115690188724
2023-04-12,0.00765170852607515
2023-04-13,0.00746175004094082
2023-04-14,0.00860834812645507
2023-04-17,0.00802316533661466
2023-04-18,0.00751317808900115
2023-04-19,0.00702019665273762
2023-04-20,0.00657615419489509
2023-04-21,0.00670124562993782
2023-04-24,0.00629066888301054
2023-04-25,0.00592074170066321
2023-04-26,0.00831827943810863
2023-04-27,0.00825980611603912
2023-04-28,0.0111807892782881
2023-05-01,0.0109464447296245
2023-05-02,0.010128785939598
2023-05-03,0.0104890695251702
2023-05-04,0.0102630057894836
2023-05-05,0.00997543912878607
2023-05-08,0.0115352740267712
2023-05-09,0.0106569104484475
2023-05-10,0.0100716292898857
2023-05-11,0.00940167412582468
2023-05-12,0.00871343251806332
2023-05-15,0.00823012903855297
2023-05-16,0.00785377678602223
2023-05-17,0.00798447277000596
2023-05-18,0.00872467341229498
2023-05-19,0.00904813331576789
2023-05-22,0.00841556037670749
2023-05-23,0.00782841010315096
2023-05-24,0.00855439413372833
2023-05-25,0.00875821228259576
2023-05-26,0.00875748921542773
2023-05-30,0.00970265397341136
2023-05-31,0.0089842129455003
2023-06-01,0.00868140959825595
2023-06-02,0.00869387469358981
2023-06-05,0.0101160255992564
2023-06-06,0.009392482776648
2023-06-07,0.00871641675136229
2023-06-08,0.00821774787280721
2023-06-09,0.0079076931201119
2023-06-12,0.00740069727581375
2023-06-13,0.00773755253391063
2023-06-14,0.00762719460251893
2023-06-15,0.00714688923899613
2023-06-16,0.00792962149167379
2023-06-20,0.0074190981555504
2023-06-21,0.00754012467373759
2023-06-22,0.00734328092212877
2023-06-23,0.00694750485128451
2023-06-26,0.0072666355737949
2023-06-27,0.00703893320475885
2023-06-28,0.00754818466013407
2023-06-29,0.00710570325956241
2023-06-30,0.0066753160182091
2023-07-03,0.00808409757755354
2023-07-05,0.00753133749373867
2023-07-06,0.00708391514995407
2023-07-07,0.00738727712479016
2023-07-10,0.00708681159648008
2023-07-11,0.00670183676461427
2023-07-12,0.00669634651331409
2023-07-13,0.00704270611800842
2023-07-14,0.007306877456029
2023-07-17,0.00683656204862305
2023-07-18,0.00650877846624224
2023-07-19,0.00671966454225656
2023-07-20,0.00638294559769472
2023-07-21,0.00673892504651217
2023-07-24,0.00632548929386682
2023-07-25,0.00614808637877977
2023-07-26,0.00589960227303575
2023-07-27,0.00557849994768907
2023-07-28,0.00596911468724315
2023-07-31,0.00655984038093238
2023-08-01,0.0062477314033321
2023-08-02,0.00605935384560229
2023-08-03,0.00829808102172491
2023-08-04,0.00786336133192882
2023-08-07,0.00767116853269212
2023-08-08,0.00796985798143127
2023-08-09,0.00770463673773204
2023-08-10,0.0076626992384232
2023-08-11,0.00718500410790558
2023-08-14,0.00672229281862313
2023-08-15,0.006452519478497
2023-08-16,0.00739248533554598
2023-08-17,0.00793959839044499
2023-08-18,0.0080671847658581
2023-08-21,0.00750953122944184
2023-08-22,0.00731633680396332
2023-08-23,0.00685915358693168
2023-08-24,0.00726831221386042
2023-08-25,0.00827248618136146
2023-08-28,0.00783117556613074
2023-08-29,0.00789518088950276
2023-08-30,0.00931485569795896
2023-08-31,0.00873112988147358
2023-09-01,0.00810687898347216
2023-09-05,0.00756510169508327
2023-09-06,0.00709885728869057
2023-09-07,0.00779447716161812
2023-09-08,0.00730927582740093
2023-09-11,0.00683051370976498
2023-09-12,0.00694392728265736
2023-09-13,0.00686196674709367
2023-09-14,0.00643342076709499
2023-09-15,0.00706282345624846
2023-09-18,0.00831179448076878
2023-09-19,0.00773818351212891
2023-09-20,0.00726714375250945
2023-09-21,0.00782882721841313
2023-09-22,0.0103668752411796
2023-09-25,0.00966190747827678
2023-09-26,0.00903545863369622
2023-09-27,0.0101000855543632
2023-09-28,0.00939741791978553
2023-09-29,0.00911614201285789
2023-10-02,0.00854200883778547
2023-10-03,0.00795922693489637
2023-10-04,0.0090978316245914
2023-10-05,0.00864214474363501
2023-10-06,0.00803784105350658
2023-10-09,0.0085368634807519
2023-10-10,0.00839539780136069
2023-10-11,0.0081020515577869
2023-10-12,0.00760939065143274
2023-10-13,0.00734154179960334
2023-10-16,0.00756992079899398
2023-10-17,0.00842040903475723
2023-10-18,0.00783430487994029
2023-10-19,0.00908700200785811
2023-10-20,0.00948091833035968
2023-10-23,0.010155358126645
2023-10-24,0.00948152824314692
2023-10-25,0.00922295379264173
2023-10-26,0.0101812399199367
2023-10-27,0.0111339537035628
2023-10-30,0.0104444399802934
2023-10-31,0.0105643160120066
2023-11-01,0.0101451280365779
2023-11-02,0.0102508284119649
2023-11-03,0.0120433087149048
2023-11-06,0.0119057104337113
2023-11-07,0.0109828230924188
2023-11-08,0.0102345155171507
2023-11-09,0.00946577880873888
2023-11-10,0.00931472942168618
2023-11-13,0.0102784877257969
2023-11-14,0.00950478667479567
2023-11-15,0.011383723185467
2023-11-16,0.010563545113102
2023-11-17,0.0097778075189925
2023-11-20,0.00906033212083647
2023-11-21,0.00924349578559041
2023-11-22,0.0087752803162172
2023-11-24,0.00842182964132082
2023-11-27,0.00785417573572997
2023-11-28,0.00732263181747269
2023-11-29,0.00685525409297586
2023-11-30,0.00642334428863876
2023-12-01,0.00613288449133927
2023-12-04,0.00623829884637849
2023-12-05,0.006225089154914
2023-12-06,0.00591445089240413
2023-12-07,0.00576315783874802
2023-12-08,0.00595072562038108
2023-12-11,0.00596217656554918
2023-12-12,0.00578073816513962
2023-12-13,0.00568830205203219
2023-12-14,0.00779529937590363
2023-12-15,0.0073505775419402
2023-12-18,0.00688935487430323
2023-12-19,0.00663943589931476
2023-12-20,0.00685502153941949
2023-12-21,0.00881522451504887
2023-12-22,0.00880677012070509
2023-12-26,0.0082376747502694
2023-12-27,0.00780004264982563
2023-12-28,0.00728207422249433
2023-12-29,0.00681230453629518
2024-01-02,0.00664334694725248
2024-01-03,0.00656127841874406
2024-01-04,0.00739556581362611
2024-01-05,0.00703030914133636
2024-01-08,0.00657986716874872
2024-01-09,0.00839023176901468
2024-01-10,0.00781237203480782
2024-01-11,0.0074942888252203
2024-01-12,0.00699603276536475
2024-01-16,0.00654919355595019
2024-01-17,0.006417979265106
2024-01-18,0.00643864992217878
2024-01-19,0.00666145203161786
2024-01-22,0.00834343339956519
2024-01-23,0.007775158897243
2024-01-24,0.00733171480412011
2024-01-25,0.00685334717316658
2024-01-26,0.00671736163288601
2024-01-29,0.00632196968224916
2024-01-30,0.00656478764489036
2024-01-31,0.00616726935735225
2024-02-01,0.00899731336660162
2024-02-02,0.00938231680650031
2024-02-05,0.00999035278624999
2024-02-06,0.00941869554166238
2024-02-07,0.00875999934560557
2024-02-08,0.00883694846514962
2024-02-09,0.00820256951037814
2024-02-12,0.00795165036650542
2024-02-13,0.00741552449916229
2024-02-14,0.00891702381782675
2024-02-15,0.00870275385628367
2024-02-16,0.00873332235097271
2024-02-20,0.00843774659303248
2024-02-21,0.00828505904278303
2024-02-22,0.00771030698079762
2024-02-23,0.0105537802273464
2024-02-26,0.00981294712490248
2024-02-27,0.00936601976214232
2024-02-28,0.00870449891058839
2024-02-29,0.00810318864601197
2024-03-01,0.00759282591133316
2024-03-04,0.00813884853208724
2024-03-05,0.00760789664673485
2024-03-06,0.00819478123404386
2024-03-07,0.00773089230586283
2024-03-08,0.00836335366272162
2024-03-11,0.00816927315321093
2024-03-12,0.00765584313195219
2024-03-13,0.00832301951137988
2024-03-14,0.0077622667548543
2024-03-15,0.00732944621284568
2024-03-18,0.00747173565808415
2024-03-19,0.0072593776853107
2024-03-20,0.00712080290524967
2024-03-21,0.00763281747952879
2024-03-22,0.00720114565843639
2024-03-25,0.0067625962386127
2024-03-26,0.006581594160454
2024-03-27,0.00621136868885349
2024-03-28,0.00647037944425921
2024-04-01,0.00608621860672109
2024-04-02,0.00586362752926498
2024-04-03,0.00618732074753071
2024-04-04,0.00583065296265318
2024-04-05,0.00759294115843129
2024-04-08,0.00803359162496657
2024-04-09,0.00748119326837907
2024-04-10,0.00700446390896684
2024-04-11,0.00810251163828561
2024-04-12,0.00817066132863982
2024-04-15,0.00973733115517654
2024-04-16,0.010365394247932
2024-04-17,0.00976841515656122
2024-04-18,0.00919842515650335
2024-04-19,0.00877073622083428
2024-04-22,0.0086884409033013
2024-04-23,0.00851429396676105
2024-04-24,0.00941593290891653
2024-04-25,0.00872487321220014
2024-04-26,0.00841171726649511
2024-04-29,0.00879146396270279
2024-04-30,0.00822176313861783
2024-05-01,0.00976806628378007
2024-05-02,0.00940111899315188
2024-05-03,0.00961964879123159
2024-05-06,0.0100881307984638
2024-05-07,0.0102296116125135
2024-05-08,0.00947709907877325
2024-05-09,0.00879380263372248
2024-05-10,0.00850792067114803
2024-05-13,0.00790909276591337
2024-05-14,0.00736728282616362
2024-05-15,0.00703346401591676
2024-05-16,0.00825637291801319
2024-05-17,0.00771801888262095
2024-05-20,0.00719741097784436
2024-05-21,0.00673826511406298
2024-05-22,0.00637635495685271
2024-05-23,0.00616914594120065
2024-05-24,0.00656173626151745
2024-05-28,0.00646744207425651
2024-05-29,0.00611353356660835
2024-05-30,0.0066606594417966
2024-05-31,0.00692685475593872
2024-06-03,0.00729128316685914
2024-06-04,0.00682285847773186
2024-06-05,0.00640093615093056
2024-06-06,0.00738650331789178
2024-06-07,0.00692012815610207
2024-06-10,0.00660906320227305
2024-06-11,0.00635358856916295
2024-06-12,0.00601449762340342
2024-06-13,0.00646710898728116
2024-06-14,0.00614940524006006
2024-06-17,0.00579721402281668
2024-06-18,0.00630506322563483
2024-06-20,0.00601336515383602
2024-06-21,0.00581982578566192
2024-06-24,0.00557085297338026
2024-06-25,0.00548142318974613
2024-06-26,0.00533378670463692
2024-06-27,0.00509765866414797
2024-06-28,0.00488235872699668
2024-07-01,0.00501046844233317
2024-07-02,0.00482450529353106
2024-07-03,0.00522549846626961
2024-07-05,0.00535074382681999
2024-07-08,0.00542684533793762
2024-07-09,0.00519637905708954
2024-07-10,0.00495327251214459
2024-07-11,0.0061131025096501
2024-07-12,0.0066622758020729
2024-07-15,0.00649700677899927
2024-07-16,0.0062521943495635
2024-07-17,0.00625894898147158
2024-07-18,0.00829764862107955
2024-07-19,0.00847241952008724
2024-07-22,0.00856343976382348
2024-07-23,0.00904546136517149
2024-07-24,0.00845969128502214
2024-07-25,0.0118608165362717
2024-07-26,0.0115543100775568
2024-07-29,0.0118065945976063
2024-07-30,0.0108894719772627
2024-07-31,0.0102887772258346
2024-08-01,0.0112752256612201
2024-08-02,0.0116908104001532
2024-08-05,0.0136165599653346
2024-08-06,0.0178029008574004
2024-08-07,0.0166503961247831
2024-08-08,0.0155599366163683
2024-08-09,0.0170116281964654
2024-08-12,0.0156956714252609
2024-08-13,0.0144532758147498
2024-08-14,0.0142015295425432
2024-08-15,0.0134158666260041
2024-08-16,0.0133375863007699
2024-08-19,0.0125061461310324
2024-08-20,0.0118481737712588
2024-08-21,0.0109328195660976
2024-08-22,0.0101831389384026
2024-08-23,0.0102118002724885
2024-08-26,0.0105580686253743
2024-08-27,0.00993195629379365
2024-08-28,0.00928020810738213
2024-08-29,0.00932918065125058
2024-08-30,0.0086772171859201
2024-09-03,0.00848693524623107
2024-09-04,0.0107797942045198
2024-09-05,0.0102756510434481
2024-09-06,0.00951612371997584
2024-09-09,0.0112964928452177
2024-09-10,0.0108996093966702
2024-09-11,0.0104994457276613
2024-09-12,0.0101186295421396
2024-09-13,0.0102472408158128
2024-09-16,0.00961475023260348
2024-09-17,0.00891840847254347
2024-09-18,0.00827799559781318
2024-09-19,0.00790966255455795
2024-09-20,0.010122150391063
2024-09-23,0.00939634378878855
2024-09-24,0.00875784619979775
2024-09-25,0.0081527107377351
2024-09-26,0.00760022205170365
2024-09-27,0.00711772779630025
2024-09-30,0.00665789154788285
2024-10-01,0.00629602136197267
2024-10-02,0.00679322107972811
2024-10-03,0.00638791888150463
2024-10-04,0.00607442986087744
2024-10-07,0.00678621004057529
2024-10-08,0.00752510616433787
2024-10-09,0.00795031970035362
2024-10-10,0.00775856779287803
2024-10-11,0.00723231227983959
2024-10-14,0.00685851212286927
2024-10-15,0.00766190222329858
2024-10-16,0.00813054762476656
2024-10-17,0.00774188135495926
2024-10-18,0.00721826132215493
2024-10-21,0.00687700844174199
2024-10-22,0.006489729852222
2024-10-23,0.00611506727949099
2024-10-24,0.00698593858604936
2024-10-25,0.00655700444417503
2024-10-28,0.00616484195918762
2024-10-29,0.00592356686273728
2024-10-30,0.0056003026773003
2024-10-31,0.00541127932638437
2024-11-01,0.0100172428376189
2024-11-04,0.00934413309260277
2024-11-05,0.00870843844356092
2024-11-06,0.0093224358676402
2024-11-07,0.0129701030925363
2024-11-08,0.0125974010339803
2024-11-11,0.0116380068646192
2024-11-12,0.0107694637095299
2024-11-13,0.0101192216270723
2024-11-14,0.00936035942327424
2024-11-15,0.00908461623152466
2024-11-18,0.0101897220671056
2024-11-19,0.0095088616676954
2024-11-20,0.00891629412470893
2024-11-21,0.00827449152554203
2024-11-22,0.00787595296323219
2024-11-25,0.00748634639371235
2024-11-26,0.00704518405642307
2024-11-27,0.00693556912568182
2024-11-29,0.00664114047435743
2024-12-02,0.00657341639124451
2024-12-03,0.00622822037008406
2024-12-04,0.00586604800041932
2024-12-05,0.00598303332977799
2024-12-06,0.00567382711345878
2024-12-09,0.00537832556561461
2024-12-10,0.00548749569011269
2024-12-11,0.00549833330016893
2024-12-12,0.00593456378066797
2024-12-13,0.00589952959368739
2024-12-16,0.00563322751926794
2024-12-17,0.00563547435887078
2024-12-18,0.00564667495773122
2024-12-19,0.0135890438953371
2024-12-20,0.0125646434140086
2024-12-23,0.012551405789327
2024-12-24,0.0118819731040678
2024-12-26,0.0115799165264808
2024-12-27,0.0107100684827066
2024-12-30,0.0111599207875846
2024-12-31,0.01130525928315
2025-01-02,0.010654166482258
2025-01-03,0.00990452272524705
2025-01-06,0.0103032041295711
2025-01-07,0.0098197690306385
2025-01-08,0.0101364371911601
2025-01-10,0.00938568843340285
2025-01-13,0.0103639550452181
2025-01-14,0.00960101330244679
2025-01-15,0.00893475567632024
2025-01-16,0.0108294254712094
2025-01-17,0.0100276067398271
2025-01-21,0.0101044269036696
2025-01-22,0.00984206221742556
2025-01-23,0.00963220094053544
2025-01-24,0.00897249604633029
2025-01-27,0.00832623594714549
2025-01-28,0.0104212007993673
2025-01-29,0.010231923359917
2025-01-30,0.00964717168400868
2025-01-31,0.00910017660941003
2025-02-03,0.00870211233160179
2025-02-04,0.00864361094698948
2025-02-05,0.00829861756172774
2025-02-06,0.00798559269314039
2025-02-07,0.00747779847078348
2025-02-10,0.00778620767367588
2025-02-11,0.00750257954119004
2025-02-12,0.00702573777864956
2025-02-13,0.00675048392168082
2025-02-14,0.00726815296733167
2025-02-18,0.00682645946360243
2025-02-19,0.00640089025010556
2025-02-20,0.00617101843994233
2025-02-21,0.00619508621761314
2025-02-24,0.00924409013631818
2025-02-25,0.00891361249709595
2025-02-26,0.00858889391494574
2025-02-27,0.00798001842066008
2025-02-28,0.0101866906523928
2025-03-03,0.0110995621339444
2025-03-04,0.0123949157915909
2025-03-05,0.0125932815703436
2025-03-06,0.0120480438174576
2025-03-07,0.012569169447362
2025-03-10,0.0115811337036364
2025-03-11,0.0142312575123551
2025-03-12,0.0141247059917881
2025-03-13,0.0131758892464624
2025-03-14,0.0130577564929341
2025-03-17,0.01356176742182
2025-03-18,0.0135102125462001
2025-03-19,0.0137856544524758
2025-03-20,0.0134911444009512
2025-03-21,0.0124732317933605
2025-03-24,0.0115016759434394
2025-03-25,0.0127986823829305
2025-03-26,0.0118456711856304
2025-03-27,0.0120368593576719
2025-03-28,0.0112426338869738
2025-03-31,0.013097007248139
2025-04-01,0.0121538962780258
2025-04-02,0.011317924523571
2025-04-03,0.01069020239873
2025-04-04,0.0227222315161367
2025-04-07,0.0329141944518353
2025-04-08,0.0302881189715111
2025-04-09,0.0281375485333995
2025-04-10,0.0455610872938486
2025-04-11,0.0437724910686322
2025-04-14,0.0401907071735362
2025-04-15,0.0370874220674947
2025-04-16,0.0339612294559905
2025-04-17,0.0337525675612758
2025-04-21,0.0312107978962895
2025-04-22,0.0319360851843784
2025-04-23,0.032198957401143
2025-04-24,0.0296928228819664
2025-04-25,0.0293412195841
2025-04-28,0.0268950398252369
2025-04-29,0.0246836956401864
2025-04-30,0.0226597263967599
2025-05-01,0.0207822656291745
2025-05-02,0.0192285017396939
2025-05-05,0.0184866588645907
2025-05-06,0.0170256296375936
2025-05-07,0.0163600326413359
2025-05-08,0.0151843871543428
2025-05-09,0.0141233374786127
2025-05-12,0.0129945784141715
2025-05-13,0.0172251297055332
2025-05-14,0.0162315833474302
2025-05-15,0.0149127629862509
2025-05-16,0.0137801635600418
2025-05-19,0.013087668203426
2025-05-20,0.012067411796633
2025-05-21,0.0111410289297366
2025-05-22,0.0130261083663777
2025-05-23,0.0119968943784909
2025-05-27,0.011510830376942
2025-05-28,0.0133031806248477
2025-05-29,0.0124016410606638
2025-05-30,0.0114777248306239
2025-06-02,0.0106142620725392
2025-06-03,0.0101136352817025
2025-06-04,0.00947719895915034
2025-06-05,0.00880507320790779
2025-06-06,0.00874610976833695
2025-06-09,0.00929462205947471
2025-06-10,0.00861522963824453
2025-06-11,0.0083310657683058
2025-06-12,0.00787491682308168
2025-06-13,0.0074700929378556
2025-06-16,0.00839645200979654
2025-06-17,0.00846872687863757
2025-06-18,0.00854466939524344
2025-06-20,0.00795205212550468
2025-06-23,0.00754429512460624
2025-06-24,0.00821490795697744
2025-06-25,0.0085152507456582
2025-06-26,0.00798525712835213
2025-06-27,0.00768378321838594
2025-06-30,0.0076982817497798
2025-07-01,0.0072759250342471
2025-07-02,0.00679964517901881
2025-07-03,0.00655180478095494
2025-07-07,0.0067925618302891
2025-07-08,0.0068798131372803
2025-07-09,0.00657315526228325
2025-07-10,0.00677863287840038
2025-07-11,0.00639474020302192
2025-07-14,0.00617833225858715
2025-07-15,0.00583270671869409
2025-07-16,0.00582085023551306
2025-07-17,0.00561120658526763
2025-07-18,0.0057376456163154
2025-07-21,0.00542993618790738
2025-07-22,0.00515847636857707
2025-07-23,0.00493210128789344
2025-07-24,0.00549268401016894
2025-07-25,0.00523081698919208
2025-07-28,0.005145398959698
2025-07-29,0.00491354133038407
2025-07-30,0.00482917301585181
2025-07-31,0.00477650934066772
2025-08-01,0.00475253403778097
2025-08-04,0.00867679504304901
2025-08-05,0.00985340894265793
2025-08-06,0.00928597764711011
2025-08-07,0.00898594870269218
2025-08-08,0.00834919213047848
2025-08-11,0.00840437028579516
2025-08-12,0.00793427236912392
2025-08-13,0.00872408389924018
2025-08-14,0.00813013272644214
2025-08-15,0.00759474940722305
2025-08-18,0.00736739612154769
2025-08-19,0.00689451630724513
2025-08-20,0.00712175682438986
2025-08-21,0.00673539740893569
2025-08-22,0.00665876795239661
2025-08-25,0.0085783907581021
2025-08-26,0.00809302139761468
2025-08-27,0.00759981868810634
2025-08-28,0.00715420047202826
2025-08-29,0.00682710658015169
2025-09-02,0.00699982265653922
2025-09-03,0.00718552446392992
2025-09-04,0.0068336064119112
2025-09-05,0.00752111232208166
2025-09-08,0.00722180083713555
2025-09-09,0.00681342765705499
2025-09-10,0.00642133997784387
2025-09-11,0.00612934266447502
2025-09-12,0.00655790363598943
2025-09-15,0.00615836421766365
2025-09-16,0.00606289623916061
2025-09-17,0.00574576207220616
2025-09-18,0.00548690579719676
2025-09-19,0.0054056380772512
2025-09-22,0.00559515970938501
2025-09-23,0.00549368562880875
2025-09-24,0.0055747497465102
2025-09-25,0.00564035682921012
2025-09-26,0.00567372314966738
2025-09-29,0.00569932652681638
2025-09-30,0.00550089116660775
2025-10-01,0.00542750434710181
2025-10-02,0.00524203004484188
2025-10-03,0.0050421154225025
2025-10-06,0.00485838560879924
2025-10-07,0.00492087669628658
2025-10-08,0.00506802912349793
2025-10-09,0.00530896893355786
2025-10-10,0.00519678620302267
2025-10-13,0.0122701573641721
2025-10-14,0.0122970211683937
2025-10-15,0.0113426097475885
2025-10-16,0.0105216052232132
2025-10-17,0.0101441742912306
2025-10-20,0.00965947886673131
2025-10-21,0.00955759972017315
2025-10-22,0.00891832358326568
2025-10-23,0.00901234893329409
2025-10-24,0.00890808979657402
2025-10-27,0.00862566250337631
2025-10-28,0.00955670940421506
2025-10-29,0.00888765856580151
2025-10-30,0.00824827540128141
2025-10-31,0.00894416734165029
2025-11-03,0.00832264432035526
2025-11-04,0.00779532197817194
2025-11-05,0.0088494242686257
2025-11-06,0.00824135444385104
2025-11-07,0.00865100881197038
2025-11-10,0.008049808934527
2025-11-11,0.00976335960651527
2025-11-12,0.00913123474704125
2025-11-13,0.00848081683009598
2025-11-14,0.0101634768079627
2025-11-17,0.00947893100752133
2025-11-18,0.00943369174800382
2025-11-19,0.00960720580630565
2025-11-20,0.0089475643890138
2025-11-21,0.0100154516487335
2025-11-24,0.0095866424289525
2025-11-25,0.011214342039953
2025-11-26,0.0108889962451005
2025-11-28,0.0104259875060262
2025-12-01,0.0099166662754361
2025-12-02,0.00947116917911331
2025-12-03,0.00881218367032032
2025-12-04,0.00821885691832593
2025-12-05,0.00767425357715555
2025-12-08,0.00715657616343492
2025-12-09,0.00675642447022036
2025-12-10,0.00641157500614884
2025-12-11,0.00656658021304387
2025-12-12,0.00623672691611457
2025-12-15,0.00749653511807949
2025-12-16,0.0070718158153536
2025-12-17,0.00675288650334895
2025-12-18,0.0077861696285266
2025-12-19,0.00757644545779844
2025-12-22,0.00817644791453796
2025-12-23,0.00790883681834009
2025-12-24,0.00758610762330752
2025-12-26,0.00720457033003606
2025-12-29,0.00674499373399649
2025-12-30,0.00648600606737216
